EPOCH_TIME_yyyy-mm-ddThh:mm:ss.sssZ,Ion_Density_n_cc,Ion_Velocity_km_s,Distance_From_Sun_AU,HGI_LAT_deg,HGI_LON_deg
2019-08-01 00:00:00+00:00,4.5249999999999995,482.29999999999995,1.01,5.7,232.20000000000002
2019-08-01 01:00:00+00:00,2.4142857142857146,523.9571428571428,1.01,5.700000000000001,232.20000000000002
2019-08-01 02:00:00+00:00,1.8716666666666664,528.15,1.01,5.7,232.20000000000002
2019-08-01 03:00:00+00:00,1.8114285714285714,528.2857142857142,1.01,5.700000000000001,232.20000000000002
2019-08-01 04:00:00+00:00,1.8383333333333336,548.0833333333334,1.01,5.7,232.20000000000002
2019-08-01 05:00:00+00:00,1.8242857142857143,540.5428571428572,1.01,5.700000000000001,232.20000000000002
2019-08-01 06:00:00+00:00,1.8716666666666668,536.7833333333333,1.01,5.7,232.20000000000002
2019-08-01 07:00:00+00:00,1.8057142857142858,531.8428571428573,1.01,5.700000000000001,232.20000000000002
2019-08-01 08:00:00+00:00,1.8657142857142857,530.8666666666666,1.0100000000000005,5.700000000000002,232.1999999999999
2019-08-01 09:00:00+00:00,1.8615384615384611,534.9692307692308,1.0100000000000007,5.700000000000001,232.19999999999987
2019-08-01 10:00:00+00:00,1.9553846153846153,521.6115384615384,1.0100000000000007,5.700000000000001,232.19999999999987
2019-08-01 11:00:00+00:00,1.915384615384616,520.5615384615384,1.0100000000000007,5.700000000000001,232.19999999999987
2019-08-01 12:00:00+00:00,2.0088461538461537,510.6807692307693,1.0100000000000007,5.700000000000001,232.19999999999987
2019-08-01 13:00:00+00:00,2.195,508.65384615384613,1.0100000000000007,5.700000000000001,232.19999999999987
2019-08-01 14:00:00+00:00,2.507307692307692,512.1423076923077,1.0100000000000007,5.700000000000001,232.19999999999987
2019-08-01 15:00:00+00:00,2.8038461538461537,511.576923076923,1.0100000000000007,5.700000000000001,232.19999999999987
2019-08-01 16:00:00+00:00,3.1746153846153855,498.7692307692307,1.0100000000000007,5.700000000000001,232.19999999999987
2019-08-01 17:00:00+00:00,2.920833333333334,491.0416666666668,1.0100000000000005,5.700000000000002,232.1999999999999
2019-08-01 18:00:00+00:00,0.306875,271.94375,1.01,5.700000000000002,232.19999999999993
2019-08-01 19:00:00+00:00,2.652857142857143,490.90000000000003,1.01,5.700000000000001,232.20000000000002
2019-08-01 20:00:00+00:00,2.6300000000000003,489.7833333333333,1.01,5.7,232.20000000000002
2019-08-01 21:00:00+00:00,2.552857142857143,487.4428571428571,1.01,5.700000000000001,232.20000000000002
2019-08-01 22:00:00+00:00,2.57,490.8166666666666,1.01,5.7,232.20000000000002
2019-08-01 23:00:00+00:00,2.3214285714285716,486.02857142857147,1.01,5.700000000000001,232.20000000000002
2019-08-02 00:00:00+00:00,2.1766666666666663,482.90000000000003,1.01,5.8,233.20000000000002
2019-08-02 01:00:00+00:00,1.9357142857142857,480.84285714285716,1.01,5.799999999999999,233.20000000000002
2019-08-02 02:00:00+00:00,1.755,479.93333333333334,1.01,5.8,233.20000000000002
2019-08-02 03:00:00+00:00,1.6585714285714286,465.64285714285705,1.01,5.799999999999999,233.20000000000002
2019-08-02 04:00:00+00:00,1.6449999999999998,466.88333333333327,1.01,5.8,233.20000000000002
2019-08-02 05:00:00+00:00,1.6871428571428573,468.68571428571425,1.01,5.799999999999999,233.20000000000002
2019-08-02 06:00:00+00:00,1.7128571428571426,463.84285714285716,1.01,5.799999999999999,233.20000000000002
2019-08-02 07:00:00+00:00,1.7083333333333333,459.48333333333335,1.01,5.8,233.20000000000002
2019-08-02 08:00:00+00:00,1.9414285714285715,449.90000000000003,1.01,5.799999999999999,233.20000000000002
2019-08-02 09:00:00+00:00,1.9066666666666665,449.56666666666666,1.01,5.8,233.20000000000002
2019-08-02 10:00:00+00:00,1.4157142857142857,452.64285714285705,1.01,5.799999999999999,233.20000000000002
2019-08-02 11:00:00+00:00,1.7149999999999999,438.8928571428572,1.01,5.799999999999998,233.19999999999996
2019-08-02 12:00:00+00:00,1.86,433.2800000000001,1.0100000000000007,5.799999999999999,233.1999999999999
2019-08-02 13:00:00+00:00,2.055,425.6884615384615,1.0100000000000007,5.799999999999999,233.19999999999987
2019-08-02 14:00:00+00:00,2.980384615384615,417.7538461538461,1.0100000000000007,5.799999999999999,233.19999999999987
2019-08-02 15:00:00+00:00,3.12076923076923,413.55769230769226,1.0100000000000007,5.799999999999999,233.19999999999987
2019-08-02 16:00:00+00:00,3.492307692307693,409.86153846153843,1.0100000000000007,5.799999999999999,233.19999999999987
2019-08-02 17:00:00+00:00,3.7369230769230772,404.7153846153846,1.0100000000000007,5.799999999999999,233.19999999999987
2019-08-02 18:00:00+00:00,3.5004347826086954,388.7043478260869,1.0100000000000005,5.799999999999998,233.1999999999999
2019-08-02 19:00:00+00:00,1.3637499999999998,322.84999999999997,1.0100000000000005,5.799999999999998,233.1999999999999
2019-08-02 20:00:00+00:00,4.114615384615386,397.0230769230769,1.0100000000000007,5.799999999999999,233.19999999999987
2019-08-02 21:00:00+00:00,4.392631578947369,396.3894736842106,1.0100000000000002,5.799999999999998,233.1999999999999
2019-08-02 22:00:00+00:00,4.421428571428571,388.6142857142857,1.01,5.799999999999999,233.20000000000002
2019-08-02 23:00:00+00:00,4.191666666666667,385.45,1.01,5.8,233.20000000000002
2019-08-03 00:00:00+00:00,3.847142857142857,383.9142857142857,1.01,5.8999999999999995,234.09999999999997
2019-08-03 01:00:00+00:00,3.2083333333333335,384.2833333333333,1.01,5.8999999999999995,234.1
2019-08-03 02:00:00+00:00,3.1142857142857143,382.2142857142857,1.01,5.8999999999999995,234.09999999999997
2019-08-03 03:00:00+00:00,3.0766666666666667,377.1166666666666,1.01,5.8999999999999995,234.1
2019-08-03 04:00:00+00:00,3.0085714285714285,379.2,1.01,5.8999999999999995,234.09999999999997
2019-08-03 05:00:00+00:00,2.856666666666667,378.56666666666666,1.01,5.8999999999999995,234.1
2019-08-03 06:00:00+00:00,2.814285714285714,376.85714285714295,1.01,5.8999999999999995,234.09999999999997
2019-08-03 07:00:00+00:00,2.8285714285714287,374.75714285714287,1.01,5.8999999999999995,234.09999999999997
2019-08-03 08:00:00+00:00,2.8033333333333332,372.4166666666667,1.01,5.8999999999999995,234.1
2019-08-03 09:00:00+00:00,2.985714285714286,372.7857142857143,1.01,5.8999999999999995,234.09999999999997
2019-08-03 10:00:00+00:00,3.213333333333333,366.90000000000003,1.01,5.8999999999999995,234.1
2019-08-03 11:00:00+00:00,3.2542857142857144,361.05714285714294,1.01,5.8999999999999995,234.09999999999997
2019-08-03 12:00:00+00:00,3.22,357.8,1.01,5.8999999999999995,234.1
2019-08-03 13:00:00+00:00,3.1714285714285717,357.8142857142857,1.01,5.8999999999999995,234.09999999999997
2019-08-03 14:00:00+00:00,3.1400000000000006,358.8142857142857,1.01,5.9,234.09999999999994
2019-08-03 15:00:00+00:00,3.5657692307692312,357.2576923076923,1.0100000000000007,5.900000000000002,234.10000000000008
2019-08-03 16:00:00+00:00,3.663846153846154,356.88846153846146,1.0100000000000007,5.900000000000002,234.10000000000008
2019-08-03 17:00:00+00:00,3.5888461538461534,352.90384615384613,1.0100000000000007,5.900000000000002,234.10000000000008
2019-08-03 18:00:00+00:00,3.641923076923077,351.33076923076925,1.0100000000000007,5.900000000000002,234.10000000000008
2019-08-03 19:00:00+00:00,3.8057692307692297,343.8153846153846,1.0100000000000007,5.900000000000002,234.10000000000008
2019-08-03 20:00:00+00:00,0.9954166666666665,297.53749999999997,1.0100000000000005,5.900000000000002,234.10000000000005
2019-08-03 21:00:00+00:00,4.708518518518518,340.74074074074076,1.0100000000000007,5.900000000000002,234.1000000000001
2019-08-03 22:00:00+00:00,4.76,337.073076923077,1.0100000000000007,5.900000000000002,234.10000000000008
2019-08-03 23:00:00+00:00,4.684615384615385,335.2269230769231,1.0100000000000007,5.900000000000002,234.10000000000008
2019-08-04 00:00:00+00:00,4.942608695652174,337.2826086956522,1.0100000000000005,6.0,235.0
2019-08-04 01:00:00+00:00,5.557142857142857,337.7857142857143,1.01,6.0,235.0
2019-08-04 02:00:00+00:00,6.313333333333333,339.53333333333336,1.01,6.0,235.0
2019-08-04 03:00:00+00:00,6.001428571428571,340.88571428571424,1.01,6.0,235.0
2019-08-04 04:00:00+00:00,5.863333333333333,336.8,1.01,6.0,235.0
2019-08-04 05:00:00+00:00,5.0928571428571425,332.59999999999997,1.01,6.0,235.0
2019-08-04 06:00:00+00:00,5.611666666666667,335.0333333333333,1.01,6.0,235.0
2019-08-04 07:00:00+00:00,10.747142857142856,355.07142857142856,1.01,6.0,235.0
2019-08-04 08:00:00+00:00,8.966666666666667,362.84999999999997,1.01,6.0,235.0
2019-08-04 09:00:00+00:00,7.771428571428572,353.2999999999999,1.01,6.0,235.0
2019-08-04 10:00:00+00:00,6.44,343.6666666666667,1.01,6.0,235.0
2019-08-04 11:00:00+00:00,5.785714285714286,335.8285714285715,1.01,6.0,235.0
2019-08-04 12:00:00+00:00,5.406666666666666,335.6333333333334,1.01,6.0,235.0
2019-08-04 13:00:00+00:00,5.962857142857142,342.3,1.01,6.0,235.0
2019-08-04 14:00:00+00:00,6.521666666666666,340.2833333333333,1.01,6.0,235.0
2019-08-04 15:00:00+00:00,6.859999999999999,332.9714285714286,1.01,6.0,235.0
2019-08-04 16:00:00+00:00,7.471666666666667,333.05,1.01,6.0,235.0
2019-08-04 17:00:00+00:00,7.266666666666665,327.0666666666666,1.01,6.0,235.0
2019-08-04 18:00:00+00:00,7.055909090909093,323.7181818181818,1.0100000000000005,6.0,235.0
2019-08-04 19:00:00+00:00,6.206666666666667,319.1333333333334,1.01,6.0,235.0
2019-08-04 20:00:00+00:00,6.3340000000000005,317.62,1.01,6.0,235.0
2019-08-04 21:00:00+00:00,0.7923809523809522,223.04761904761904,1.0100000000000005,6.0,235.0
2019-08-04 22:00:00+00:00,,,,,
2019-08-04 23:00:00+00:00,,,,,
2019-08-05 00:00:00+00:00,,,,,
2019-08-05 01:00:00+00:00,12.25,318.0625,1.01,6.0,236.0
2019-08-05 02:00:00+00:00,18.231923076923078,353.9961538461539,1.0100000000000007,6.0,236.0
2019-08-05 03:00:00+00:00,18.794210526315787,381.9684210526316,1.0100000000000002,6.0,236.0
2019-08-05 04:00:00+00:00,14.020000000000001,450.87142857142857,1.01,6.0,236.0
2019-08-05 05:00:00+00:00,13.261666666666665,445.65000000000003,1.01,6.0,236.0
2019-08-05 06:00:00+00:00,17.425714285714285,469.49999999999994,1.01,6.0,236.0
2019-08-05 07:00:00+00:00,17.231666666666666,466.4166666666667,1.01,6.0,236.0
2019-08-05 08:00:00+00:00,17.77,503.8285714285715,1.01,6.0,236.0
2019-08-05 09:00:00+00:00,9.396666666666667,522.8333333333334,1.01,6.0,236.0
2019-08-05 10:00:00+00:00,10.274285714285714,571.0285714285714,1.01,6.0,236.0
2019-08-05 11:00:00+00:00,6.756666666666667,631.1999999999999,1.01,6.0,236.0
2019-08-05 12:00:00+00:00,6.0685714285714285,634.6428571428571,1.01,6.0,236.0
2019-08-05 13:00:00+00:00,5.445714285714286,650.5285714285714,1.01,6.0,236.0
2019-08-05 14:00:00+00:00,4.528333333333333,649.1,1.01,6.0,236.0
2019-08-05 15:00:00+00:00,4.118571428571428,653.3714285714285,1.01,6.0,236.0
2019-08-05 16:00:00+00:00,4.3116666666666665,661.8666666666667,1.01,6.0,236.0
2019-08-05 17:00:00+00:00,4.021428571428571,651.0142857142856,1.01,6.0,236.0
2019-08-05 18:00:00+00:00,2.891666666666667,666.1,1.01,6.0,236.0
2019-08-05 19:00:00+00:00,1.9557142857142857,669.4428571428571,1.01,6.0,236.0
2019-08-05 20:00:00+00:00,1.855,680.1400000000001,1.0100000000000002,6.0,236.0
2019-08-05 21:00:00+00:00,1.8915384615384616,692.0615384615386,1.0100000000000007,6.0,236.0
2019-08-05 22:00:00+00:00,0.4256521739130433,453.41739130434786,1.0100000000000005,6.0,236.0
2019-08-05 23:00:00+00:00,1.556086956521739,691.2304347826085,1.0100000000000005,6.0,236.0
2019-08-06 00:00:00+00:00,,,,,
2019-08-06 01:00:00+00:00,,,,,
2019-08-06 02:00:00+00:00,1.576,696.8533333333332,1.01,6.099999999999999,236.90000000000006
2019-08-06 03:00:00+00:00,1.5042307692307693,706.4230769230769,1.0100000000000007,6.099999999999998,236.89999999999992
2019-08-06 04:00:00+00:00,1.5315384615384615,696.8961538461538,1.0100000000000007,6.099999999999998,236.89999999999992
2019-08-06 05:00:00+00:00,1.4525925925925922,694.6148148148147,1.0100000000000007,6.099999999999998,236.8999999999999
2019-08-06 06:00:00+00:00,1.3512499999999998,694.24375,1.01,6.099999999999999,236.90000000000006
2019-08-06 07:00:00+00:00,1.3728571428571428,652.4142857142858,1.01,6.1000000000000005,236.90000000000003
2019-08-06 08:00:00+00:00,1.5466666666666666,645.6166666666667,1.01,6.1000000000000005,236.9
2019-08-06 09:00:00+00:00,1.6714285714285713,666.5285714285716,1.01,6.1000000000000005,236.90000000000003
2019-08-06 10:00:00+00:00,1.5616666666666668,650.7666666666667,1.01,6.1000000000000005,236.9
2019-08-06 11:00:00+00:00,1.6542857142857144,645.3714285714286,1.01,6.1000000000000005,236.90000000000003
2019-08-06 12:00:00+00:00,1.7699999999999998,637.0500000000001,1.01,6.1000000000000005,236.9
2019-08-06 13:00:00+00:00,1.74,642.0857142857143,1.01,6.1000000000000005,236.90000000000003
2019-08-06 14:00:00+00:00,1.7699999999999998,619.2833333333333,1.01,6.1000000000000005,236.9
2019-08-06 15:00:00+00:00,1.634285714285714,609.0428571428572,1.01,6.1000000000000005,236.90000000000003
2019-08-06 16:00:00+00:00,1.7400000000000002,614.8166666666667,1.01,6.1000000000000005,236.9
2019-08-06 17:00:00+00:00,1.912857142857143,600.0,1.01,6.1000000000000005,236.90000000000003
2019-08-06 18:00:00+00:00,2.1914285714285717,586.7571428571429,1.01,6.1000000000000005,236.90000000000003
2019-08-06 19:00:00+00:00,2.0933333333333333,586.0,1.01,6.1000000000000005,236.9
2019-08-06 20:00:00+00:00,1.957142857142857,597.4142857142857,1.01,6.1000000000000005,236.90000000000003
2019-08-06 21:00:00+00:00,1.7750000000000001,633.4,1.01,6.1000000000000005,236.9
2019-08-06 22:00:00+00:00,1.812857142857143,611.7285714285715,1.01,6.1000000000000005,236.90000000000003
2019-08-06 23:00:00+00:00,0.9005263157894741,402.9526315789473,1.0100000000000002,6.099999999999998,236.9
2019-08-07 00:00:00+00:00,1.3647826086956523,528.8260869565217,1.0100000000000005,6.200000000000001,237.89999999999995
2019-08-07 01:00:00+00:00,1.9561538461538464,586.5807692307692,1.0100000000000007,6.199999999999999,237.89999999999992
2019-08-07 02:00:00+00:00,1.909615384615385,576.9692307692308,1.0100000000000007,6.199999999999999,237.89999999999992
2019-08-07 03:00:00+00:00,1.8453846153846152,565.8,1.0100000000000007,6.199999999999999,237.89999999999992
2019-08-07 04:00:00+00:00,1.8538461538461537,560.0538461538462,1.0100000000000007,6.199999999999999,237.89999999999992
2019-08-07 05:00:00+00:00,1.8799999999999997,556.1555555555556,1.0100000000000007,6.199999999999999,237.8999999999999
2019-08-07 06:00:00+00:00,1.7249999999999999,544.8846153846154,1.0100000000000007,6.199999999999999,237.89999999999992
2019-08-07 07:00:00+00:00,1.5473076923076923,535.9769230769231,1.0100000000000007,6.199999999999999,237.89999999999992
2019-08-07 08:00:00+00:00,1.8288461538461538,525.3153846153847,1.0100000000000007,6.199999999999999,237.89999999999992
2019-08-07 09:00:00+00:00,1.8940000000000001,518.78,1.01,6.200000000000001,237.90000000000003
2019-08-07 10:00:00+00:00,1.9533333333333334,509.8500000000001,1.01,6.2,237.9
2019-08-07 11:00:00+00:00,2.0,499.7857142857143,1.01,6.200000000000001,237.90000000000003
2019-08-07 12:00:00+00:00,2.183333333333333,495.8166666666666,1.01,6.2,237.9
2019-08-07 13:00:00+00:00,2.18,487.2428571428572,1.01,6.200000000000001,237.90000000000003
2019-08-07 14:00:00+00:00,2.131666666666667,477.55,1.01,6.2,237.9
2019-08-07 15:00:00+00:00,2.0142857142857142,473.0714285714285,1.01,6.200000000000001,237.90000000000003
2019-08-07 16:00:00+00:00,2.1033333333333335,468.98333333333335,1.01,6.2,237.9
2019-08-07 17:00:00+00:00,2.287142857142857,461.91428571428577,1.01,6.200000000000001,237.90000000000003
2019-08-07 18:00:00+00:00,2.1599999999999997,486.9333333333334,1.01,6.2,237.9
2019-08-07 19:00:00+00:00,2.3200000000000003,470.9714285714286,1.01,6.200000000000001,237.90000000000003
2019-08-07 20:00:00+00:00,2.28,482.48333333333335,1.01,6.2,237.9
2019-08-07 21:00:00+00:00,2.224285714285714,465.9857142857143,1.01,6.200000000000001,237.90000000000003
2019-08-07 22:00:00+00:00,2.315,466.01666666666665,1.01,6.2,237.9
2019-08-07 23:00:00+00:00,2.462857142857143,460.35714285714283,1.01,6.200000000000001,237.90000000000003
2019-08-08 00:00:00+00:00,1.3679999999999999,346.71999999999997,1.01,6.2,238.8
2019-08-08 01:00:00+00:00,1.8225,373.72499999999997,1.01,6.200000000000001,238.79999999999998
2019-08-08 02:00:00+00:00,2.887307692307693,450.45000000000016,1.0100000000000007,6.199999999999999,238.80000000000013
2019-08-08 03:00:00+00:00,3.234999999999999,444.03076923076935,1.0100000000000007,6.199999999999999,238.80000000000013
2019-08-08 04:00:00+00:00,3.0630769230769235,448.24615384615385,1.0100000000000007,6.199999999999999,238.80000000000013
2019-08-08 05:00:00+00:00,2.7262962962962964,450.5814814814814,1.0100000000000007,6.199999999999999,238.80000000000013
2019-08-08 06:00:00+00:00,2.426923076923077,428.3384615384615,1.0100000000000007,6.199999999999999,238.80000000000013
2019-08-08 07:00:00+00:00,2.3553846153846156,422.5884615384617,1.0100000000000007,6.199999999999999,238.80000000000013
2019-08-08 08:00:00+00:00,2.394615384615385,434.6076923076923,1.0100000000000007,6.199999999999999,238.80000000000013
2019-08-08 09:00:00+00:00,2.2869230769230766,434.3653846153847,1.0100000000000007,6.199999999999999,238.80000000000013
2019-08-08 10:00:00+00:00,2.1969230769230768,428.9846153846154,1.0100000000000007,6.199999999999999,238.80000000000013
2019-08-08 11:00:00+00:00,2.401153846153846,461.2846153846152,1.0100000000000007,6.199999999999999,238.80000000000013
2019-08-08 12:00:00+00:00,2.0414285714285714,498.4857142857143,1.01,6.200000000000001,238.79999999999998
2019-08-08 13:00:00+00:00,2.183333333333333,536.35,1.01,6.2,238.79999999999998
2019-08-08 14:00:00+00:00,2.0157142857142856,539.7285714285715,1.01,6.200000000000001,238.79999999999998
2019-08-08 15:00:00+00:00,2.013333333333333,536.3,1.01,6.2,238.79999999999998
2019-08-08 16:00:00+00:00,1.8485714285714285,534.6,1.01,6.200000000000001,238.79999999999998
2019-08-08 17:00:00+00:00,1.7516666666666667,537.1999999999999,1.01,6.2,238.79999999999998
2019-08-08 18:00:00+00:00,1.7028571428571428,519.6571428571427,1.01,6.200000000000001,238.79999999999998
2019-08-08 19:00:00+00:00,1.63,527.6166666666667,1.01,6.2,238.79999999999998
2019-08-08 20:00:00+00:00,1.317142857142857,530.6428571428571,1.01,6.200000000000001,238.79999999999998
2019-08-08 21:00:00+00:00,1.623333333333333,521.4833333333333,1.01,6.2,238.79999999999998
2019-08-08 22:00:00+00:00,1.6114285714285717,518.1714285714285,1.01,6.200000000000001,238.79999999999998
2019-08-08 23:00:00+00:00,1.5466666666666666,517.65,1.01,6.2,238.79999999999998
2019-08-09 00:00:00+00:00,1.5157142857142856,519.4857142857143,1.01,6.299999999999999,239.79999999999998
2019-08-09 01:00:00+00:00,0.8666666666666666,440.86666666666673,1.01,6.3,239.79999999999998
2019-08-09 02:00:00+00:00,1.2033333333333334,347.34999999999997,1.01,6.3,239.79999999999998
2019-08-09 03:00:00+00:00,2.145,499.87499999999994,1.01,6.3,239.8
2019-08-09 04:00:00+00:00,2.1966666666666668,496.2555555555556,1.01,6.299999999999999,239.79999999999998
2019-08-09 05:00:00+00:00,2.5207692307692304,498.5307692307691,1.0100000000000007,6.300000000000001,239.80000000000013
2019-08-09 06:00:00+00:00,2.6903846153846156,499.11153846153854,1.0100000000000007,6.300000000000001,239.80000000000013
2019-08-09 07:00:00+00:00,2.2157692307692307,488.6423076923077,1.0100000000000007,6.300000000000001,239.80000000000013
2019-08-09 08:00:00+00:00,2.4196153846153843,483.2076923076924,1.0100000000000007,6.300000000000001,239.80000000000013
2019-08-09 09:00:00+00:00,2.2840000000000007,482.704,1.0100000000000007,6.3,239.8000000000001
2019-08-09 10:00:00+00:00,2.3669230769230767,488.53846153846155,1.0100000000000007,6.300000000000001,239.80000000000013
2019-08-09 11:00:00+00:00,2.364615384615384,468.36153846153854,1.0100000000000007,6.300000000000001,239.80000000000013
2019-08-09 12:00:00+00:00,2.4380769230769226,468.4115384615385,1.0100000000000007,6.300000000000001,239.80000000000013
2019-08-09 13:00:00+00:00,2.1833333333333336,474.79629629629625,1.0100000000000007,6.300000000000001,239.80000000000013
2019-08-09 14:00:00+00:00,2.3049999999999997,483.3307692307692,1.0100000000000007,6.300000000000001,239.80000000000013
2019-08-09 15:00:00+00:00,2.352857142857143,480.9285714285715,1.01,6.299999999999999,239.79999999999998
2019-08-09 16:00:00+00:00,2.841666666666667,501.59999999999997,1.01,6.3,239.79999999999998
2019-08-09 17:00:00+00:00,3.1271428571428572,525.9999999999999,1.01,6.299999999999999,239.79999999999998
2019-08-09 18:00:00+00:00,2.86,541.2833333333333,1.01,6.3,239.79999999999998
2019-08-09 19:00:00+00:00,2.855714285714286,539.9857142857143,1.01,6.299999999999999,239.79999999999998
2019-08-09 20:00:00+00:00,2.8683333333333336,557.5500000000001,1.01,6.3,239.79999999999998
2019-08-09 21:00:00+00:00,3.154285714285714,598.842857142857,1.01,6.299999999999999,239.79999999999998
2019-08-09 22:00:00+00:00,2.6633333333333336,611.3000000000001,1.01,6.3,239.79999999999998
2019-08-09 23:00:00+00:00,3.0157142857142856,613.9857142857143,1.01,6.299999999999999,239.79999999999998
2019-08-10 00:00:00+00:00,2.4316666666666666,619.8666666666667,1.01,6.3,240.79999999999998
2019-08-10 01:00:00+00:00,1.8585714285714285,625.8000000000001,1.01,6.299999999999999,240.79999999999998
2019-08-10 02:00:00+00:00,1.09,489.3,1.01,6.3,240.8
2019-08-10 03:00:00+00:00,1.0283333333333335,418.3833333333334,1.01,6.3,240.79999999999998
2019-08-10 04:00:00+00:00,1.425,589.0333333333333,1.01,6.3,240.79999999999998
2019-08-10 05:00:00+00:00,1.4328571428571428,574.8142857142857,1.01,6.299999999999999,240.79999999999998
2019-08-10 06:00:00+00:00,1.3016666666666667,562.1999999999999,1.01,6.3,240.79999999999998
2019-08-10 07:00:00+00:00,1.2385714285714287,537.4142857142858,1.01,6.299999999999999,240.79999999999998
2019-08-10 08:00:00+00:00,1.4800000000000002,417.86249999999995,1.01,6.299999999999999,240.79999999999998
2019-08-10 09:00:00+00:00,1.3165384615384614,519.8153846153846,1.0100000000000007,6.300000000000001,240.80000000000013
2019-08-10 10:00:00+00:00,1.3273076923076919,504.7538461538461,1.0100000000000007,6.300000000000001,240.80000000000013
2019-08-10 11:00:00+00:00,1.4815384615384617,511.4192307692308,1.0100000000000007,6.300000000000001,240.80000000000013
2019-08-10 12:00:00+00:00,1.2512499999999995,504.9916666666666,1.0100000000000005,6.3,240.8000000000001
2019-08-10 13:00:00+00:00,1.4676923076923076,480.0730769230769,1.0100000000000007,6.300000000000001,240.80000000000013
2019-08-10 14:00:00+00:00,1.7707692307692304,463.11538461538464,1.0100000000000007,6.300000000000001,240.80000000000013
2019-08-10 15:00:00+00:00,2.1792307692307693,460.5115384615385,1.0100000000000007,6.300000000000001,240.80000000000013
2019-08-10 16:00:00+00:00,2.2011538461538462,448.14230769230767,1.0100000000000007,6.300000000000001,240.80000000000013
2019-08-10 17:00:00+00:00,3.8600000000000003,431.9,1.01,6.3,240.8
2019-08-10 18:00:00+00:00,2.865,455.7333333333333,1.01,6.3,240.79999999999998
2019-08-10 19:00:00+00:00,2.642857142857143,468.77142857142854,1.01,6.299999999999999,240.79999999999998
2019-08-10 20:00:00+00:00,2.3983333333333334,465.86666666666673,1.01,6.3,240.79999999999998
2019-08-10 21:00:00+00:00,2.3749999999999996,462.1666666666667,1.01,6.3,240.79999999999998
2019-08-10 22:00:00+00:00,4.828333333333333,432.01666666666665,1.01,6.3,240.79999999999998
2019-08-10 23:00:00+00:00,4.352857142857143,433.0,1.01,6.299999999999999,240.79999999999998
2019-08-11 00:00:00+00:00,3.4283333333333332,412.45,1.0199999999999998,6.3999999999999995,241.70000000000002
2019-08-11 01:00:00+00:00,2.7899999999999996,407.57142857142856,1.0199999999999998,6.3999999999999995,241.70000000000002
2019-08-11 02:00:00+00:00,3.7383333333333333,392.8333333333333,1.0199999999999998,6.3999999999999995,241.70000000000002
2019-08-11 03:00:00+00:00,2.7933333333333334,382.1666666666667,1.0199999999999998,6.3999999999999995,241.70000000000002
2019-08-11 04:00:00+00:00,3.55,345.8,1.02,6.4,241.7
2019-08-11 05:00:00+00:00,5.670000000000001,390.57142857142856,1.0199999999999998,6.3999999999999995,241.70000000000002
2019-08-11 06:00:00+00:00,5.892857142857143,386.0,1.0199999999999998,6.3999999999999995,241.70000000000002
2019-08-11 07:00:00+00:00,6.103333333333334,375.8,1.0199999999999998,6.3999999999999995,241.70000000000002
2019-08-11 08:00:00+00:00,7.327142857142857,392.6857142857143,1.0199999999999998,6.3999999999999995,241.70000000000002
2019-08-11 09:00:00+00:00,6.413333333333333,397.61666666666673,1.0199999999999998,6.3999999999999995,241.70000000000002
2019-08-11 10:00:00+00:00,9.011666666666665,417.8333333333333,1.0199999999999998,6.3999999999999995,241.70000000000002
2019-08-11 11:00:00+00:00,9.466,405.32,1.02,6.4,241.7
2019-08-11 12:00:00+00:00,12.230800000000002,395.9719999999999,1.0199999999999998,6.400000000000002,241.6999999999999
2019-08-11 13:00:00+00:00,10.060384615384613,395.0192307692306,1.0199999999999998,6.400000000000002,241.69999999999987
2019-08-11 14:00:00+00:00,8.405384615384618,406.95000000000005,1.0199999999999998,6.400000000000002,241.69999999999987
2019-08-11 15:00:00+00:00,7.604230769230769,415.63846153846146,1.0199999999999998,6.400000000000002,241.69999999999987
2019-08-11 16:00:00+00:00,6.1184615384615375,398.1153846153847,1.0199999999999998,6.400000000000002,241.69999999999987
2019-08-11 17:00:00+00:00,7.481538461538462,400.11153846153854,1.0199999999999998,6.400000000000002,241.69999999999987
2019-08-11 18:00:00+00:00,5.261153846153847,388.5884615384615,1.0199999999999998,6.400000000000002,241.69999999999987
2019-08-11 19:00:00+00:00,4.7103846153846165,374.15769230769223,1.0199999999999998,6.400000000000002,241.69999999999987
2019-08-11 20:00:00+00:00,4.341111111111112,365.93333333333334,1.0199999999999998,6.3999999999999995,241.70000000000002
2019-08-11 21:00:00+00:00,9.318333333333333,376.3166666666666,1.0199999999999998,6.3999999999999995,241.70000000000002
2019-08-11 22:00:00+00:00,7.718571428571429,357.74285714285713,1.0199999999999998,6.3999999999999995,241.70000000000002
2019-08-11 23:00:00+00:00,6.170000000000001,356.6499999999999,1.0199999999999998,6.3999999999999995,241.70000000000002
2019-08-12 00:00:00+00:00,6.698571428571428,353.5142857142857,1.0199999999999998,6.3999999999999995,242.70000000000002
2019-08-12 01:00:00+00:00,6.495,335.34999999999997,1.0199999999999998,6.3999999999999995,242.70000000000002
2019-08-12 02:00:00+00:00,8.724285714285715,343.07142857142856,1.0199999999999998,6.3999999999999995,242.70000000000002
2019-08-12 03:00:00+00:00,12.084999999999999,337.81666666666666,1.0199999999999998,6.3999999999999995,242.70000000000002
2019-08-12 04:00:00+00:00,7.064285714285715,274.97142857142853,1.0199999999999998,6.3999999999999995,242.70000000000002
2019-08-12 05:00:00+00:00,11.403333333333334,331.98333333333335,1.0199999999999998,6.3999999999999995,242.70000000000002
2019-08-12 06:00:00+00:00,15.500000000000002,332.09999999999997,1.0199999999999998,6.3999999999999995,242.70000000000002
2019-08-12 07:00:00+00:00,12.25,329.9166666666667,1.0199999999999998,6.3999999999999995,242.70000000000002
2019-08-12 08:00:00+00:00,13.388571428571428,335.88571428571424,1.0199999999999998,6.3999999999999995,242.70000000000002
2019-08-12 09:00:00+00:00,8.008333333333333,340.40000000000003,1.0199999999999998,6.3999999999999995,242.70000000000002
2019-08-12 10:00:00+00:00,6.797142857142858,372.7857142857143,1.0199999999999998,6.3999999999999995,242.70000000000002
2019-08-12 11:00:00+00:00,6.484999999999999,379.65000000000003,1.0199999999999998,6.3999999999999995,242.70000000000002
2019-08-12 12:00:00+00:00,5.214285714285714,389.91428571428565,1.0199999999999998,6.3999999999999995,242.70000000000002
2019-08-12 13:00:00+00:00,3.182,359.5400000000001,1.02,6.4,242.7
2019-08-12 14:00:00+00:00,3.934285714285715,392.9142857142857,1.0199999999999998,6.3999999999999995,242.70000000000002
2019-08-12 15:00:00+00:00,3.825714285714286,385.5,1.0199999999999998,6.3999999999999995,242.70000000000002
2019-08-12 16:00:00+00:00,3.3200000000000003,397.36666666666673,1.0199999999999998,6.3999999999999995,242.70000000000002
2019-08-12 17:00:00+00:00,3.1914285714285713,394.15714285714284,1.0199999999999998,6.3999999999999995,242.70000000000002
2019-08-12 18:00:00+00:00,2.9600000000000004,387.3333333333333,1.0199999999999998,6.3999999999999995,242.70000000000002
2019-08-12 19:00:00+00:00,2.3557142857142854,378.9857142857143,1.0199999999999998,6.3999999999999995,242.70000000000002
2019-08-12 20:00:00+00:00,3.913333333333334,396.8666666666666,1.0199999999999998,6.3999999999999995,242.70000000000002
2019-08-12 21:00:00+00:00,3.834285714285715,384.4857142857143,1.0199999999999998,6.3999999999999995,242.70000000000002
2019-08-12 22:00:00+00:00,4.49,373.58333333333326,1.0199999999999998,6.3999999999999995,242.70000000000002
2019-08-12 23:00:00+00:00,5.03,384.90000000000003,1.0199999999999998,6.3999999999999995,242.70000000000002
2019-08-13 00:00:00+00:00,5.1499999999999995,382.8666666666666,1.0199999999999998,6.5,243.70000000000002
2019-08-13 01:00:00+00:00,3.858571428571428,331.0714285714286,1.0199999999999998,6.5,243.70000000000002
2019-08-13 02:00:00+00:00,0.8942857142857144,171.9857142857143,1.0199999999999998,6.5,243.70000000000002
2019-08-13 03:00:00+00:00,1.9803846153846154,290.5576923076923,1.0199999999999998,6.5,243.69999999999987
2019-08-13 04:00:00+00:00,1.4200000000000002,253.5346153846154,1.0199999999999998,6.5,243.69999999999987
2019-08-13 05:00:00+00:00,0.657,160.62,1.0199999999999998,6.5,243.7
2019-08-13 06:00:00+00:00,0.4707692307692307,137.5307692307692,1.0199999999999998,6.5,243.69999999999987
2019-08-13 07:00:00+00:00,0.91,211.58888888888887,1.0199999999999998,6.5,243.69999999999987
2019-08-13 08:00:00+00:00,1.1144,284.432,1.0199999999999998,6.5,243.6999999999999
2019-08-13 09:00:00+00:00,0.7381818181818182,221.99545454545452,1.0199999999999998,6.5,243.6999999999999
2019-08-13 10:00:00+00:00,0.6571428571428571,217.71428571428575,1.0199999999999998,6.5,243.70000000000002
2019-08-13 11:00:00+00:00,0.9250000000000002,237.43333333333337,1.0199999999999998,6.5,243.70000000000002
2019-08-13 12:00:00+00:00,0.4142857142857143,159.15714285714287,1.0199999999999998,6.5,243.70000000000002
2019-08-13 13:00:00+00:00,0.3433333333333333,156.56666666666666,1.0199999999999998,6.5,243.70000000000002
2019-08-13 14:00:00+00:00,0.21142857142857144,110.05714285714285,1.0199999999999998,6.5,243.70000000000002
2019-08-13 15:00:00+00:00,0.162,57.75999999999999,1.02,6.5,243.7
2019-08-13 16:00:00+00:00,0.13999999999999999,79.23333333333333,1.0199999999999998,6.5,243.70000000000002
2019-08-13 17:00:00+00:00,0.21571428571428572,119.5,1.0199999999999998,6.5,243.70000000000002
2019-08-13 18:00:00+00:00,0.16,120.05000000000001,1.0199999999999998,6.5,243.70000000000002
2019-08-13 19:00:00+00:00,0.07,47.26666666666667,1.02,6.5,243.69999999999996
2019-08-13 20:00:00+00:00,0.065,81.3,1.02,6.5,243.7
2019-08-13 21:00:00+00:00,0.07666666666666667,58.6,1.02,6.5,243.69999999999996
2019-08-13 22:00:00+00:00,0.08,70.39999999999999,1.02,6.5,243.69999999999996
2019-08-13 23:00:00+00:00,,,,,
2019-08-14 00:00:00+00:00,0.09166666666666666,49.68333333333334,1.0199999999999998,6.6000000000000005,244.70000000000002
2019-08-14 01:00:00+00:00,0.141875,92.08125000000001,1.0199999999999998,6.599999999999998,244.69999999999993
2019-08-14 02:00:00+00:00,0.12105263157894734,55.1578947368421,1.0199999999999998,6.599999999999997,244.6999999999999
2019-08-14 03:00:00+00:00,0.12360000000000003,50.49999999999998,1.0199999999999998,6.599999999999997,244.6999999999999
2019-08-14 04:00:00+00:00,0.055882352941176494,39.48823529411765,1.0199999999999998,6.599999999999998,244.69999999999993
2019-08-14 05:00:00+00:00,0.053636363636363635,25.327272727272728,1.0199999999999998,6.6,244.7
2019-08-14 06:00:00+00:00,0.046,29.619999999999997,1.02,6.6,244.7
2019-08-14 07:00:00+00:00,0.05700000000000001,25.620000000000005,1.0199999999999998,6.6,244.7
2019-08-14 08:00:00+00:00,0.05857142857142859,24.385714285714283,1.0199999999999998,6.599999999999999,244.69999999999996
2019-08-14 09:00:00+00:00,0.054545454545454564,25.88181818181818,1.0199999999999998,6.599999999999997,244.6999999999999
2019-08-14 10:00:00+00:00,0.04692307692307693,22.699999999999996,1.0199999999999998,6.599999999999999,244.69999999999996
2019-08-14 11:00:00+00:00,0.05777777777777779,23.47777777777778,1.0199999999999998,6.599999999999998,244.69999999999993
2019-08-14 12:00:00+00:00,0.05565217391304351,23.752173913043475,1.0199999999999998,6.599999999999997,244.6999999999999
2019-08-14 13:00:00+00:00,0.054285714285714305,27.885714285714283,1.0199999999999998,6.599999999999999,244.69999999999996
2019-08-14 14:00:00+00:00,0.06363636363636363,30.14545454545454,1.0199999999999998,6.6,244.7
2019-08-14 15:00:00+00:00,0.06555555555555556,32.666666666666664,1.0199999999999998,6.6000000000000005,244.70000000000002
2019-08-14 16:00:00+00:00,0.05444444444444447,24.17777777777778,1.0199999999999998,6.599999999999998,244.69999999999993
2019-08-14 17:00:00+00:00,0.05714285714285715,28.764285714285712,1.0199999999999998,6.599999999999999,244.69999999999996
2019-08-14 18:00:00+00:00,0.058235294117647086,18.400000000000006,1.0199999999999998,6.599999999999998,244.69999999999993
2019-08-14 19:00:00+00:00,0.05499999999999999,20.5125,1.0199999999999998,6.6000000000000005,244.70000000000002
2019-08-14 20:00:00+00:00,0.04666666666666667,24.5,1.02,6.599999999999999,244.69999999999996
2019-08-14 21:00:00+00:00,0.05777777777777778,25.433333333333334,1.0199999999999998,6.6000000000000005,244.70000000000002
2019-08-14 22:00:00+00:00,0.05090909090909091,24.818181818181817,1.0199999999999998,6.6,244.7
2019-08-14 23:00:00+00:00,0.05461538461538463,22.723076923076924,1.0199999999999998,6.599999999999999,244.69999999999996
2019-08-15 00:00:00+00:00,0.048125,24.25625,1.0199999999999998,6.599999999999998,245.69999999999993
2019-08-15 01:00:00+00:00,0.0488888888888889,23.461111111111116,1.0199999999999998,6.599999999999998,245.69999999999993
2019-08-15 02:00:00+00:00,0.048888888888888885,22.933333333333334,1.0199999999999998,6.6000000000000005,245.70000000000002
2019-08-15 03:00:00+00:00,0.052941176470588255,25.605882352941173,1.0199999999999998,6.599999999999998,245.69999999999993
2019-08-15 04:00:00+00:00,0.07222222222222223,107.67777777777778,1.0199999999999998,6.6000000000000005,245.70000000000002
2019-08-15 05:00:00+00:00,0.07705882352941178,47.16470588235295,1.0199999999999998,6.599999999999998,245.69999999999993
2019-08-15 06:00:00+00:00,0.0738888888888889,36.52777777777777,1.0199999999999998,6.599999999999998,245.69999999999993
2019-08-15 07:00:00+00:00,0.10500000000000002,72.95,1.0199999999999998,6.599999999999999,245.69999999999996
2019-08-15 08:00:00+00:00,0.11000000000000003,170.9875,1.0199999999999998,6.599999999999998,245.69999999999993
2019-08-15 09:00:00+00:00,0.05250000000000001,21.564999999999998,1.0199999999999998,6.599999999999997,245.6999999999999
2019-08-15 10:00:00+00:00,0.05333333333333334,22.333333333333332,1.0199999999999998,6.6000000000000005,245.70000000000002
2019-08-15 11:00:00+00:00,0.06941176470588237,154.81176470588238,1.0199999999999998,6.599999999999998,245.69999999999993
2019-08-15 12:00:00+00:00,0.0630769230769231,89.49230769230768,1.0199999999999998,6.599999999999999,245.69999999999996
2019-08-15 13:00:00+00:00,0.04,15.7,1.02,6.6,245.7
2019-08-15 14:00:00+00:00,0.05,22.4,1.02,6.6,245.7
2019-08-15 15:00:00+00:00,0.09300000000000003,65.53999999999999,1.0199999999999998,6.599999999999997,245.6999999999999
2019-08-15 16:00:00+00:00,0.12260869565217393,41.87391304347826,1.0199999999999998,6.599999999999997,245.6999999999999
2019-08-15 17:00:00+00:00,0.09785714285714286,64.65714285714286,1.0199999999999998,6.599999999999999,245.69999999999996
2019-08-15 18:00:00+00:00,0.11681818181818185,110.35909090909091,1.0199999999999998,6.599999999999997,245.6999999999999
2019-08-15 19:00:00+00:00,0.1508695652173913,43.860869565217385,1.0199999999999998,6.599999999999997,245.6999999999999
2019-08-15 20:00:00+00:00,0.12000000000000001,103.57307692307693,1.0199999999999998,6.599999999999996,245.69999999999987
2019-08-15 21:00:00+00:00,0.1,55.071999999999996,1.0199999999999998,6.599999999999997,245.6999999999999
2019-08-15 22:00:00+00:00,0.09238095238095242,48.22380952380953,1.0199999999999998,6.599999999999997,245.6999999999999
2019-08-15 23:00:00+00:00,0.13461538461538464,64.79615384615384,1.0199999999999998,6.599999999999996,245.69999999999987
2019-08-16 00:00:00+00:00,0.16692307692307692,118.9076923076923,1.0199999999999998,6.599999999999996,246.69999999999987
2019-08-16 01:00:00+00:00,0.20833333333333334,108.24444444444444,1.0199999999999998,6.599999999999998,246.69999999999993
2019-08-16 02:00:00+00:00,0.13428571428571429,206.94285714285715,1.0199999999999998,6.6000000000000005,246.70000000000002
2019-08-16 03:00:00+00:00,0.21833333333333335,60.15,1.0199999999999998,6.6000000000000005,246.70000000000002
2019-08-16 04:00:00+00:00,0.24714285714285714,46.65714285714286,1.0199999999999998,6.6000000000000005,246.70000000000002
2019-08-16 05:00:00+00:00,0.18,54.14285714285715,1.0199999999999998,6.6000000000000005,246.70000000000002
2019-08-16 06:00:00+00:00,0.28200000000000003,40.440000000000005,1.02,6.6,246.7
2019-08-16 07:00:00+00:00,0.24045454545454545,68.04545454545455,1.0199999999999998,6.599999999999997,246.6999999999999
2019-08-16 08:00:00+00:00,0.2552941176470588,77.35882352941178,1.0199999999999998,6.599999999999998,246.69999999999993
2019-08-16 09:00:00+00:00,0.26857142857142857,34.114285714285714,1.0199999999999998,6.6000000000000005,246.70000000000002
2019-08-16 10:00:00+00:00,0.132,124.38,1.02,6.6,246.7
2019-08-16 11:00:00+00:00,0.10857142857142857,136.21428571428572,1.0199999999999998,6.6000000000000005,246.70000000000002
2019-08-16 12:00:00+00:00,0.15000000000000002,40.73333333333333,1.0199999999999998,6.6000000000000005,246.70000000000002
2019-08-16 13:00:00+00:00,0.13142857142857142,77.8,1.0199999999999998,6.6000000000000005,246.70000000000002
2019-08-16 14:00:00+00:00,0.16571428571428573,71.68571428571428,1.0199999999999998,6.6000000000000005,246.70000000000002
2019-08-16 15:00:00+00:00,0.17333333333333334,61.35,1.0199999999999998,6.6000000000000005,246.70000000000002
2019-08-16 16:00:00+00:00,0.08285714285714284,25.685714285714283,1.0199999999999998,6.6000000000000005,246.70000000000002
2019-08-16 17:00:00+00:00,0.12666666666666668,93.23333333333332,1.0199999999999998,6.599999999999997,246.6999999999999
2019-08-16 18:00:00+00:00,0.05833333333333334,51.88333333333333,1.0199999999999998,6.6000000000000005,246.70000000000002
2019-08-16 19:00:00+00:00,0.05,22.28,1.02,6.6,246.7
2019-08-16 20:00:00+00:00,0.06363636363636366,44.92727272727273,1.0199999999999998,6.6,246.7
2019-08-16 21:00:00+00:00,0.10124999999999999,92.1,1.0199999999999998,6.6000000000000005,246.70000000000002
2019-08-16 22:00:00+00:00,0.165,52.449999999999996,1.0199999999999998,6.6000000000000005,246.70000000000002
2019-08-16 23:00:00+00:00,0.15,59.97142857142858,1.0199999999999998,6.6000000000000005,246.70000000000002
2019-08-17 00:00:00+00:00,0.13,60.833333333333336,1.01,6.7,247.70000000000002
2019-08-17 01:00:00+00:00,0.18857142857142856,37.6,1.01,6.700000000000001,247.70000000000002
2019-08-17 02:00:00+00:00,0.20000000000000004,34.1,1.01,6.7,247.70000000000002
2019-08-17 03:00:00+00:00,0.29000000000000004,80.02857142857144,1.01,6.700000000000001,247.70000000000002
2019-08-17 04:00:00+00:00,0.47666666666666674,128.01666666666668,1.01,6.7,247.70000000000002
2019-08-17 05:00:00+00:00,0.7839999999999999,150.52,1.01,6.7,247.7
2019-08-17 06:00:00+00:00,0.3021428571428571,72.13571428571427,1.01,6.700000000000002,247.69999999999996
2019-08-17 07:00:00+00:00,0.9303846153846155,131.27307692307693,1.0100000000000007,6.699999999999998,247.69999999999987
2019-08-17 08:00:00+00:00,1.0619230769230767,175.7769230769231,1.0100000000000007,6.699999999999998,247.69999999999987
2019-08-17 09:00:00+00:00,0.604,157.6,1.0100000000000007,6.699999999999999,247.6999999999999
2019-08-17 10:00:00+00:00,1.1423076923076925,204.71538461538455,1.0100000000000007,6.699999999999998,247.69999999999987
2019-08-17 11:00:00+00:00,0.5069565217391304,125.93478260869566,1.0100000000000005,6.7,247.6999999999999
2019-08-17 12:00:00+00:00,0.792,153.88000000000002,1.01,6.7,247.7
2019-08-17 13:00:00+00:00,2.84,295.325,1.01,6.7,247.7
2019-08-17 14:00:00+00:00,1.36,223.6666666666667,1.01,6.7,247.69999999999996
2019-08-17 15:00:00+00:00,1.9033333333333333,223.0666666666667,1.01,6.7,247.69999999999996
2019-08-17 16:00:00+00:00,4.235714285714286,275.57142857142856,1.01,6.700000000000001,247.70000000000002
2019-08-17 17:00:00+00:00,4.1866666666666665,277.3666666666667,1.01,6.7,247.70000000000002
2019-08-17 18:00:00+00:00,5.514285714285713,281.6,1.01,6.700000000000001,247.70000000000002
2019-08-17 19:00:00+00:00,4.378,286.28,1.0100000000000002,6.700000000000001,247.6999999999999
2019-08-17 20:00:00+00:00,2.7,259.22222222222223,1.0100000000000007,6.699999999999998,247.69999999999987
2019-08-17 21:00:00+00:00,3.871538461538462,286.9192307692307,1.0100000000000007,6.699999999999998,247.69999999999987
2019-08-17 22:00:00+00:00,4.688846153846154,307.60769230769233,1.0100000000000007,6.699999999999998,247.69999999999987
2019-08-17 23:00:00+00:00,5.061153846153847,297.2192307692307,1.0100000000000007,6.699999999999998,247.69999999999987
2019-08-18 00:00:00+00:00,6.738571428571428,289.04285714285714,1.01,6.700000000000001,248.70000000000002
2019-08-18 01:00:00+00:00,8.756666666666666,309.03333333333336,1.01,6.7,248.70000000000002
2019-08-18 02:00:00+00:00,10.178571428571429,293.04285714285714,1.01,6.700000000000001,248.70000000000002
2019-08-18 03:00:00+00:00,12.326,292.84000000000003,1.01,6.7,248.7
2019-08-18 04:00:00+00:00,9.265714285714285,292.7142857142857,1.01,6.700000000000001,248.70000000000002
2019-08-18 05:00:00+00:00,10.443999999999999,307.08000000000004,1.01,6.7,248.7
2019-08-18 06:00:00+00:00,14.906,317.89599999999996,1.0100000000000007,6.699999999999999,248.6999999999999
2019-08-18 07:00:00+00:00,12.507307692307695,308.70769230769224,1.0100000000000007,6.699999999999998,248.69999999999987
2019-08-18 08:00:00+00:00,11.359230769230768,310.1846153846155,1.0100000000000007,6.699999999999998,248.69999999999987
2019-08-18 09:00:00+00:00,7.6317391304347835,290.57391304347834,1.0100000000000005,6.7,248.6999999999999
2019-08-18 10:00:00+00:00,2.4191304347826086,261.3304347826087,1.0100000000000005,6.7,248.6999999999999
2019-08-18 11:00:00+00:00,4.91923076923077,319.2192307692308,1.0100000000000007,6.699999999999998,248.69999999999987
2019-08-18 12:00:00+00:00,5.517307692307691,322.2538461538461,1.0100000000000007,6.699999999999998,248.69999999999987
2019-08-18 13:00:00+00:00,5.08,319.8923076923077,1.0100000000000007,6.699999999999998,248.69999999999987
2019-08-18 14:00:00+00:00,5.612222222222221,316.88148148148144,1.0100000000000007,6.699999999999998,248.69999999999987
2019-08-18 15:00:00+00:00,5.206153846153845,298.94615384615383,1.0100000000000007,6.699999999999998,248.69999999999987
2019-08-18 16:00:00+00:00,6.420000000000001,309.9846153846153,1.01,6.700000000000002,248.69999999999996
2019-08-18 17:00:00+00:00,5.645,305.26666666666665,1.01,6.7,248.70000000000002
2019-08-18 18:00:00+00:00,7.267142857142858,312.8285714285715,1.01,6.700000000000001,248.70000000000002
2019-08-18 19:00:00+00:00,5.771666666666667,308.3333333333333,1.01,6.7,248.70000000000002
2019-08-18 20:00:00+00:00,5.817142857142857,295.9714285714286,1.01,6.700000000000001,248.70000000000002
2019-08-18 21:00:00+00:00,5.868333333333332,308.25000000000006,1.01,6.7,248.70000000000002
2019-08-18 22:00:00+00:00,6.524285714285715,315.18571428571425,1.01,6.700000000000001,248.70000000000002
2019-08-18 23:00:00+00:00,8.056666666666667,316.15000000000003,1.01,6.7,248.70000000000002
2019-08-19 00:00:00+00:00,8.412857142857144,320.5142857142858,1.01,6.799999999999999,249.70000000000002
2019-08-19 01:00:00+00:00,10.361666666666666,319.84999999999997,1.01,6.8,249.70000000000002
2019-08-19 02:00:00+00:00,11.574285714285713,322.4714285714286,1.01,6.799999999999999,249.70000000000002
2019-08-19 03:00:00+00:00,11.706666666666665,326.1333333333334,1.01,6.8,249.70000000000002
2019-08-19 04:00:00+00:00,13.004285714285714,329.5428571428571,1.01,6.799999999999999,249.70000000000002
2019-08-19 05:00:00+00:00,14.108,339.98,1.01,6.8,249.7
2019-08-19 06:00:00+00:00,8.978,344.82,1.01,6.8,249.7
2019-08-19 07:00:00+00:00,5.183333333333333,346.55,1.01,6.8,249.70000000000002
2019-08-19 08:00:00+00:00,5.16625,344.2375,1.01,6.799999999999999,249.70000000000002
2019-08-19 09:00:00+00:00,5.203846153846153,341.6346153846153,1.0100000000000007,6.800000000000002,249.69999999999987
2019-08-19 10:00:00+00:00,5.321153846153847,339.6653846153846,1.0100000000000007,6.800000000000002,249.69999999999987
2019-08-19 11:00:00+00:00,1.8904347826086956,302.9695652173913,1.0100000000000005,6.8,249.6999999999999
2019-08-19 12:00:00+00:00,14.872692307692308,325.0692307692308,1.0100000000000007,6.800000000000002,249.69999999999987
2019-08-19 13:00:00+00:00,18.82461538461538,323.3346153846154,1.0100000000000007,6.800000000000002,249.69999999999987
2019-08-19 14:00:00+00:00,13.933846153846154,328.173076923077,1.0100000000000007,6.800000000000002,249.69999999999987
2019-08-19 15:00:00+00:00,6.9364,333.884,1.0100000000000007,6.800000000000001,249.6999999999999
2019-08-19 16:00:00+00:00,12.617692307692305,312.3730769230769,1.0100000000000007,6.800000000000002,249.69999999999987
2019-08-19 17:00:00+00:00,10.461923076923076,311.58076923076925,1.0100000000000007,6.800000000000002,249.69999999999987
2019-08-19 18:00:00+00:00,9.165384615384617,304.40769230769234,1.0100000000000007,6.800000000000002,249.69999999999987
2019-08-19 19:00:00+00:00,10.59,303.58000000000004,1.01,6.799999999999999,249.7
2019-08-19 20:00:00+00:00,11.508333333333335,299.15000000000003,1.01,6.8,249.70000000000002
2019-08-19 21:00:00+00:00,13.725714285714288,305.7857142857143,1.01,6.799999999999999,249.70000000000002
2019-08-19 22:00:00+00:00,15.321666666666667,298.6333333333333,1.01,6.8,249.70000000000002
2019-08-19 23:00:00+00:00,13.504285714285714,297.2857142857143,1.01,6.799999999999999,249.70000000000002
2019-08-20 00:00:00+00:00,12.331666666666665,292.29999999999995,1.01,6.8,250.70000000000002
2019-08-20 01:00:00+00:00,12.004285714285714,291.7857142857143,1.01,6.799999999999999,250.70000000000002
2019-08-20 02:00:00+00:00,10.801666666666668,314.90000000000003,1.01,6.8,250.70000000000002
2019-08-20 03:00:00+00:00,6.511666666666667,341.8666666666666,1.01,6.8,250.70000000000002
2019-08-20 04:00:00+00:00,8.113333333333333,344.31666666666666,1.01,6.8,250.70000000000002
2019-08-20 05:00:00+00:00,6.252857142857144,354.2857142857143,1.01,6.799999999999999,250.70000000000002
2019-08-20 06:00:00+00:00,6.778333333333333,343.31666666666666,1.01,6.8,250.70000000000002
2019-08-20 07:00:00+00:00,7.04,353.80000000000007,1.01,6.799999999999999,250.70000000000002
2019-08-20 08:00:00+00:00,5.361428571428571,366.2285714285714,1.01,6.799999999999999,250.70000000000002
2019-08-20 09:00:00+00:00,3.8216666666666668,369.93333333333334,1.01,6.8,250.70000000000002
2019-08-20 10:00:00+00:00,4.648571428571429,379.5571428571429,1.01,6.799999999999999,250.70000000000002
2019-08-20 11:00:00+00:00,4.978,383.5,1.01,6.799999999999999,250.7
2019-08-20 12:00:00+00:00,1.7249999999999999,298.63333333333327,1.0100000000000005,6.800000000000001,250.6999999999999
2019-08-20 13:00:00+00:00,4.655384615384615,396.66538461538454,1.0100000000000007,6.800000000000002,250.69999999999987
2019-08-20 14:00:00+00:00,4.339615384615384,396.4807692307694,1.0100000000000007,6.800000000000002,250.69999999999987
2019-08-20 15:00:00+00:00,4.421538461538461,404.2423076923077,1.0100000000000007,6.800000000000002,250.69999999999987
2019-08-20 16:00:00+00:00,4.09,404.8538461538462,1.0100000000000007,6.800000000000002,250.69999999999987
2019-08-20 17:00:00+00:00,3.308461538461539,402.2961538461538,1.0100000000000007,6.800000000000002,250.69999999999987
2019-08-20 18:00:00+00:00,3.587307692307692,401.7576923076922,1.0100000000000007,6.800000000000002,250.69999999999987
2019-08-20 19:00:00+00:00,3.4619230769230773,397.2538461538462,1.0100000000000007,6.800000000000002,250.69999999999987
2019-08-20 20:00:00+00:00,3.335769230769231,393.8769230769231,1.0100000000000007,6.800000000000002,250.69999999999987
2019-08-20 21:00:00+00:00,3.3113043478260873,397.01304347826084,1.0100000000000005,6.8,250.6999999999999
2019-08-20 22:00:00+00:00,3.48,398.3428571428571,1.01,6.799999999999999,250.70000000000002
2019-08-20 23:00:00+00:00,3.6,402.31666666666666,1.01,6.8,250.70000000000002
2019-08-21 00:00:00+00:00,4.042857142857144,405.57142857142856,1.01,6.8999999999999995,251.59999999999997
2019-08-21 01:00:00+00:00,3.9566666666666666,394.26666666666665,1.01,6.8999999999999995,251.6
2019-08-21 02:00:00+00:00,4.232857142857142,385.7142857142858,1.01,6.8999999999999995,251.59999999999997
2019-08-21 03:00:00+00:00,4.791666666666666,386.6499999999999,1.01,6.8999999999999995,251.6
2019-08-21 04:00:00+00:00,5.274285714285713,384.7857142857143,1.01,6.8999999999999995,251.59999999999997
2019-08-21 05:00:00+00:00,5.726666666666667,381.9666666666667,1.01,6.8999999999999995,251.6
2019-08-21 06:00:00+00:00,5.242857142857143,380.47142857142853,1.01,6.8999999999999995,251.59999999999997
2019-08-21 07:00:00+00:00,5.974999999999999,379.03333333333336,1.01,6.8999999999999995,251.6
2019-08-21 08:00:00+00:00,6.982857142857143,373.9142857142857,1.01,6.8999999999999995,251.59999999999997
2019-08-21 09:00:00+00:00,7.990000000000001,374.70000000000005,1.01,6.8999999999999995,251.6
2019-08-21 10:00:00+00:00,7.438571428571429,369.4428571428571,1.01,6.8999999999999995,251.59999999999997
2019-08-21 11:00:00+00:00,7.115714285714286,366.4857142857143,1.01,6.8999999999999995,251.59999999999997
2019-08-21 12:00:00+00:00,6.838333333333334,362.5,1.01,6.8999999999999995,251.6
2019-08-21 13:00:00+00:00,2.648571428571429,296.0857142857143,1.01,6.8999999999999995,251.59999999999997
2019-08-21 14:00:00+00:00,5.58142857142857,352.47857142857146,1.01,6.900000000000001,251.59999999999994
2019-08-21 15:00:00+00:00,5.866428571428572,352.95714285714286,1.01,6.900000000000001,251.59999999999994
2019-08-21 16:00:00+00:00,,,,,
2019-08-21 17:00:00+00:00,,,,,
2019-08-21 18:00:00+00:00,,,,,
2019-08-21 19:00:00+00:00,,,,,
2019-08-21 20:00:00+00:00,,,,,
2019-08-21 21:00:00+00:00,,,,,
2019-08-21 22:00:00+00:00,,,,,
2019-08-21 23:00:00+00:00,,,,,
2019-08-22 00:00:00+00:00,6.789999999999999,339.98,1.01,6.9,252.6
2019-08-22 01:00:00+00:00,7.698571428571428,342.3714285714286,1.01,6.8999999999999995,252.59999999999997
2019-08-22 02:00:00+00:00,7.303333333333334,337.40000000000003,1.01,6.8999999999999995,252.6
2019-08-22 03:00:00+00:00,7.305714285714285,336.42857142857144,1.01,6.8999999999999995,252.59999999999997
2019-08-22 04:00:00+00:00,7.713333333333334,337.1666666666667,1.01,6.8999999999999995,252.6
2019-08-22 05:00:00+00:00,7.687142857142858,339.8285714285715,1.01,6.8999999999999995,252.59999999999997
2019-08-22 06:00:00+00:00,7.126666666666666,337.75000000000006,1.01,6.8999999999999995,252.6
2019-08-22 07:00:00+00:00,7.241428571428571,336.61428571428576,1.01,6.8999999999999995,252.59999999999997
2019-08-22 08:00:00+00:00,6.665,334.95,1.01,6.8999999999999995,252.6
2019-08-22 09:00:00+00:00,8.284285714285714,339.1571428571429,1.01,6.8999999999999995,252.59999999999997
2019-08-22 10:00:00+00:00,10.237142857142857,345.85714285714283,1.01,6.8999999999999995,252.59999999999997
2019-08-22 11:00:00+00:00,8.713333333333333,353.73333333333335,1.01,6.8999999999999995,252.6
2019-08-22 12:00:00+00:00,8.125714285714286,352.04285714285714,1.01,6.8999999999999995,252.59999999999997
2019-08-22 13:00:00+00:00,7.171666666666666,349.6000000000001,1.01,6.8999999999999995,252.6
2019-08-22 14:00:00+00:00,3.8942857142857146,263.8,1.01,6.8999999999999995,252.59999999999997
2019-08-22 15:00:00+00:00,7.773999999999999,350.86,1.01,6.9,252.6
2019-08-22 16:00:00+00:00,6.49,344.45714285714286,1.01,6.8999999999999995,252.59999999999997
2019-08-22 17:00:00+00:00,7.270588235294118,344.14705882352933,1.01,6.900000000000002,252.59999999999994
2019-08-22 18:00:00+00:00,7.417307692307693,343.33461538461535,1.0100000000000007,6.900000000000004,252.60000000000008
2019-08-22 19:00:00+00:00,10.119615384615383,345.8615384615384,1.0100000000000007,6.900000000000004,252.60000000000008
2019-08-22 20:00:00+00:00,8.575000000000001,340.9269230769231,1.0100000000000007,6.900000000000004,252.60000000000008
2019-08-22 21:00:00+00:00,8.444074074074075,348.6444444444443,1.0100000000000007,6.900000000000004,252.6000000000001
2019-08-22 22:00:00+00:00,8.621538461538462,357.2346153846154,1.0100000000000007,6.900000000000004,252.60000000000008
2019-08-22 23:00:00+00:00,9.143076923076922,362.4307692307693,1.0100000000000007,6.900000000000004,252.60000000000008
2019-08-23 00:00:00+00:00,8.882692307692311,357.2923076923077,1.0100000000000007,6.900000000000004,253.60000000000008
2019-08-23 01:00:00+00:00,8.461538461538462,361.8961538461539,1.0100000000000007,6.900000000000004,253.60000000000008
2019-08-23 02:00:00+00:00,8.800384615384617,371.59230769230777,1.0100000000000007,6.900000000000004,253.60000000000008
2019-08-23 03:00:00+00:00,8.70875,369.60624999999993,1.01,6.900000000000002,253.59999999999994
2019-08-23 04:00:00+00:00,9.391428571428571,365.92857142857144,1.01,6.8999999999999995,253.59999999999997
2019-08-23 05:00:00+00:00,7.789999999999999,359.15000000000003,1.01,6.8999999999999995,253.6
2019-08-23 06:00:00+00:00,5.558571428571429,363.45714285714286,1.01,6.8999999999999995,253.59999999999997
2019-08-23 07:00:00+00:00,3.9616666666666673,376.88333333333327,1.01,6.8999999999999995,253.6
2019-08-23 08:00:00+00:00,3.1285714285714286,376.45714285714286,1.01,6.8999999999999995,253.59999999999997
2019-08-23 09:00:00+00:00,2.5614285714285714,376.81428571428575,1.01,6.8999999999999995,253.59999999999997
2019-08-23 10:00:00+00:00,2.4516666666666667,372.4166666666667,1.01,6.8999999999999995,253.6
2019-08-23 11:00:00+00:00,2.8314285714285714,357.88571428571424,1.01,6.8999999999999995,253.59999999999997
2019-08-23 12:00:00+00:00,2.563333333333333,363.46666666666664,1.01,6.8999999999999995,253.6
2019-08-23 13:00:00+00:00,2.88,358.8571428571428,1.01,6.8999999999999995,253.59999999999997
2019-08-23 14:00:00+00:00,3.0683333333333334,369.5,1.01,6.8999999999999995,253.6
2019-08-23 15:00:00+00:00,1.8057142857142856,274.8285714285714,1.01,6.8999999999999995,253.59999999999997
2019-08-23 16:00:00+00:00,2.59,354.95,1.01,6.8999999999999995,253.6
2019-08-23 17:00:00+00:00,4.032857142857142,361.14285714285717,1.01,6.8999999999999995,253.59999999999997
2019-08-23 18:00:00+00:00,4.495,357.4666666666667,1.01,6.8999999999999995,253.6
2019-08-23 19:00:00+00:00,5.087142857142857,350.97142857142853,1.01,6.8999999999999995,253.59999999999997
2019-08-23 20:00:00+00:00,5.076190476190478,345.9904761904762,1.0100000000000005,6.900000000000003,253.60000000000002
2019-08-23 21:00:00+00:00,5.102307692307692,347.70000000000005,1.0100000000000007,6.900000000000004,253.60000000000008
2019-08-23 22:00:00+00:00,5.636923076923076,350.77307692307687,1.0100000000000007,6.900000000000004,253.60000000000008
2019-08-23 23:00:00+00:00,6.363076923076924,352.0153846153847,1.0100000000000007,6.900000000000004,253.60000000000008
2019-08-24 00:00:00+00:00,6.176538461538462,348.0961538461539,1.0100000000000007,7.0,254.60000000000008
2019-08-24 01:00:00+00:00,5.886538461538463,347.2461538461539,1.0100000000000007,7.0,254.60000000000008
2019-08-24 02:00:00+00:00,4.89576923076923,349.8153846153846,1.0100000000000007,7.0,254.60000000000008
2019-08-24 03:00:00+00:00,4.616538461538462,348.3076923076923,1.0100000000000007,7.0,254.60000000000008
2019-08-24 04:00:00+00:00,5.1557692307692315,346.85,1.0100000000000007,7.0,254.60000000000008
2019-08-24 05:00:00+00:00,5.436153846153845,348.3961538461539,1.0100000000000007,7.0,254.60000000000008
2019-08-24 06:00:00+00:00,5.503529411764706,345.9588235294118,1.01,7.0,254.59999999999994
2019-08-24 07:00:00+00:00,5.492857142857143,340.1714285714285,1.01,7.0,254.59999999999997
2019-08-24 08:00:00+00:00,5.271666666666666,337.2,1.01,7.0,254.6
2019-08-24 09:00:00+00:00,5.075714285714286,335.64285714285717,1.01,7.0,254.59999999999997
2019-08-24 10:00:00+00:00,5.08,335.0,1.01,7.0,254.6
2019-08-24 11:00:00+00:00,4.892857142857143,335.6571428571429,1.01,7.0,254.59999999999997
2019-08-24 12:00:00+00:00,4.508333333333333,338.96666666666664,1.01,7.0,254.6
2019-08-24 13:00:00+00:00,4.525714285714286,335.8285714285715,1.01,7.0,254.59999999999997
2019-08-24 14:00:00+00:00,4.8500000000000005,334.09999999999997,1.01,7.0,254.6
2019-08-24 15:00:00+00:00,5.167142857142856,332.5571428571429,1.01,7.0,254.59999999999997
2019-08-24 16:00:00+00:00,2.8366666666666673,253.88333333333333,1.01,7.0,254.6
2019-08-24 17:00:00+00:00,4.398571428571429,306.68571428571425,1.01,7.0,254.59999999999997
2019-08-24 18:00:00+00:00,5.348571428571428,331.0142857142857,1.01,7.0,254.59999999999997
2019-08-24 19:00:00+00:00,5.015,326.26666666666665,1.01,7.0,254.6
2019-08-24 20:00:00+00:00,4.198571428571428,328.35714285714283,1.01,7.0,254.59999999999997
2019-08-24 21:00:00+00:00,4.326666666666667,333.40000000000003,1.01,7.0,254.6
2019-08-24 22:00:00+00:00,4.577142857142857,331.6571428571429,1.01,7.0,254.59999999999997
2019-08-24 23:00:00+00:00,5.11095238095238,332.00476190476195,1.0100000000000005,7.0,254.60000000000002
2019-08-25 00:00:00+00:00,5.257692307692308,331.58076923076925,1.0100000000000007,7.0,255.5
2019-08-25 01:00:00+00:00,5.598076923076922,330.40769230769223,1.0100000000000007,7.0,255.5
2019-08-25 02:00:00+00:00,5.55576923076923,333.8346153846153,1.0100000000000007,7.0,255.5
2019-08-25 03:00:00+00:00,5.358461538461539,332.5807692307692,1.0100000000000007,7.0,255.5
2019-08-25 04:00:00+00:00,5.339615384615384,331.923076923077,1.0100000000000007,7.0,255.5
2019-08-25 05:00:00+00:00,5.38346153846154,329.5384615384616,1.0100000000000007,7.0,255.5
2019-08-25 06:00:00+00:00,5.766923076923078,328.33461538461535,1.0100000000000007,7.0,255.5
2019-08-25 07:00:00+00:00,5.727692307692308,328.50769230769225,1.0100000000000007,7.0,255.5
2019-08-25 08:00:00+00:00,5.9084615384615375,326.9230769230769,1.0100000000000007,7.0,255.5
2019-08-25 09:00:00+00:00,5.5981250000000005,324.96874999999994,1.01,7.0,255.5
2019-08-25 10:00:00+00:00,5.475714285714285,320.75714285714287,1.01,7.0,255.5
2019-08-25 11:00:00+00:00,5.641666666666667,319.0833333333333,1.01,7.0,255.5
2019-08-25 12:00:00+00:00,4.847142857142857,318.5571428571429,1.01,7.0,255.5
2019-08-25 13:00:00+00:00,4.658333333333333,315.3666666666666,1.01,7.0,255.5
2019-08-25 14:00:00+00:00,4.529999999999999,311.4857142857143,1.01,7.0,255.5
2019-08-25 15:00:00+00:00,5.241666666666667,303.63333333333327,1.01,7.0,255.5
2019-08-25 16:00:00+00:00,4.55,308.0428571428571,1.01,7.0,255.5
2019-08-25 17:00:00+00:00,1.9866666666666666,242.58333333333334,1.01,7.0,255.5
2019-08-25 18:00:00+00:00,4.8966666666666665,307.6166666666667,1.01,7.0,255.5
2019-08-25 19:00:00+00:00,4.781666666666667,312.9666666666667,1.01,7.0,255.5
2019-08-25 20:00:00+00:00,4.9071428571428575,313.9428571428571,1.01,7.0,255.5
2019-08-25 21:00:00+00:00,5.6066666666666665,314.0833333333333,1.01,7.0,255.5
2019-08-25 22:00:00+00:00,7.322857142857143,320.3,1.01,7.0,255.5
2019-08-25 23:00:00+00:00,6.41857142857143,324.8,1.01,7.0,255.5
2019-08-26 00:00:00+00:00,6.428333333333334,318.68333333333334,1.01,7.0,256.5
2019-08-26 01:00:00+00:00,6.938571428571429,315.3857142857143,1.01,7.0,256.5
2019-08-26 02:00:00+00:00,7.132941176470589,313.4000000000001,1.01,7.0,256.5
2019-08-26 03:00:00+00:00,8.43730769230769,316.90384615384625,1.0100000000000007,7.0,256.5
2019-08-26 04:00:00+00:00,8.571538461538463,314.5076923076923,1.0100000000000007,7.0,256.5
2019-08-26 05:00:00+00:00,7.39185185185185,313.6851851851851,1.0100000000000007,7.0,256.5
2019-08-26 06:00:00+00:00,8.127307692307692,308.2807692307692,1.0100000000000007,7.0,256.5
2019-08-26 07:00:00+00:00,8.103461538461538,309.36153846153854,1.0100000000000007,7.0,256.5
2019-08-26 08:00:00+00:00,7.001538461538461,314.65,1.0100000000000007,7.0,256.5
2019-08-26 09:00:00+00:00,5.942692307692307,325.2153846153846,1.0100000000000007,7.0,256.5
2019-08-26 10:00:00+00:00,4.033461538461539,323.6,1.0100000000000007,7.0,256.5
2019-08-26 11:00:00+00:00,4.812692307692307,321.93076923076933,1.0100000000000007,7.0,256.5
2019-08-26 12:00:00+00:00,6.100526315789474,319.7473684210526,1.0100000000000002,7.0,256.5
2019-08-26 13:00:00+00:00,4.954285714285715,311.81428571428575,1.01,7.0,256.5
2019-08-26 14:00:00+00:00,5.148333333333333,311.0833333333333,1.01,7.0,256.5
2019-08-26 15:00:00+00:00,4.787142857142858,303.3714285714286,1.01,7.0,256.5
2019-08-26 16:00:00+00:00,5.635000000000001,303.09999999999997,1.01,7.0,256.5
2019-08-26 17:00:00+00:00,7.357142857142856,304.9428571428571,1.01,7.0,256.5
2019-08-26 18:00:00+00:00,4.85,217.4,1.01,7.0,256.5
2019-08-26 19:00:00+00:00,13.492857142857144,330.4428571428571,1.01,7.0,256.5
2019-08-26 20:00:00+00:00,11.766666666666666,334.51666666666665,1.01,7.0,256.5
2019-08-26 21:00:00+00:00,12.40857142857143,334.8,1.01,7.0,256.5
2019-08-26 22:00:00+00:00,11.408333333333333,332.25,1.01,7.0,256.5
2019-08-26 23:00:00+00:00,14.797142857142855,331.7,1.01,7.0,256.5
2019-08-27 00:00:00+00:00,15.363333333333332,336.58333333333337,1.01,7.1000000000000005,257.40000000000003
2019-08-27 01:00:00+00:00,19.527142857142856,335.8428571428571,1.01,7.1000000000000005,257.40000000000003
2019-08-27 02:00:00+00:00,27.45,348.90000000000003,1.01,7.1000000000000005,257.40000000000003
2019-08-27 03:00:00+00:00,27.75857142857143,346.30000000000007,1.01,7.1000000000000005,257.40000000000003
2019-08-27 04:00:00+00:00,19.648571428571426,341.7857142857143,1.01,7.1000000000000005,257.40000000000003
2019-08-27 05:00:00+00:00,8.986363636363636,378.1818181818182,1.01,7.1,257.40000000000003
2019-08-27 06:00:00+00:00,7.261153846153847,450.9653846153845,1.0100000000000007,7.099999999999996,257.39999999999986
2019-08-27 07:00:00+00:00,6.267307692307693,455.9846153846153,1.0100000000000007,7.099999999999996,257.39999999999986
2019-08-27 08:00:00+00:00,5.99076923076923,457.25384615384615,1.0100000000000007,7.099999999999996,257.39999999999986
2019-08-27 09:00:00+00:00,3.6638461538461553,504.7192307692307,1.0100000000000007,7.099999999999996,257.39999999999986
2019-08-27 10:00:00+00:00,3.4457692307692316,497.89230769230767,1.0100000000000007,7.099999999999996,257.39999999999986
2019-08-27 11:00:00+00:00,3.7757692307692308,500.073076923077,1.0100000000000007,7.099999999999996,257.39999999999986
2019-08-27 12:00:00+00:00,4.646923076923077,490.2076923076924,1.0100000000000007,7.099999999999996,257.39999999999986
2019-08-27 13:00:00+00:00,5.407692307692307,462.84999999999985,1.0100000000000007,7.099999999999996,257.39999999999986
2019-08-27 14:00:00+00:00,7.304999999999999,448.7038461538462,1.0100000000000007,7.099999999999996,257.39999999999986
2019-08-27 15:00:00+00:00,8.549230769230768,443.276923076923,1.0100000000000007,7.099999999999996,257.39999999999986
2019-08-27 16:00:00+00:00,7.670000000000001,437.88333333333327,1.01,7.1000000000000005,257.40000000000003
2019-08-27 17:00:00+00:00,7.094285714285715,434.9142857142857,1.01,7.1000000000000005,257.40000000000003
2019-08-27 18:00:00+00:00,6.090000000000001,423.0285714285714,1.01,7.1000000000000005,257.40000000000003
2019-08-27 19:00:00+00:00,2.114,275.84000000000003,1.01,7.1,257.4
2019-08-27 20:00:00+00:00,5.257142857142857,435.07142857142856,1.01,7.1000000000000005,257.40000000000003
2019-08-27 21:00:00+00:00,4.81,441.59999999999997,1.01,7.1000000000000005,257.40000000000003
2019-08-27 22:00:00+00:00,4.268571428571429,442.82857142857137,1.01,7.1000000000000005,257.40000000000003
2019-08-27 23:00:00+00:00,4.046666666666667,437.0333333333333,1.01,7.1000000000000005,257.40000000000003
2019-08-28 00:00:00+00:00,3.6285714285714286,442.4,1.01,7.1000000000000005,258.40000000000003
2019-08-28 01:00:00+00:00,3.69,453.4166666666667,1.01,7.1000000000000005,258.40000000000003
2019-08-28 02:00:00+00:00,3.0142857142857147,463.5571428571429,1.01,7.1000000000000005,258.40000000000003
2019-08-28 03:00:00+00:00,2.5916666666666663,465.5833333333333,1.01,7.1000000000000005,258.40000000000003
2019-08-28 04:00:00+00:00,2.8485714285714283,484.0714285714285,1.01,7.1000000000000005,258.40000000000003
2019-08-28 05:00:00+00:00,2.8850000000000002,487.6000000000001,1.01,7.1000000000000005,258.40000000000003
2019-08-28 06:00:00+00:00,2.787142857142857,488.84285714285716,1.01,7.1000000000000005,258.40000000000003
2019-08-28 07:00:00+00:00,2.801666666666667,494.01666666666665,1.01,7.1000000000000005,258.40000000000003
2019-08-28 08:00:00+00:00,2.4314285714285715,486.24285714285713,1.01,7.1000000000000005,258.40000000000003
2019-08-28 09:00:00+00:00,2.2858333333333336,484.17083333333335,1.0100000000000005,7.099999999999997,258.3999999999999
2019-08-28 10:00:00+00:00,2.014230769230769,484.7999999999999,1.0100000000000007,7.099999999999996,258.39999999999986
2019-08-28 11:00:00+00:00,1.751923076923077,483.1115384615384,1.0100000000000007,7.099999999999996,258.39999999999986
2019-08-28 12:00:00+00:00,1.478461538461538,478.0076923076924,1.0100000000000007,7.099999999999996,258.39999999999986
2019-08-28 13:00:00+00:00,1.8734615384615385,475.58846153846144,1.0100000000000007,7.099999999999996,258.39999999999986
2019-08-28 14:00:00+00:00,1.767692307692308,461.30384615384617,1.0100000000000007,7.099999999999996,258.39999999999986
2019-08-28 15:00:00+00:00,1.7218518518518517,464.24444444444447,1.0100000000000007,7.099999999999996,258.39999999999986
2019-08-28 16:00:00+00:00,1.6534615384615385,440.7307692307692,1.0100000000000007,7.099999999999996,258.39999999999986
2019-08-28 17:00:00+00:00,1.5165384615384616,443.39230769230767,1.0100000000000007,7.099999999999996,258.39999999999986
2019-08-28 18:00:00+00:00,1.287692307692308,442.24615384615396,1.0100000000000007,7.099999999999996,258.39999999999986
2019-08-28 19:00:00+00:00,1.5125,415.175,1.01,7.099999999999999,258.40000000000003
2019-08-28 20:00:00+00:00,0.7742857142857142,311.11428571428576,1.01,7.1000000000000005,258.40000000000003
2019-08-28 21:00:00+00:00,1.4999999999999998,434.23333333333335,1.01,7.1000000000000005,258.40000000000003
2019-08-28 22:00:00+00:00,1.3699999999999999,420.7999999999999,1.01,7.1000000000000005,258.40000000000003
2019-08-28 23:00:00+00:00,1.385,411.8666666666666,1.01,7.1000000000000005,258.40000000000003
2019-08-29 00:00:00+00:00,1.2671428571428571,411.31428571428575,1.01,7.1000000000000005,259.3
2019-08-29 01:00:00+00:00,1.3633333333333333,402.18333333333334,1.01,7.1000000000000005,259.3
2019-08-29 02:00:00+00:00,1.4728571428571429,396.72857142857146,1.01,7.1000000000000005,259.3
2019-08-29 03:00:00+00:00,1.8642857142857143,389.5,1.01,7.1000000000000005,259.3
2019-08-29 04:00:00+00:00,2.1650000000000005,383.3,1.01,7.1000000000000005,259.3
2019-08-29 05:00:00+00:00,2.3557142857142854,374.4142857142857,1.01,7.1000000000000005,259.3
2019-08-29 06:00:00+00:00,2.3899999999999997,364.84999999999997,1.01,7.1000000000000005,259.3
2019-08-29 07:00:00+00:00,2.6471428571428572,359.3428571428571,1.01,7.1000000000000005,259.3
2019-08-29 08:00:00+00:00,3.4916666666666667,347.25,1.01,7.1000000000000005,259.3
2019-08-29 09:00:00+00:00,4.164285714285714,342.92857142857144,1.01,7.1000000000000005,259.3
2019-08-29 10:00:00+00:00,4.456666666666666,339.21666666666664,1.01,7.1000000000000005,259.3
2019-08-29 11:00:00+00:00,4.881428571428572,343.0,1.01,7.1000000000000005,259.3
2019-08-29 12:00:00+00:00,6.016470588235293,350.1235294117647,1.01,7.099999999999998,259.30000000000007
2019-08-29 13:00:00+00:00,6.948846153846153,347.25384615384615,1.0100000000000007,7.099999999999996,259.3000000000001
2019-08-29 14:00:00+00:00,8.018076923076926,343.5384615384616,1.0100000000000007,7.099999999999996,259.3000000000001
2019-08-29 15:00:00+00:00,7.183333333333334,355.2740740740741,1.0100000000000007,7.099999999999996,259.3000000000001
2019-08-29 16:00:00+00:00,6.3053846153846145,369.3115384615385,1.0100000000000007,7.099999999999996,259.3000000000001
2019-08-29 17:00:00+00:00,5.617,369.74000000000007,1.01,7.1,259.30000000000007
2019-08-29 18:00:00+00:00,5.35346153846154,366.8115384615384,1.0100000000000007,7.099999999999996,259.3000000000001
2019-08-29 19:00:00+00:00,5.631153846153845,375.18076923076933,1.0100000000000007,7.099999999999996,259.3000000000001
2019-08-29 20:00:00+00:00,4.3392,353.244,1.0100000000000007,7.099999999999997,259.3000000000001
2019-08-29 21:00:00+00:00,4.202083333333333,311.0833333333333,1.0100000000000005,7.099999999999997,259.3000000000001
2019-08-29 22:00:00+00:00,6.501052631578946,370.06842105263166,1.0100000000000002,7.099999999999997,259.30000000000007
2019-08-29 23:00:00+00:00,5.485714285714286,376.07142857142856,1.01,7.1000000000000005,259.3
2019-08-30 00:00:00+00:00,5.308333333333333,382.4166666666667,1.01,7.1000000000000005,260.3
2019-08-30 01:00:00+00:00,5.258571428571429,385.5571428571429,1.01,7.1000000000000005,260.3
2019-08-30 02:00:00+00:00,5.171666666666667,385.0333333333333,1.01,7.1000000000000005,260.3
2019-08-30 03:00:00+00:00,4.942857142857143,379.0857142857143,1.01,7.1000000000000005,260.3
2019-08-30 04:00:00+00:00,4.181666666666667,382.68333333333334,1.01,7.1000000000000005,260.3
2019-08-30 05:00:00+00:00,4.347142857142857,378.5,1.01,7.1000000000000005,260.3
2019-08-30 06:00:00+00:00,4.2250000000000005,380.81666666666666,1.01,7.1000000000000005,260.3
2019-08-30 07:00:00+00:00,4.538571428571428,379.47142857142853,1.01,7.1000000000000005,260.3
2019-08-30 08:00:00+00:00,4.944999999999999,375.3166666666666,1.01,7.1000000000000005,260.3
2019-08-30 09:00:00+00:00,5.521428571428572,375.5142857142856,1.01,7.1000000000000005,260.3
2019-08-30 10:00:00+00:00,6.763333333333333,385.31666666666666,1.01,7.1000000000000005,260.3
2019-08-30 11:00:00+00:00,8.828571428571427,383.62857142857143,1.01,7.1000000000000005,260.3
2019-08-30 12:00:00+00:00,10.866666666666665,384.68333333333334,1.01,7.1000000000000005,260.3
2019-08-30 13:00:00+00:00,12.078571428571427,393.87142857142857,1.01,7.1000000000000005,260.3
2019-08-30 14:00:00+00:00,8.441428571428572,407.5142857142857,1.01,7.1000000000000005,260.3
2019-08-30 15:00:00+00:00,6.006363636363637,425.77272727272725,1.01,7.1,260.30000000000007
2019-08-30 16:00:00+00:00,7.404230769230769,431.4,1.0100000000000007,7.099999999999996,260.3000000000001
2019-08-30 17:00:00+00:00,7.85153846153846,444.0576923076923,1.0100000000000007,7.099999999999996,260.3000000000001
2019-08-30 18:00:00+00:00,6.560769230769233,465.2230769230769,1.0100000000000007,7.099999999999996,260.3000000000001
2019-08-30 19:00:00+00:00,7.208461538461536,483.29615384615386,1.0100000000000007,7.099999999999996,260.3000000000001
2019-08-30 20:00:00+00:00,7.616153846153849,480.9153846153847,1.0100000000000007,7.099999999999996,260.3000000000001
2019-08-30 21:00:00+00:00,6.08,481.6,1.0100000000000007,7.099999999999996,260.3000000000001
2019-08-30 22:00:00+00:00,4.0736,408.084,1.0100000000000007,7.099999999999997,260.3000000000001
2019-08-30 23:00:00+00:00,6.973076923076923,550.7038461538461,1.0100000000000007,7.099999999999996,260.3000000000001
2019-08-31 00:00:00+00:00,7.721923076923077,549.4230769230769,1.0100000000000007,7.1999999999999975,261.1999999999999
2019-08-31 01:00:00+00:00,7.382608695652175,545.2695652173913,1.0100000000000005,7.199999999999998,261.1999999999999
2019-08-31 02:00:00+00:00,8.084285714285715,562.6714285714287,1.01,7.200000000000001,261.2
2019-08-31 03:00:00+00:00,6.821666666666665,575.6,1.01,7.2,261.2
2019-08-31 04:00:00+00:00,5.402857142857143,598.4428571428572,1.01,7.200000000000001,261.2
2019-08-31 05:00:00+00:00,4.2283333333333335,629.5333333333334,1.01,7.2,261.2
2019-08-31 06:00:00+00:00,3.85,655.1142857142858,1.01,7.200000000000001,261.2
2019-08-31 07:00:00+00:00,4.286666666666666,635.5833333333334,1.01,7.2,261.2
2019-08-31 08:00:00+00:00,4.635714285714286,630.3000000000001,1.01,7.200000000000001,261.2
2019-08-31 09:00:00+00:00,5.523333333333333,633.15,1.01,7.2,261.2
2019-08-31 10:00:00+00:00,6.49,607.6999999999999,1.01,7.200000000000001,261.2
2019-08-31 11:00:00+00:00,6.353333333333334,626.1166666666667,1.01,7.2,261.2
2019-08-31 12:00:00+00:00,4.772857142857143,646.1857142857142,1.01,7.200000000000001,261.2
2019-08-31 13:00:00+00:00,3.9683333333333333,697.85,1.01,7.2,261.2
2019-08-31 14:00:00+00:00,3.0285714285714285,701.1857142857143,1.01,7.200000000000001,261.2
2019-08-31 15:00:00+00:00,2.7585714285714285,703.8571428571429,1.01,7.200000000000001,261.2
2019-08-31 16:00:00+00:00,2.6566666666666663,691.35,1.01,7.2,261.2
2019-08-31 17:00:00+00:00,2.1942857142857144,704.4,1.01,7.200000000000001,261.2
2019-08-31 18:00:00+00:00,2.287272727272727,692.9090909090909,1.01,7.200000000000002,261.19999999999993
2019-08-31 19:00:00+00:00,2.1988461538461537,690.8884615384616,1.0100000000000007,7.1999999999999975,261.1999999999999
2019-08-31 20:00:00+00:00,2.0223076923076926,683.6153846153846,1.0100000000000007,7.1999999999999975,261.1999999999999
2019-08-31 21:00:00+00:00,1.9738461538461538,683.5153846153845,1.0100000000000007,7.1999999999999975,261.1999999999999
2019-08-31 22:00:00+00:00,1.941818181818182,675.790909090909,1.0100000000000005,7.199999999999999,261.1999999999999
2019-08-31 23:00:00+00:00,0.9820833333333335,420.40000000000003,1.0100000000000005,7.199999999999998,261.1999999999999
