,OMNI_VELOCITY_kms,ARTEMIS_VELOCITY_kms,Time_offset_hours,HGI_Lat_Diff,HGI_Lon_Diff,Distance_Traveled_AU
0,454.0,482.3,10,0.10000000000000053,1.5,0.010000000000000009
1,460.0,523.9571428571428,10,0.10000000000000142,1.5,0.010000000000000009
2,473.0,528.15,10,0.10000000000000053,1.5,0.010000000000000009
3,484.0,528.2857142857142,10,0.10000000000000142,1.3999999999999773,0.010000000000000009
4,482.0,548.0833333333334,10,0.10000000000000053,1.3999999999999773,0.010000000000000009
5,496.0,540.5428571428572,10,0.10000000000000142,1.299999999999983,0.010000000000000009
6,493.0,536.7833333333333,10,0.10000000000000053,1.299999999999983,0.010000000000000009
7,491.0,531.8428571428573,10,0.10000000000000142,1.299999999999983,0.010000000000000009
8,478.0,530.8666666666667,10,0.10000000000000231,1.1999999999999318,0.010000000000000453
9,478.0,534.9692307692308,10,0.10000000000000142,1.199999999999875,0.010000000000000897
10,476.0,521.6115384615384,10,8.881784197001252e-16,1.0999999999998806,0.010000000000000897
11,528.0,520.5615384615384,10,8.881784197001252e-16,1.0999999999998806,0.010000000000000897
12,526.0,510.68076923076933,10,8.881784197001252e-16,1.0999999999998806,0.010000000000000897
13,526.0,508.6538461538461,10,8.881784197001252e-16,0.9999999999998863,0.010000000000000897
14,550.0,512.1423076923077,10,8.881784197001252e-16,0.9999999999998863,0.010000000000000897
15,548.0,511.576923076923,10,8.881784197001252e-16,0.8999999999998636,0.010000000000000897
16,553.0,498.76923076923066,10,8.881784197001252e-16,0.8999999999998636,0.010000000000000897
17,542.0,491.0416666666668,10,1.7763568394002505e-15,0.8999999999999204,0.010000000000000453
18,540.0,271.94375,10,1.7763568394002505e-15,0.7999999999999545,0.010000000000000009
19,542.0,490.9,10,8.881784197001252e-16,0.799999999999983,0.010000000000000009
20,543.0,489.7833333333333,10,0.0,0.6999999999999886,0.010000000000000009
21,534.0,487.4428571428571,10,8.881784197001252e-16,0.6999999999999886,0.010000000000000009
22,523.0,490.81666666666666,10,0.0,0.6999999999999886,0.010000000000000009
23,522.0,486.02857142857147,10,8.881784197001252e-16,0.5999999999999943,0.010000000000000009
24,519.0,482.9,10,0.09999999999999964,1.5999999999999943,0.010000000000000009
25,511.0,480.8428571428572,10,0.09999999999999876,1.5,0.010000000000000009
26,513.0,479.9333333333333,10,0.09999999999999964,1.5,0.010000000000000009
27,502.0,465.64285714285705,10,0.09999999999999876,1.5,0.010000000000000009
28,494.0,466.88333333333327,10,0.09999999999999964,1.3999999999999773,0.010000000000000009
29,497.0,468.68571428571437,10,0.09999999999999876,1.3999999999999773,0.010000000000000009
30,492.0,463.8428571428572,10,0.09999999999999876,1.299999999999983,0.010000000000000009
31,495.0,459.48333333333335,10,0.09999999999999964,1.299999999999983,0.010000000000000009
32,493.0,449.9,10,0.09999999999999876,1.299999999999983,0.010000000000000009
33,492.0,449.56666666666666,10,0.09999999999999964,1.1999999999999886,0.010000000000000009
34,493.0,452.64285714285705,10,0.09999999999999876,1.1999999999999886,0.010000000000000009
35,489.0,438.8928571428572,10,0.09999999999999787,1.0999999999999943,0.010000000000000009
36,489.0,433.28000000000014,10,0.09999999999999876,1.0999999999999375,0.010000000000000897
37,470.0,425.6884615384615,10,0.09999999999999876,1.0999999999998806,0.010000000000000897
38,474.0,417.75384615384615,10,0.09999999999999876,0.9999999999998863,0.010000000000000897
39,478.0,413.55769230769226,10,0.09999999999999876,0.9999999999998863,0.010000000000000897
40,478.0,409.8615384615384,10,0.09999999999999876,0.8999999999998636,0.010000000000000897
41,469.0,404.7153846153846,10,0.09999999999999876,0.8999999999998636,0.010000000000000897
42,456.0,388.70434782608686,10,1.7763568394002505e-15,0.8999999999999204,0.010000000000000453
43,456.0,322.85,10,1.7763568394002505e-15,0.7999999999999261,0.010000000000000453
44,470.0,397.02307692307687,10,8.881784197001252e-16,0.7999999999998693,0.010000000000000897
45,457.0,396.38947368421066,10,1.7763568394002505e-15,0.6999999999999318,0.010000000000000231
46,443.0,388.61428571428564,10,8.881784197001252e-16,0.6999999999999886,0.010000000000000009
47,433.0,385.45,10,0.0,0.6999999999999886,0.010000000000000009
48,427.0,383.91428571428565,10,0.10000000000000053,1.5,0.010000000000000009
49,424.0,384.2833333333333,10,0.10000000000000053,1.5,0.010000000000000009
50,421.0,382.21428571428567,10,0.10000000000000053,1.4000000000000057,0.010000000000000009
51,417.0,377.1166666666666,10,0.10000000000000053,1.4000000000000057,0.010000000000000009
52,411.0,379.2,10,0.10000000000000053,1.4000000000000057,0.010000000000000009
53,408.0,378.56666666666666,10,0.10000000000000053,1.299999999999983,0.010000000000000009
54,410.0,376.85714285714295,10,0.10000000000000053,1.299999999999983,0.010000000000000009
55,406.0,374.75714285714287,10,0.10000000000000053,1.1999999999999886,0.010000000000000009
56,401.0,372.41666666666674,10,0.10000000000000053,1.1999999999999886,0.010000000000000009
57,396.0,372.78571428571433,10,0.10000000000000053,1.1999999999999886,0.010000000000000009
58,394.0,366.9,10,0.10000000000000053,1.0999999999999943,0.010000000000000009
59,392.0,361.0571428571429,10,0.10000000000000053,1.0999999999999943,0.010000000000000009
60,388.0,357.8,10,0.10000000000000053,1.0,0.010000000000000009
61,386.0,357.81428571428563,10,0.10000000000000053,1.0,0.010000000000000009
62,386.0,358.81428571428563,10,0.10000000000000053,0.9999999999999716,0.010000000000000009
63,384.0,357.2576923076923,10,0.10000000000000231,0.900000000000091,0.010000000000000897
64,383.0,356.88846153846146,10,0.10000000000000231,0.900000000000091,0.010000000000000897
65,380.0,352.90384615384613,10,0.10000000000000231,0.8000000000000682,0.010000000000000897
66,377.0,351.33076923076925,10,0.10000000000000231,0.8000000000000682,0.010000000000000897
67,379.0,343.8153846153846,10,0.10000000000000231,0.8000000000000682,0.010000000000000897
68,375.0,297.5375,10,0.10000000000000231,0.7000000000000455,0.010000000000000453
69,369.0,340.7407407407408,10,0.10000000000000231,0.7000000000000739,0.010000000000000897
70,365.0,337.073076923077,10,0.10000000000000231,0.6000000000000796,0.010000000000000897
71,366.0,335.22692307692313,10,0.10000000000000231,0.6000000000000796,0.010000000000000897
72,364.0,337.2826086956522,10,0.20000000000000018,1.5,0.010000000000000453
73,364.0,337.7857142857143,10,0.20000000000000018,1.4000000000000057,0.010000000000000009
74,366.0,339.53333333333336,10,0.20000000000000018,1.4000000000000057,0.010000000000000009
75,364.0,340.88571428571424,10,0.09999999999999964,1.3000000000000114,0.010000000000000009
76,359.0,336.8,10,0.09999999999999964,1.3000000000000114,0.010000000000000009
77,357.0,332.6,10,0.09999999999999964,1.3000000000000114,0.010000000000000009
78,355.0,335.0333333333333,10,0.09999999999999964,1.1999999999999886,0.010000000000000009
79,352.0,355.07142857142856,10,0.09999999999999964,1.1999999999999886,0.010000000000000009
80,350.0,362.85,10,0.09999999999999964,1.0999999999999943,0.010000000000000009
81,345.0,353.29999999999984,10,0.09999999999999964,1.0999999999999943,0.010000000000000009
82,343.0,343.66666666666674,10,0.09999999999999964,1.0999999999999943,0.010000000000000009
83,344.0,335.82857142857154,10,0.09999999999999964,1.0,0.010000000000000009
84,348.0,335.6333333333334,10,0.09999999999999964,1.0,0.010000000000000009
85,349.0,342.3,10,0.09999999999999964,0.9000000000000057,0.010000000000000009
86,345.0,340.2833333333333,10,0.09999999999999964,0.9000000000000057,0.010000000000000009
87,342.0,332.97142857142865,10,0.09999999999999964,0.9000000000000057,0.010000000000000009
88,342.0,333.05,10,0.09999999999999964,0.8000000000000114,0.010000000000000009
89,345.0,327.06666666666666,10,0.09999999999999964,0.8000000000000114,0.010000000000000009
90,369.0,323.7181818181818,10,0.09999999999999964,0.6999999999999886,0.010000000000000453
91,368.0,319.1333333333334,10,0.09999999999999964,0.6999999999999886,0.010000000000000009
92,356.0,317.62,10,0.09999999999999964,0.6999999999999886,0.010000000000000009
93,353.0,223.047619047619,10,0.09999999999999964,0.5999999999999943,0.010000000000000453
97,343.0,318.0625,10,0.09999999999999964,1.5,0.010000000000000009
98,344.0,353.99615384615385,10,0.09999999999999964,1.4000000000000057,0.010000000000000897
99,338.0,381.9684210526316,10,0.09999999999999964,1.4000000000000057,0.010000000000000231
100,334.0,450.8714285714285,10,0.09999999999999964,1.3000000000000114,0.010000000000000009
101,330.0,445.65,10,0.09999999999999964,1.3000000000000114,0.010000000000000009
102,329.0,469.5,10,0.09999999999999964,1.3000000000000114,0.010000000000000009
103,329.0,466.41666666666674,10,0.09999999999999964,1.1999999999999886,0.010000000000000009
104,327.0,503.8285714285715,10,0.09999999999999964,1.1999999999999886,0.010000000000000009
105,322.0,522.8333333333334,10,0.09999999999999964,1.0999999999999943,0.010000000000000009
106,324.0,571.0285714285714,10,0.09999999999999964,1.0999999999999943,0.010000000000000009
107,324.0,631.1999999999998,10,0.09999999999999964,1.0999999999999943,0.010000000000000009
108,345.0,634.6428571428571,10,0.09999999999999964,1.0,0.010000000000000009
109,387.0,650.5285714285714,10,0.0,1.0,0.010000000000000009
110,451.0,649.1,10,0.0,0.9000000000000057,0.010000000000000009
111,453.0,653.3714285714285,10,0.0,0.9000000000000057,0.010000000000000009
112,486.0,661.8666666666667,10,0.0,0.9000000000000057,0.010000000000000009
113,489.0,651.0142857142856,10,0.0,0.8000000000000114,0.010000000000000009
114,512.0,666.1,10,0.0,0.8000000000000114,0.010000000000000009
115,539.0,669.4428571428572,10,0.0,0.6999999999999886,0.010000000000000009
116,597.0,680.1400000000001,10,0.0,0.6999999999999886,0.010000000000000231
117,632.0,692.0615384615387,10,0.0,0.6999999999999886,0.010000000000000897
118,633.0,453.4173913043479,10,0.0,0.5999999999999943,0.010000000000000453
119,667.0,691.2304347826085,10,0.0,0.5999999999999943,0.010000000000000453
122,667.0,696.8533333333332,10,0.09999999999999876,1.4000000000000625,0.010000000000000009
123,670.0,706.4230769230769,10,0.09999999999999787,1.299999999999926,0.010000000000000897
124,687.0,696.8961538461538,10,0.09999999999999787,1.299999999999926,0.010000000000000897
125,676.0,694.6148148148147,10,0.09999999999999787,1.1999999999999318,0.010000000000000897
126,685.0,694.24375,10,0.09999999999999876,1.200000000000074,0.010000000000000009
127,706.0,652.4142857142857,10,0.10000000000000053,1.2000000000000455,0.010000000000000009
128,707.0,645.6166666666667,10,0.10000000000000053,1.0999999999999943,0.010000000000000009
129,708.0,666.5285714285716,10,0.10000000000000053,1.1000000000000227,0.010000000000000009
130,705.0,650.7666666666668,10,0.10000000000000053,1.0,0.010000000000000009
131,722.0,645.3714285714286,10,0.10000000000000053,1.0000000000000284,0.010000000000000009
132,717.0,637.0500000000002,10,0.10000000000000053,1.0,0.010000000000000009
133,712.0,642.0857142857143,10,0.10000000000000053,0.9000000000000341,0.010000000000000009
134,715.0,619.2833333333333,10,0.10000000000000053,0.9000000000000057,0.010000000000000009
135,712.0,609.0428571428573,10,0.10000000000000053,0.8000000000000398,0.010000000000000009
136,705.0,614.8166666666667,10,0.10000000000000053,0.8000000000000114,0.010000000000000009
137,663.0,600.0,10,0.10000000000000053,0.8000000000000398,0.010000000000000009
138,653.0,586.7571428571429,10,0.10000000000000053,0.7000000000000455,0.010000000000000009
139,681.0,586.0,10,0.10000000000000053,0.700000000000017,0.010000000000000009
140,659.0,597.4142857142857,10,0.10000000000000053,0.6000000000000227,0.010000000000000009
141,644.0,633.4,10,0.10000000000000053,0.5999999999999943,0.010000000000000009
142,641.0,611.7285714285715,10,0.10000000000000053,0.6000000000000227,0.010000000000000009
143,655.0,402.9526315789473,10,0.09999999999999787,0.5,0.010000000000000231
144,645.0,528.8260869565216,10,0.20000000000000107,1.4999999999999432,0.010000000000000453
145,615.0,586.5807692307693,10,0.09999999999999876,1.3999999999999204,0.010000000000000897
146,622.0,576.9692307692308,10,0.09999999999999876,1.3999999999999204,0.010000000000000897
147,612.0,565.8,10,0.09999999999999876,1.3999999999999204,0.010000000000000897
148,599.0,560.0538461538462,10,0.09999999999999876,1.299999999999926,0.010000000000000897
149,602.0,556.1555555555557,10,0.09999999999999876,1.299999999999926,0.010000000000000897
150,611.0,544.8846153846154,10,0.09999999999999876,1.1999999999999318,0.010000000000000897
151,637.0,535.9769230769232,10,0.09999999999999876,1.1999999999999318,0.010000000000000897
152,627.0,525.3153846153847,10,0.09999999999999876,1.1999999999999318,0.010000000000000897
153,622.0,518.78,10,0.10000000000000142,1.1000000000000227,0.010000000000000009
154,601.0,509.85000000000014,10,0.10000000000000053,1.0999999999999943,0.010000000000000009
155,592.0,499.78571428571433,10,0.10000000000000142,1.0000000000000284,0.010000000000000009
156,585.0,495.81666666666666,10,0.10000000000000053,1.0,0.010000000000000009
157,572.0,487.2428571428572,10,0.10000000000000142,1.0000000000000284,0.010000000000000009
158,559.0,477.55,10,0.10000000000000053,0.9000000000000057,0.010000000000000009
159,560.0,473.07142857142856,10,0.10000000000000142,0.9000000000000341,0.010000000000000009
160,551.0,468.98333333333335,10,0.10000000000000053,0.8000000000000114,0.010000000000000009
161,541.0,461.9142857142857,10,0.10000000000000142,0.8000000000000398,0.010000000000000009
162,541.0,486.93333333333334,10,0.10000000000000053,0.8000000000000114,0.010000000000000009
163,518.0,470.9714285714286,10,0.10000000000000142,0.7000000000000455,0.010000000000000009
164,524.0,482.48333333333335,10,0.10000000000000053,0.700000000000017,0.010000000000000009
165,514.0,465.9857142857143,10,0.10000000000000142,0.6000000000000227,0.010000000000000009
166,507.0,466.01666666666665,10,0.10000000000000053,0.5999999999999943,0.010000000000000009
167,514.0,460.3571428571428,10,0.10000000000000142,0.6000000000000227,0.010000000000000009
168,485.0,346.72,10,0.10000000000000053,1.4000000000000057,0.010000000000000009
169,478.0,373.725,10,0.10000000000000142,1.4000000000000057,0.010000000000000009
170,475.0,450.45000000000016,10,0.09999999999999876,1.300000000000125,0.010000000000000897
171,479.0,444.03076923076935,10,0.09999999999999876,1.300000000000125,0.010000000000000897
172,488.0,448.2461538461538,10,0.09999999999999876,1.300000000000125,0.010000000000000897
173,484.0,450.5814814814814,10,0.09999999999999876,1.2000000000001307,0.010000000000000897
174,495.0,428.33846153846156,10,0.09999999999999876,1.2000000000001307,0.010000000000000897
175,482.0,422.5884615384617,10,0.09999999999999876,1.1000000000001364,0.010000000000000897
176,466.0,434.60769230769233,10,0.09999999999999876,1.1000000000001364,0.010000000000000897
177,473.0,434.3653846153847,10,0.09999999999999876,1.1000000000001364,0.010000000000000897
178,447.0,428.9846153846154,10,0.09999999999999876,1.0000000000001137,0.010000000000000897
179,457.0,461.28461538461517,10,0.09999999999999876,1.0000000000001137,0.010000000000000897
180,454.0,498.4857142857143,10,0.10000000000000142,0.9000000000000057,0.010000000000000009
181,449.0,536.35,10,0.0,0.9000000000000057,0.010000000000000009
182,459.0,539.7285714285715,10,8.881784197001252e-16,0.9000000000000057,0.010000000000000009
183,461.0,536.3,10,0.0,0.8000000000000114,0.010000000000000009
184,438.0,534.6,10,8.881784197001252e-16,0.8000000000000114,0.010000000000000009
185,425.0,537.1999999999998,10,0.0,0.700000000000017,0.010000000000000009
186,422.0,519.6571428571427,10,8.881784197001252e-16,0.700000000000017,0.010000000000000009
187,440.0,527.6166666666667,10,0.0,0.700000000000017,0.010000000000000009
188,435.0,530.6428571428571,10,8.881784197001252e-16,0.6000000000000227,0.010000000000000009
189,460.0,521.4833333333332,10,0.0,0.6000000000000227,0.010000000000000009
190,506.0,518.1714285714286,10,8.881784197001252e-16,0.5,0.010000000000000009
191,544.0,517.65,10,0.0,0.5,0.010000000000000009
192,544.0,519.4857142857144,10,0.09999999999999876,1.5,0.010000000000000009
193,542.0,440.86666666666673,10,0.09999999999999964,1.4000000000000057,0.010000000000000009
194,550.0,347.35,10,0.09999999999999964,1.4000000000000057,0.010000000000000009
195,543.0,499.875,10,0.09999999999999964,1.3000000000000114,0.010000000000000009
196,524.0,496.25555555555565,10,0.09999999999999876,1.3000000000000114,0.010000000000000009
197,532.0,498.5307692307691,10,0.10000000000000142,1.300000000000125,0.010000000000000897
198,534.0,499.11153846153854,10,0.10000000000000142,1.2000000000001307,0.010000000000000897
199,527.0,488.64230769230767,10,0.10000000000000142,1.2000000000001307,0.010000000000000897
200,520.0,483.20769230769235,10,0.10000000000000142,1.1000000000001364,0.010000000000000897
219,545.0,418.3833333333334,10,0.0,1.4000000000000057,0.010000000000000009
220,546.0,589.0333333333333,10,0.0,1.3000000000000114,0.010000000000000009
221,546.0,574.8142857142857,10,8.881784197001252e-16,1.3000000000000114,0.010000000000000009
222,562.0,562.1999999999998,10,0.0,1.3000000000000114,0.010000000000000009
223,608.0,537.4142857142858,10,8.881784197001252e-16,1.200000000000017,0.010000000000000009
224,627.0,417.8625,10,8.881784197001252e-16,1.200000000000017,0.010000000000000009
225,624.0,519.8153846153846,10,1.7763568394002505e-15,1.1000000000001364,0.010000000000000897
226,630.0,504.75384615384615,10,1.7763568394002505e-15,1.1000000000001364,0.010000000000000897
227,628.0,511.4192307692308,10,1.7763568394002505e-15,1.1000000000001364,0.010000000000000897
228,618.0,504.9916666666666,10,0.0,1.0000000000000568,0.010000000000000453
229,603.0,480.0730769230769,10,1.7763568394002505e-15,1.0000000000001137,0.010000000000000897
230,594.0,463.1153846153846,10,1.7763568394002505e-15,0.9000000000001194,0.010000000000000897
231,575.0,460.51153846153846,10,1.7763568394002505e-15,0.9000000000001194,0.010000000000000897
232,563.0,448.14230769230767,10,1.7763568394002505e-15,0.9000000000001194,0.010000000000000897
233,544.0,431.9,10,0.0,0.8000000000000114,0.010000000000000009
234,530.0,455.7333333333333,10,0.0,0.8000000000000114,0.010000000000000009
235,523.0,468.77142857142854,10,8.881784197001252e-16,0.700000000000017,0.010000000000000009
236,511.0,465.86666666666673,10,0.0,0.700000000000017,0.010000000000000009
237,520.0,462.16666666666674,10,0.0,0.700000000000017,0.010000000000000009
238,512.0,432.01666666666665,10,0.0,0.6000000000000227,0.010000000000000009
239,515.0,433.0,10,8.881784197001252e-16,0.6000000000000227,0.010000000000000009
240,496.0,412.45,10,0.10000000000000053,1.3999999999999773,0.019999999999999796
241,479.0,407.57142857142856,10,0.10000000000000053,1.3999999999999773,0.019999999999999796
242,471.0,392.83333333333326,10,0.10000000000000053,1.3999999999999773,0.019999999999999796
243,469.0,382.16666666666674,10,0.10000000000000053,1.299999999999983,0.019999999999999796
244,486.0,345.8,10,0.10000000000000053,1.299999999999983,0.020000000000000018
245,503.0,390.57142857142856,10,0.10000000000000053,1.1999999999999886,0.019999999999999796
246,505.0,386.0,10,0.10000000000000053,1.1999999999999886,0.019999999999999796
247,491.0,375.8,10,0.10000000000000053,1.1999999999999886,0.019999999999999796
248,510.0,392.68571428571437,10,0.10000000000000053,1.0999999999999943,0.019999999999999796
249,498.0,397.61666666666673,10,0.10000000000000053,1.0999999999999943,0.019999999999999796
250,478.0,417.83333333333326,10,0.10000000000000053,1.0,0.019999999999999796
251,469.0,405.32,10,0.10000000000000053,1.0,0.020000000000000018
252,455.0,395.97199999999987,10,0.10000000000000231,0.9999999999999432,0.019999999999999796
253,446.0,395.01923076923066,10,0.10000000000000231,0.8999999999998636,0.019999999999999796
254,450.0,406.9500000000001,10,0.10000000000000231,0.8999999999998636,0.019999999999999796
255,448.0,415.6384615384615,10,0.10000000000000231,0.7999999999998693,0.019999999999999796
256,434.0,398.1153846153847,10,0.10000000000000231,0.7999999999998693,0.019999999999999796
257,427.0,400.11153846153854,10,0.10000000000000231,0.7999999999998693,0.019999999999999796
258,442.0,388.58846153846156,10,0.10000000000000231,0.6999999999998749,0.019999999999999796
259,450.0,374.1576923076922,10,1.7763568394002505e-15,0.6999999999998749,0.019999999999999796
260,471.0,365.9333333333333,10,0.0,0.5999999999999943,0.019999999999999796
261,462.0,376.31666666666666,10,0.0,0.5999999999999943,0.019999999999999796
262,455.0,357.7428571428572,10,0.0,0.5999999999999943,0.019999999999999796
263,446.0,356.64999999999986,10,0.0,0.5,0.019999999999999796
264,459.0,353.5142857142857,10,0.0,1.5,0.019999999999999796
265,462.0,335.35,10,0.0,1.3999999999999773,0.019999999999999796
266,449.0,343.07142857142856,10,0.0,1.3999999999999773,0.019999999999999796
267,450.0,337.81666666666666,10,0.0,1.3999999999999773,0.019999999999999796
268,441.0,274.97142857142853,10,0.0,1.299999999999983,0.019999999999999796
269,430.0,331.98333333333335,10,0.0,1.299999999999983,0.019999999999999796
270,428.0,332.1,10,0.0,1.1999999999999886,0.019999999999999796
271,422.0,329.9166666666667,10,0.0,1.1999999999999886,0.019999999999999796
272,403.0,335.88571428571424,10,0.0,1.1999999999999886,0.019999999999999796
273,410.0,340.4000000000001,10,0.0,1.0999999999999943,0.019999999999999796
274,393.0,372.78571428571433,10,0.0,1.0999999999999943,0.019999999999999796
275,388.0,379.65,10,0.0,1.0,0.019999999999999796
276,397.0,389.91428571428565,10,0.0,1.0,0.019999999999999796
277,388.0,359.54000000000013,10,0.0,1.0,0.020000000000000018
278,381.0,392.91428571428565,10,0.0,0.8999999999999773,0.019999999999999796
279,377.0,385.5,10,0.0,0.8999999999999773,0.019999999999999796
280,379.0,397.36666666666673,10,0.0,0.799999999999983,0.019999999999999796
281,376.0,394.15714285714284,10,0.0,0.799999999999983,0.019999999999999796
282,384.0,387.33333333333326,10,0.0,0.799999999999983,0.019999999999999796
283,399.0,378.9857142857143,10,0.0,0.6999999999999886,0.019999999999999796
284,434.0,396.8666666666666,10,0.0,0.6999999999999886,0.019999999999999796
285,440.0,384.4857142857143,10,0.0,0.5999999999999943,0.019999999999999796
286,447.0,373.58333333333326,10,0.0,0.5999999999999943,0.019999999999999796
287,457.0,384.9,10,0.0,0.5999999999999943,0.019999999999999796
288,457.0,382.8666666666666,10,0.09999999999999964,1.5,0.019999999999999796
289,467.0,331.07142857142867,10,0.09999999999999964,1.5,0.019999999999999796
290,464.0,171.9857142857143,10,0.09999999999999964,1.3999999999999773,0.019999999999999796
291,461.0,290.5576923076923,10,0.09999999999999964,1.3999999999998636,0.019999999999999796
292,469.0,253.5346153846154,10,0.09999999999999964,1.3999999999998636,0.019999999999999796
293,464.0,160.62,10,0.09999999999999964,1.299999999999983,0.019999999999999796
294,461.0,137.5307692307692,10,0.09999999999999964,1.2999999999998693,0.019999999999999796
295,458.0,211.5888888888889,10,0.09999999999999964,1.199999999999875,0.019999999999999796
296,455.0,284.432,10,0.09999999999999964,1.1999999999999318,0.019999999999999796
297,456.0,221.9954545454545,10,0.09999999999999964,1.1999999999999318,0.019999999999999796
298,457.0,217.71428571428572,10,0.09999999999999964,1.0999999999999943,0.019999999999999796
299,448.0,237.43333333333337,10,0.09999999999999964,1.0999999999999943,0.019999999999999796
300,432.0,159.15714285714287,10,0.09999999999999964,1.0,0.019999999999999796
301,430.0,156.56666666666666,10,0.0,1.0,0.019999999999999796
302,428.0,110.05714285714285,10,0.0,1.0,0.019999999999999796
303,427.0,57.75999999999999,10,0.0,0.8999999999999773,0.020000000000000018
304,422.0,79.23333333333333,10,0.0,0.8999999999999773,0.019999999999999796
305,427.0,119.5,10,0.0,0.799999999999983,0.019999999999999796
306,430.0,120.05,10,0.0,0.799999999999983,0.019999999999999796
307,450.0,47.26666666666667,10,0.0,0.799999999999983,0.020000000000000018
308,452.0,81.3,10,0.0,0.6999999999999886,0.020000000000000018
309,453.0,58.6,10,0.0,0.6999999999999886,0.020000000000000018
310,455.0,70.39999999999998,10,0.0,0.5999999999999943,0.020000000000000018
312,469.0,49.68333333333334,10,0.10000000000000053,1.5999999999999943,0.019999999999999796
313,480.0,92.08125,10,0.09999999999999787,1.4999999999999716,0.019999999999999796
314,474.0,55.157894736842096,10,0.09999999999999787,1.4999999999999432,0.019999999999999796
315,482.0,50.49999999999998,10,0.09999999999999787,1.3999999999999204,0.019999999999999796
316,491.0,39.48823529411764,10,0.09999999999999787,1.3999999999999488,0.019999999999999796
317,481.0,25.32727272727273,10,0.09999999999999964,1.299999999999983,0.019999999999999796
318,490.0,29.62,10,0.09999999999999964,1.299999999999983,0.020000000000000018
319,481.0,25.620000000000005,10,0.09999999999999964,1.299999999999983,0.019999999999999796
320,465.0,24.385714285714283,10,0.09999999999999876,1.1999999999999886,0.019999999999999796
321,461.0,25.88181818181818,10,0.09999999999999787,1.1999999999999318,0.019999999999999796
322,461.0,22.7,10,0.09999999999999876,1.0999999999999943,0.019999999999999796
323,478.0,23.47777777777778,10,0.09999999999999787,1.099999999999966,0.019999999999999796
324,485.0,23.752173913043475,10,0.09999999999999787,1.0999999999999375,0.019999999999999796
325,484.0,27.885714285714283,10,0.09999999999999876,1.0,0.019999999999999796
326,459.0,30.14545454545454,10,0.09999999999999964,1.0,0.019999999999999796
327,461.0,32.666666666666664,10,0.10000000000000053,0.8999999999999773,0.019999999999999796
328,456.0,24.17777777777778,10,0.09999999999999787,0.8999999999999488,0.019999999999999796
329,458.0,28.764285714285712,10,0.09999999999999876,0.8999999999999773,0.019999999999999796
330,464.0,18.400000000000006,10,0.09999999999999787,0.7999999999999545,0.019999999999999796
331,464.0,20.5125,10,0.10000000000000053,0.799999999999983,0.019999999999999796
332,456.0,24.5,10,0.09999999999999876,0.6999999999999886,0.020000000000000018
333,449.0,25.43333333333333,10,0.10000000000000053,0.6999999999999886,0.019999999999999796
334,446.0,24.818181818181817,10,0.09999999999999964,0.6999999999999886,0.019999999999999796
335,444.0,22.723076923076924,10,0.09999999999999876,0.5999999999999943,0.019999999999999796
336,452.0,24.25625,10,0.09999999999999787,1.599999999999966,0.019999999999999796
337,447.0,23.461111111111123,10,0.09999999999999787,1.4999999999999716,0.019999999999999796
338,441.0,22.93333333333333,10,0.10000000000000053,1.5,0.019999999999999796
339,443.0,25.60588235294117,10,0.09999999999999787,1.4999999999999716,0.019999999999999796
340,442.0,107.67777777777779,10,0.10000000000000053,1.3999999999999773,0.019999999999999796
341,451.0,47.164705882352955,10,0.09999999999999787,1.3999999999999488,0.019999999999999796
342,450.0,36.52777777777777,10,0.09999999999999787,1.2999999999999545,0.019999999999999796
343,463.0,72.95,10,0.09999999999999876,1.299999999999983,0.019999999999999796
344,464.0,170.9875,10,0.09999999999999787,1.2999999999999545,0.019999999999999796
345,459.0,21.565,10,0.09999999999999787,1.1999999999999318,0.019999999999999796
346,467.0,22.33333333333333,10,8.881784197001252e-16,1.1999999999999886,0.019999999999999796
347,454.0,154.81176470588238,10,1.7763568394002505e-15,1.099999999999966,0.019999999999999796
348,455.0,89.49230769230768,10,8.881784197001252e-16,1.0999999999999943,0.019999999999999796
349,455.0,15.7,10,0.0,1.0999999999999943,0.020000000000000018
350,446.0,22.4,10,0.0,1.0,0.020000000000000018
351,447.0,65.53999999999999,10,1.7763568394002505e-15,0.9999999999999432,0.019999999999999796
352,440.0,41.87391304347826,10,1.7763568394002505e-15,0.8999999999999204,0.019999999999999796
353,435.0,64.65714285714286,10,8.881784197001252e-16,0.8999999999999773,0.019999999999999796
354,432.0,110.35909090909092,10,1.7763568394002505e-15,0.8999999999999204,0.019999999999999796
355,429.0,43.86086956521738,10,1.7763568394002505e-15,0.7999999999999261,0.019999999999999796
356,423.0,103.57307692307691,10,3.552713678800501e-15,0.7999999999998693,0.019999999999999796
357,419.0,55.072,10,1.7763568394002505e-15,0.6999999999999318,0.019999999999999796
358,416.0,48.22380952380953,10,1.7763568394002505e-15,0.6999999999999318,0.019999999999999796
359,417.0,64.79615384615384,10,3.552713678800501e-15,0.6999999999998749,0.019999999999999796
360,428.0,118.9076923076923,10,3.552713678800501e-15,1.5999999999998806,0.019999999999999796
361,423.0,108.24444444444444,10,1.7763568394002505e-15,1.599999999999966,0.019999999999999796
362,428.0,206.94285714285718,10,8.881784197001252e-16,1.5,0.019999999999999796
363,428.0,60.15,10,8.881784197001252e-16,1.5,0.019999999999999796
364,427.0,46.65714285714286,10,8.881784197001252e-16,1.5,0.019999999999999796
365,428.0,54.14285714285715,10,8.881784197001252e-16,1.3999999999999773,0.019999999999999796
366,429.0,40.44000000000001,10,0.0,1.3999999999999773,0.020000000000000018
367,426.0,68.04545454545455,10,1.7763568394002505e-15,1.299999999999926,0.019999999999999796
368,424.0,77.35882352941178,10,1.7763568394002505e-15,1.2999999999999545,0.019999999999999796
369,423.0,34.114285714285714,10,8.881784197001252e-16,1.299999999999983,0.019999999999999796
370,425.0,124.38,10,0.0,1.1999999999999886,0.020000000000000018
371,411.0,136.21428571428572,10,8.881784197001252e-16,1.1999999999999886,0.019999999999999796
372,407.0,40.73333333333333,10,8.881784197001252e-16,1.0999999999999943,0.019999999999999796
373,408.0,77.8,10,8.881784197001252e-16,1.0999999999999943,0.019999999999999796
374,408.0,71.68571428571428,10,8.881784197001252e-16,1.0999999999999943,0.019999999999999796
375,425.0,61.35,10,8.881784197001252e-16,1.0,0.019999999999999796
376,418.0,25.685714285714283,10,8.881784197001252e-16,1.0,0.019999999999999796
377,424.0,93.23333333333332,10,1.7763568394002505e-15,0.8999999999999204,0.019999999999999796
378,431.0,51.88333333333333,10,8.881784197001252e-16,0.8999999999999773,0.019999999999999796
379,424.0,22.28,10,0.0,0.8999999999999773,0.020000000000000018
380,410.0,44.92727272727273,10,0.0,0.799999999999983,0.019999999999999796
381,404.0,92.1,10,8.881784197001252e-16,0.799999999999983,0.019999999999999796
382,401.0,52.45,10,8.881784197001252e-16,0.6999999999999886,0.019999999999999796
383,399.0,59.971428571428575,10,8.881784197001252e-16,0.6999999999999886,0.019999999999999796
384,394.0,60.83333333333334,10,0.10000000000000053,1.6999999999999886,0.010000000000000009
385,392.0,37.6,10,0.10000000000000142,1.5999999999999943,0.010000000000000009
386,385.0,34.1,10,0.10000000000000053,1.5999999999999943,0.010000000000000009
387,383.0,80.02857142857144,10,0.10000000000000142,1.5,0.010000000000000009
388,381.0,128.01666666666668,10,0.10000000000000053,1.5,0.010000000000000009
389,370.0,150.52,10,0.10000000000000053,1.5,0.010000000000000009
390,369.0,72.13571428571426,10,0.10000000000000231,1.3999999999999773,0.010000000000000009
391,368.0,131.27307692307693,10,0.09999999999999787,1.3999999999998636,0.010000000000000897
392,377.0,175.7769230769231,10,0.09999999999999787,1.2999999999998693,0.010000000000000897
393,367.0,157.6,10,0.09999999999999876,1.299999999999926,0.010000000000000897
394,366.0,204.71538461538452,10,2.6645352591003757e-15,1.2999999999998693,0.010000000000000897
395,370.0,125.93478260869566,10,0.0,1.1999999999999318,0.010000000000000453
396,368.0,153.88000000000005,10,0.0,1.1999999999999886,0.010000000000000009
397,365.0,295.325,10,0.0,1.0999999999999943,0.010000000000000009
398,362.0,223.66666666666669,10,0.0,1.0999999999999943,0.010000000000000009
399,362.0,223.0666666666667,10,0.0,1.0999999999999943,0.010000000000000009
400,361.0,275.57142857142856,10,8.881784197001252e-16,1.0,0.010000000000000009
401,364.0,277.3666666666667,10,0.0,1.0,0.010000000000000009
402,374.0,281.6,10,8.881784197001252e-16,0.8999999999999773,0.010000000000000009
403,363.0,286.28,10,8.881784197001252e-16,0.8999999999999204,0.010000000000000231
404,360.0,259.22222222222223,10,2.6645352591003757e-15,0.7999999999998693,0.010000000000000897
405,354.0,286.9192307692307,10,2.6645352591003757e-15,0.7999999999998693,0.010000000000000897
406,350.0,307.6076923076924,10,2.6645352591003757e-15,0.7999999999998693,0.010000000000000897
407,349.0,297.2192307692307,10,2.6645352591003757e-15,0.6999999999998749,0.010000000000000897
408,346.0,289.04285714285714,10,8.881784197001252e-16,1.6999999999999886,0.010000000000000009
409,346.0,309.03333333333336,10,0.0,1.5999999999999943,0.010000000000000009
410,341.0,293.04285714285714,10,8.881784197001252e-16,1.5999999999999943,0.010000000000000009
411,335.0,292.8400000000001,10,0.0,1.5999999999999943,0.010000000000000009
412,335.0,292.7142857142857,10,8.881784197001252e-16,1.5,0.010000000000000009
413,340.0,307.0800000000001,10,0.0,1.5,0.010000000000000009
414,346.0,317.896,10,1.7763568394002505e-15,1.3999999999999204,0.010000000000000897
415,356.0,308.70769230769224,10,2.6645352591003757e-15,1.3999999999998636,0.010000000000000897
416,356.0,310.18461538461554,10,2.6645352591003757e-15,1.3999999999998636,0.010000000000000897
417,354.0,290.5739130434784,10,0.0,1.299999999999926,0.010000000000000453
418,358.0,261.3304347826087,10,0.0,1.299999999999926,0.010000000000000453
419,355.0,319.2192307692308,10,2.6645352591003757e-15,1.199999999999875,0.010000000000000897
420,352.0,322.25384615384615,10,2.6645352591003757e-15,1.199999999999875,0.010000000000000897
421,344.0,319.8923076923077,10,2.6645352591003757e-15,1.199999999999875,0.010000000000000897
422,352.0,316.88148148148144,10,2.6645352591003757e-15,1.0999999999998806,0.010000000000000897
423,359.0,298.94615384615383,10,2.6645352591003757e-15,1.0999999999998806,0.010000000000000897
424,354.0,309.9846153846153,10,1.7763568394002505e-15,1.0,0.010000000000000009
425,350.0,305.26666666666665,10,0.0,1.0,0.010000000000000009
426,349.0,312.82857142857154,10,8.881784197001252e-16,1.0,0.010000000000000009
427,339.0,308.3333333333333,10,0.0,0.8999999999999773,0.010000000000000009
428,357.0,295.97142857142865,10,8.881784197001252e-16,0.8999999999999773,0.010000000000000009
429,364.0,308.25000000000006,10,0.0,0.799999999999983,0.010000000000000009
430,367.0,315.18571428571425,10,8.881784197001252e-16,0.799999999999983,0.010000000000000009
431,361.0,316.1500000000001,10,0.0,0.799999999999983,0.010000000000000009
432,360.0,320.5142857142858,10,0.09999999999999876,1.6999999999999886,0.010000000000000009
433,361.0,319.85,10,0.09999999999999964,1.6999999999999886,0.010000000000000009
434,364.0,322.47142857142865,10,0.09999999999999876,1.5999999999999943,0.010000000000000009
435,362.0,326.1333333333334,10,0.09999999999999964,1.5999999999999943,0.010000000000000009
436,360.0,329.54285714285714,10,0.09999999999999876,1.5999999999999943,0.010000000000000009
437,359.0,339.98,10,0.09999999999999964,1.5,0.010000000000000009
438,359.0,344.82,10,0.09999999999999964,1.5,0.010000000000000009
439,361.0,346.55,10,0.09999999999999964,1.3999999999999773,0.010000000000000009
440,361.0,344.2375,10,0.09999999999999876,1.3999999999999773,0.010000000000000009
441,361.0,341.6346153846153,10,0.10000000000000231,1.3999999999998636,0.010000000000000897
442,361.0,339.66538461538465,10,0.10000000000000231,1.2999999999998693,0.010000000000000897
443,363.0,302.96956521739133,10,0.09999999999999964,1.299999999999926,0.010000000000000453
444,368.0,325.0692307692308,10,0.10000000000000231,1.199999999999875,0.010000000000000897
445,369.0,323.33461538461535,10,2.6645352591003757e-15,1.199999999999875,0.010000000000000897
446,375.0,328.173076923077,10,2.6645352591003757e-15,1.199999999999875,0.010000000000000897
447,376.0,333.884,10,1.7763568394002505e-15,1.0999999999999375,0.010000000000000897
448,371.0,312.37307692307684,10,2.6645352591003757e-15,1.0999999999998806,0.010000000000000897
449,366.0,311.58076923076925,10,2.6645352591003757e-15,0.9999999999998863,0.010000000000000897
450,364.0,304.4076923076924,10,2.6645352591003757e-15,0.9999999999998863,0.010000000000000897
451,363.0,303.5800000000001,10,8.881784197001252e-16,1.0,0.010000000000000009
452,361.0,299.1500000000001,10,0.0,0.8999999999999773,0.010000000000000009
453,358.0,305.7857142857143,10,8.881784197001252e-16,0.8999999999999773,0.010000000000000009
454,358.0,298.6333333333333,10,0.0,0.799999999999983,0.010000000000000009
455,363.0,297.2857142857143,10,8.881784197001252e-16,0.799999999999983,0.010000000000000009
456,363.0,292.2999999999999,10,0.0,1.799999999999983,0.010000000000000009
457,361.0,291.7857142857143,10,8.881784197001252e-16,1.6999999999999886,0.010000000000000009
458,350.0,314.9000000000001,10,0.0,1.6999999999999886,0.010000000000000009
459,348.0,341.8666666666666,10,0.0,1.5999999999999943,0.010000000000000009
460,343.0,344.31666666666666,10,0.0,1.5999999999999943,0.010000000000000009
461,345.0,354.28571428571433,10,8.881784197001252e-16,1.5999999999999943,0.010000000000000009
462,344.0,343.31666666666666,10,0.0,1.5,0.010000000000000009
463,341.0,353.80000000000007,10,8.881784197001252e-16,1.5,0.010000000000000009
464,337.0,366.2285714285714,10,8.881784197001252e-16,1.3999999999999773,0.010000000000000009
465,330.0,369.9333333333333,10,0.0,1.3999999999999773,0.010000000000000009
466,328.0,379.5571428571429,10,8.881784197001252e-16,1.3999999999999773,0.010000000000000009
467,319.0,383.5,10,8.881784197001252e-16,1.299999999999983,0.010000000000000009
468,344.0,298.63333333333327,10,1.7763568394002505e-15,1.299999999999926,0.010000000000000453
469,365.0,396.66538461538454,10,2.6645352591003757e-15,1.199999999999875,0.010000000000000897
470,372.0,396.48076923076934,10,2.6645352591003757e-15,1.199999999999875,0.010000000000000897
471,368.0,404.2423076923077,10,2.6645352591003757e-15,1.0999999999998806,0.010000000000000897
472,365.0,404.85384615384623,10,2.6645352591003757e-15,1.0999999999998806,0.010000000000000897
473,365.0,402.2961538461538,10,2.6645352591003757e-15,1.0999999999998806,0.010000000000000897
474,382.0,401.7576923076922,10,2.6645352591003757e-15,0.9999999999998863,0.010000000000000897
475,388.0,397.2538461538462,10,2.6645352591003757e-15,0.9999999999998863,0.010000000000000897
476,392.0,393.87692307692316,10,2.6645352591003757e-15,0.8999999999998636,0.010000000000000897
477,398.0,397.0130434782608,10,0.0,0.8999999999999204,0.010000000000000453
478,404.0,398.34285714285716,10,8.881784197001252e-16,0.8999999999999773,0.010000000000000009
479,402.0,402.31666666666666,10,0.0,0.799999999999983,0.010000000000000009
480,397.0,405.57142857142856,10,0.10000000000000053,1.6999999999999886,0.010000000000000009
504,358.0,339.98,10,0.0,1.6999999999999886,0.010000000000000009
505,360.0,342.3714285714286,10,0.0,1.6999999999999886,0.010000000000000009
506,361.0,337.4000000000001,10,0.0,1.5999999999999943,0.010000000000000009
507,357.0,336.42857142857144,10,0.0,1.5999999999999943,0.010000000000000009
508,358.0,337.1666666666667,10,0.0,1.5999999999999943,0.010000000000000009
509,354.0,339.82857142857154,10,0.0,1.5,0.010000000000000009
510,350.0,337.75000000000006,10,0.0,1.5,0.010000000000000009
511,347.0,336.61428571428576,10,0.0,1.4000000000000057,0.010000000000000009
512,347.0,334.95,10,0.0,1.4000000000000057,0.010000000000000009
513,349.0,339.15714285714284,10,0.0,1.4000000000000057,0.010000000000000009
514,352.0,345.8571428571428,10,0.0,1.299999999999983,0.010000000000000009
515,354.0,353.7333333333333,10,0.0,1.299999999999983,0.010000000000000009
526,359.0,357.2346153846154,10,3.552713678800501e-15,0.8000000000000682,0.010000000000000897
527,359.0,362.43076923076933,10,3.552713678800501e-15,0.8000000000000682,0.010000000000000897
528,359.0,357.29230769230765,10,3.552713678800501e-15,1.700000000000074,0.010000000000000897
529,355.0,361.8961538461539,10,3.552713678800501e-15,1.700000000000074,0.010000000000000897
530,354.0,371.5923076923077,10,3.552713678800501e-15,1.700000000000074,0.010000000000000897
531,350.0,369.60624999999993,10,1.7763568394002505e-15,1.599999999999966,0.010000000000000009
532,349.0,365.9285714285714,10,0.0,1.5999999999999943,0.010000000000000009
533,355.0,359.1500000000001,10,0.0,1.5,0.010000000000000009
534,351.0,363.45714285714286,10,0.0,1.5,0.010000000000000009
535,359.0,376.88333333333327,10,0.0,1.5,0.010000000000000009
536,360.0,376.45714285714286,10,0.0,1.4000000000000057,0.010000000000000009
537,365.0,376.81428571428575,10,0.0,1.4000000000000057,0.010000000000000009
538,362.0,372.41666666666674,10,0.0,1.299999999999983,0.010000000000000009
539,367.0,357.88571428571424,10,0.0,1.299999999999983,0.010000000000000009
540,377.0,363.4666666666666,10,0.0,1.299999999999983,0.010000000000000009
541,375.0,358.8571428571428,10,0.0,1.1999999999999886,0.010000000000000009
542,371.0,369.5,10,0.0,1.1999999999999886,0.010000000000000009
543,369.0,274.8285714285714,10,0.0,1.0999999999999943,0.010000000000000009
544,370.0,354.95,10,0.0,1.0999999999999943,0.010000000000000009
545,372.0,361.1428571428572,10,0.0,1.0999999999999943,0.010000000000000009
546,369.0,357.4666666666667,10,0.0,1.0,0.010000000000000009
547,368.0,350.97142857142853,10,0.0,1.0,0.010000000000000009
548,365.0,345.99047619047616,10,1.7763568394002505e-15,0.9000000000000057,0.010000000000000453
549,377.0,347.7000000000001,10,3.552713678800501e-15,0.900000000000091,0.010000000000000897
550,370.0,350.77307692307687,10,3.552713678800501e-15,0.900000000000091,0.010000000000000897
551,363.0,352.0153846153847,10,3.552713678800501e-15,0.8000000000000682,0.010000000000000897
552,367.0,348.09615384615387,10,0.09999999999999964,1.8000000000000682,0.010000000000000897
553,379.0,347.24615384615385,10,0.09999999999999964,1.700000000000074,0.010000000000000897
554,366.0,349.8153846153846,10,0.09999999999999964,1.700000000000074,0.010000000000000897
555,365.0,348.3076923076923,10,0.09999999999999964,1.700000000000074,0.010000000000000897
556,361.0,346.85,10,0.09999999999999964,1.6000000000000796,0.010000000000000897
557,358.0,348.3961538461539,10,0.09999999999999964,1.6000000000000796,0.010000000000000897
558,356.0,345.95882352941186,10,0.09999999999999964,1.4999999999999716,0.010000000000000009
559,356.0,340.17142857142846,10,0.09999999999999964,1.5,0.010000000000000009
560,359.0,337.2,10,0.09999999999999964,1.5,0.010000000000000009
561,360.0,335.64285714285717,10,0.09999999999999964,1.4000000000000057,0.010000000000000009
562,359.0,335.0,10,0.09999999999999964,1.4000000000000057,0.010000000000000009
563,353.0,335.65714285714284,10,0.09999999999999964,1.299999999999983,0.010000000000000009
564,355.0,338.96666666666664,10,0.09999999999999964,1.299999999999983,0.010000000000000009
565,354.0,335.82857142857154,10,0.09999999999999964,1.299999999999983,0.010000000000000009
566,350.0,334.1,10,0.0,1.1999999999999886,0.010000000000000009
567,352.0,332.5571428571429,10,0.0,1.1999999999999886,0.010000000000000009
568,351.0,253.88333333333333,10,0.0,1.0999999999999943,0.010000000000000009
569,349.0,306.68571428571425,10,0.0,1.0999999999999943,0.010000000000000009
570,344.0,331.0142857142857,10,0.0,1.0999999999999943,0.010000000000000009
571,345.0,326.26666666666665,10,0.0,1.0,0.010000000000000009
572,342.0,328.35714285714283,10,0.0,1.0,0.010000000000000009
573,342.0,333.4000000000001,10,0.0,0.9000000000000057,0.010000000000000009
574,341.0,331.65714285714284,10,0.0,0.9000000000000057,0.010000000000000009
575,340.0,332.00476190476195,10,0.0,0.799999999999983,0.010000000000000453
576,337.0,331.58076923076925,10,0.0,1.6999999999999886,0.010000000000000897
577,335.0,330.4076923076923,10,0.0,1.6999999999999886,0.010000000000000897
578,338.0,333.83461538461535,10,0.0,1.5999999999999943,0.010000000000000897
579,341.0,332.5807692307692,10,0.0,1.5999999999999943,0.010000000000000897
580,330.0,331.923076923077,10,0.0,1.5,0.010000000000000897
581,332.0,329.5384615384616,10,0.0,1.5,0.010000000000000897
582,335.0,328.33461538461535,10,0.0,1.5,0.010000000000000897
583,334.0,328.50769230769225,10,0.0,1.4000000000000057,0.010000000000000897
584,336.0,326.92307692307685,10,0.0,1.4000000000000057,0.010000000000000897
585,336.0,324.96874999999994,10,0.0,1.3000000000000114,0.010000000000000009
586,333.0,320.75714285714287,10,0.0,1.3000000000000114,0.010000000000000009
587,337.0,319.0833333333333,10,0.0,1.3000000000000114,0.010000000000000009
588,336.0,318.5571428571429,10,0.0,1.1999999999999886,0.010000000000000009
589,334.0,315.3666666666666,10,0.0,1.1999999999999886,0.010000000000000009
590,333.0,311.4857142857143,10,0.0,1.0999999999999943,0.010000000000000009
591,332.0,303.63333333333327,10,0.0,1.0999999999999943,0.010000000000000009
592,329.0,308.04285714285714,10,0.0,1.0999999999999943,0.010000000000000009
593,331.0,242.58333333333331,10,0.0,1.0,0.010000000000000009
594,330.0,307.6166666666667,10,0.0,1.0,0.010000000000000009
595,328.0,312.9666666666667,10,0.0,0.9000000000000057,0.010000000000000009
596,325.0,313.9428571428571,10,0.0,0.9000000000000057,0.010000000000000009
597,324.0,314.0833333333333,10,0.0,0.9000000000000057,0.010000000000000009
598,324.0,320.3,10,0.0,0.8000000000000114,0.010000000000000009
599,321.0,324.8,10,0.0,0.8000000000000114,0.010000000000000009
600,318.0,318.68333333333334,10,0.0,1.6999999999999886,0.010000000000000009
601,313.0,315.3857142857143,10,0.0,1.6999999999999886,0.010000000000000009
602,317.0,313.4000000000001,10,0.0,1.6999999999999886,0.010000000000000009
603,314.0,316.90384615384625,10,0.0,1.5999999999999943,0.010000000000000897
604,315.0,314.5076923076923,10,0.0,1.5999999999999943,0.010000000000000897
605,319.0,313.6851851851851,10,0.0,1.5,0.010000000000000897
606,319.0,308.2807692307692,10,0.0,1.5,0.010000000000000897
607,319.0,309.3615384615385,10,0.0,1.5,0.010000000000000897
608,325.0,314.65,10,0.0,1.4000000000000057,0.010000000000000897
609,329.0,325.2153846153846,10,0.0,1.4000000000000057,0.010000000000000897
610,325.0,323.6,10,0.0,1.3000000000000114,0.010000000000000897
611,322.0,321.93076923076933,10,0.0,1.3000000000000114,0.010000000000000897
612,319.0,319.7473684210526,10,0.0,1.3000000000000114,0.010000000000000231
613,323.0,311.81428571428575,10,0.0,1.1999999999999886,0.010000000000000009
614,319.0,311.0833333333333,10,0.0,1.1999999999999886,0.010000000000000009
615,319.0,303.3714285714286,10,0.0,1.0999999999999943,0.010000000000000009
616,316.0,303.1,10,0.0,1.0999999999999943,0.010000000000000009
617,317.0,304.9428571428571,10,0.0,1.0,0.010000000000000009
618,323.0,217.4,10,0.0,1.0,0.010000000000000009
619,331.0,330.4428571428571,10,0.0,1.0,0.010000000000000009
620,328.0,334.51666666666665,10,0.0,0.9000000000000057,0.010000000000000009
621,328.0,334.8,10,0.0,0.9000000000000057,0.010000000000000009
622,325.0,332.25,10,0.0,0.8000000000000114,0.010000000000000009
623,319.0,331.7,10,0.0,0.8000000000000114,0.010000000000000009
624,319.0,336.58333333333337,10,0.10000000000000053,1.7000000000000455,0.010000000000000009
625,314.0,335.84285714285716,10,0.10000000000000053,1.6000000000000227,0.010000000000000009
626,312.0,348.9000000000001,10,0.10000000000000053,1.6000000000000227,0.010000000000000009
627,313.0,346.30000000000007,10,0.10000000000000053,1.5000000000000284,0.010000000000000009
628,334.0,341.7857142857143,10,0.10000000000000053,1.5000000000000284,0.010000000000000009
629,336.0,378.1818181818182,10,0.09999999999999964,1.5000000000000284,0.010000000000000009
630,340.0,450.9653846153845,10,0.09999999999999609,1.3999999999998636,0.010000000000000897
631,340.0,455.9846153846153,10,0.09999999999999609,1.3999999999998636,0.010000000000000897
632,343.0,457.2538461538462,10,0.09999999999999609,1.2999999999998408,0.010000000000000897
633,341.0,504.71923076923065,10,0.09999999999999609,1.2999999999998408,0.010000000000000897
634,345.0,497.89230769230767,10,0.09999999999999609,1.2999999999998408,0.010000000000000897
635,345.0,500.073076923077,10,0.09999999999999609,1.199999999999875,0.010000000000000897
636,358.0,490.20769230769235,10,0.09999999999999609,1.199999999999875,0.010000000000000897
637,358.0,462.8499999999999,10,0.09999999999999609,1.0999999999998522,0.010000000000000897
638,353.0,448.7038461538462,10,0.09999999999999609,1.0999999999998522,0.010000000000000897
639,374.0,443.27692307692297,10,0.09999999999999609,1.0999999999998522,0.010000000000000897
640,455.0,437.88333333333327,10,0.10000000000000053,1.0000000000000568,0.010000000000000009
641,473.0,434.91428571428565,10,0.10000000000000053,1.0000000000000568,0.010000000000000009
642,493.0,423.0285714285714,10,8.881784197001252e-16,0.9000000000000341,0.010000000000000009
643,502.0,275.84000000000003,10,0.0,0.8999999999999773,0.010000000000000009
644,514.0,435.07142857142856,10,8.881784197001252e-16,0.9000000000000341,0.010000000000000009
645,496.0,441.6,10,8.881784197001252e-16,0.8000000000000114,0.010000000000000009
646,480.0,442.8285714285714,10,8.881784197001252e-16,0.8000000000000114,0.010000000000000009
647,473.0,437.0333333333333,10,8.881784197001252e-16,0.7000000000000455,0.010000000000000009
654,440.0,488.8428571428572,10,8.881784197001252e-16,1.5000000000000568,0.010000000000000009
655,449.0,494.01666666666665,10,8.881784197001252e-16,1.400000000000034,0.010000000000000009
656,451.0,486.24285714285713,10,8.881784197001252e-16,1.400000000000034,0.010000000000000009
657,443.0,484.17083333333335,10,1.7763568394002505e-15,1.2999999999998977,0.010000000000000453
658,443.0,484.79999999999984,10,3.552713678800501e-15,1.2999999999998408,0.010000000000000897
659,455.0,483.1115384615384,10,3.552713678800501e-15,1.199999999999875,0.010000000000000897
660,470.0,478.0076923076923,10,3.552713678800501e-15,1.199999999999875,0.010000000000000897
661,469.0,475.58846153846144,10,3.552713678800501e-15,1.199999999999875,0.010000000000000897
662,487.0,461.3038461538462,10,3.552713678800501e-15,1.0999999999998522,0.010000000000000897
663,493.0,464.2444444444445,10,3.552713678800501e-15,1.0999999999998522,0.010000000000000897
664,496.0,440.73076923076917,10,3.552713678800501e-15,0.9999999999998863,0.010000000000000897
665,500.0,443.39230769230767,10,3.552713678800501e-15,0.9999999999998863,0.010000000000000897
666,493.0,442.246153846154,10,3.552713678800501e-15,0.9999999999998863,0.010000000000000897
667,489.0,415.175,10,8.881784197001252e-16,0.9000000000000341,0.010000000000000009
668,489.0,311.11428571428576,10,8.881784197001252e-16,0.9000000000000341,0.010000000000000009
669,495.0,434.23333333333335,10,8.881784197001252e-16,0.8000000000000114,0.010000000000000009
670,485.0,420.79999999999984,10,8.881784197001252e-16,0.8000000000000114,0.010000000000000009
671,481.0,411.8666666666666,10,8.881784197001252e-16,0.8000000000000114,0.010000000000000009
672,467.0,411.31428571428575,10,8.881784197001252e-16,1.6000000000000227,0.010000000000000009
673,449.0,402.1833333333333,10,8.881784197001252e-16,1.6000000000000227,0.010000000000000009
674,442.0,396.72857142857146,10,8.881784197001252e-16,1.5,0.010000000000000009
678,446.0,364.85,10,8.881784197001252e-16,1.400000000000034,0.010000000000000009
679,440.0,359.34285714285716,10,8.881784197001252e-16,1.3000000000000114,0.010000000000000009
680,429.0,347.25,10,8.881784197001252e-16,1.3000000000000114,0.010000000000000009
681,421.0,342.92857142857144,10,8.881784197001252e-16,1.3000000000000114,0.010000000000000009
682,420.0,339.21666666666664,10,8.881784197001252e-16,1.1999999999999886,0.010000000000000009
683,408.0,343.0,10,8.881784197001252e-16,1.1999999999999886,0.010000000000000009
684,401.0,350.1235294117647,10,1.7763568394002505e-15,1.1000000000000796,0.010000000000000009
685,395.0,347.25384615384615,10,3.552713678800501e-15,1.1000000000000796,0.010000000000000897
686,389.0,343.5384615384616,10,3.552713678800501e-15,1.1000000000000796,0.010000000000000897
687,382.0,355.2740740740741,10,3.552713678800501e-15,1.0000000000000568,0.010000000000000897
688,371.0,369.3115384615385,10,3.552713678800501e-15,1.0000000000000568,0.010000000000000897
689,369.0,369.74000000000007,10,0.0,0.900000000000091,0.010000000000000009
690,357.0,366.8115384615384,10,3.552713678800501e-15,0.900000000000091,0.010000000000000897
691,352.0,375.1807692307693,10,3.552713678800501e-15,0.900000000000091,0.010000000000000897
692,349.0,353.244,10,1.7763568394002505e-15,0.8000000000000682,0.010000000000000897
693,351.0,311.0833333333333,10,1.7763568394002505e-15,0.8000000000000682,0.010000000000000453
694,358.0,370.06842105263166,10,1.7763568394002505e-15,0.7000000000000455,0.010000000000000231
695,357.0,376.07142857142856,10,8.881784197001252e-16,0.6999999999999886,0.010000000000000009
696,358.0,382.41666666666674,10,8.881784197001252e-16,1.6000000000000227,0.010000000000000009
697,359.0,385.5571428571429,10,8.881784197001252e-16,1.6000000000000227,0.010000000000000009
698,374.0,385.0333333333333,10,8.881784197001252e-16,1.6000000000000227,0.010000000000000009
699,374.0,379.08571428571435,10,8.881784197001252e-16,1.5,0.010000000000000009
700,376.0,382.6833333333333,10,8.881784197001252e-16,1.5,0.010000000000000009
701,374.0,378.5,10,8.881784197001252e-16,1.400000000000034,0.010000000000000009
702,380.0,380.81666666666666,10,8.881784197001252e-16,1.400000000000034,0.010000000000000009
703,381.0,379.47142857142853,10,8.881784197001252e-16,1.400000000000034,0.010000000000000009
704,373.0,375.31666666666666,10,8.881784197001252e-16,1.3000000000000114,0.010000000000000009
705,377.0,375.5142857142857,10,8.881784197001252e-16,1.3000000000000114,0.010000000000000009
706,383.0,385.31666666666666,10,8.881784197001252e-16,1.1999999999999886,0.010000000000000009
707,389.0,383.6285714285714,10,8.881784197001252e-16,1.1999999999999886,0.010000000000000009
708,388.0,384.6833333333333,10,8.881784197001252e-16,1.1999999999999886,0.010000000000000009
709,388.0,393.8714285714285,10,8.881784197001252e-16,1.1000000000000227,0.010000000000000009
710,386.0,407.5142857142857,10,8.881784197001252e-16,1.1000000000000227,0.010000000000000009
711,384.0,425.77272727272725,10,0.0,1.0000000000000568,0.010000000000000009
712,386.0,431.4,10,3.552713678800501e-15,1.0000000000000568,0.010000000000000897
713,383.0,444.0576923076923,10,3.552713678800501e-15,1.0000000000000568,0.010000000000000897
714,379.0,465.22307692307686,10,3.552713678800501e-15,0.900000000000091,0.010000000000000897
715,379.0,483.2961538461538,10,3.552713678800501e-15,0.900000000000091,0.010000000000000897
716,386.0,480.91538461538465,10,3.552713678800501e-15,0.8000000000000682,0.010000000000000897
717,390.0,481.6,10,3.552713678800501e-15,0.8000000000000682,0.010000000000000897
718,394.0,408.084,10,1.7763568394002505e-15,0.8000000000000682,0.010000000000000897
719,394.0,550.7038461538461,10,3.552713678800501e-15,0.7000000000000455,0.010000000000000897
720,414.0,549.4230769230769,10,0.09999999999999787,1.599999999999909,0.010000000000000897
721,426.0,545.2695652173912,10,0.09999999999999787,1.4999999999999432,0.010000000000000453
722,442.0,562.6714285714287,10,0.10000000000000142,1.5,0.010000000000000009
723,446.0,575.6,10,0.10000000000000053,1.5,0.010000000000000009
724,465.0,598.4428571428573,10,0.10000000000000142,1.3999999999999773,0.010000000000000009
725,487.0,629.5333333333333,10,0.10000000000000053,1.3999999999999773,0.010000000000000009
726,486.0,655.1142857142858,10,0.10000000000000142,1.3000000000000114,0.010000000000000009
727,489.0,635.5833333333334,10,0.10000000000000053,1.3000000000000114,0.010000000000000009
728,540.0,630.3000000000002,10,0.10000000000000142,1.1999999999999886,0.010000000000000009
729,563.0,633.15,10,0.10000000000000053,1.1999999999999886,0.010000000000000009
730,555.0,607.6999999999998,10,0.10000000000000142,1.1999999999999886,0.010000000000000009
731,556.0,626.1166666666667,10,0.10000000000000053,1.099999999999966,0.010000000000000009
732,564.0,646.1857142857143,10,0.10000000000000142,1.099999999999966,0.010000000000000009
733,581.0,697.85,10,0.10000000000000053,1.0,0.010000000000000009
734,588.0,701.1857142857143,10,0.10000000000000142,1.0,0.010000000000000009
735,634.0,703.8571428571429,10,0.10000000000000142,1.0,0.010000000000000009
736,657.0,691.35,10,0.10000000000000053,0.8999999999999773,0.010000000000000009
737,651.0,704.4,10,0.10000000000000142,0.8999999999999773,0.010000000000000009
738,629.0,692.9090909090909,10,0.10000000000000231,0.8000000000000114,0.010000000000000009
739,640.0,690.8884615384616,10,0.09999999999999787,0.7999999999999545,0.010000000000000897
740,620.0,683.6153846153846,10,2.6645352591003757e-15,0.7999999999999545,0.010000000000000897
741,632.0,683.5153846153845,10,2.6645352591003757e-15,0.6999999999999318,0.010000000000000897
742,661.0,675.7909090909089,10,1.7763568394002505e-15,0.6999999999999318,0.010000000000000453
743,704.0,420.4,10,2.6645352591003757e-15,0.599999999999909,0.010000000000000453
