EPOCH_TIME_yyyy-mm-ddThh:mm:ss.sssZ,OMNI_LAT_deg,OMNI_LONG_deg,OMNI_BR_nT,OMNI_BT_nT,OMNI_BN_nT,OMNI_MAG_AVG_nT,OMNI_SPEED_kms,OMNI_DENSITY_Ncm3,OMNI_TEMP_DegK
 1973-12-15T00:00:00.000Z,-0.9,7,7.2,-1.8,4.5,9,456,7.9,215192
 1973-12-15T01:00:00.000Z,-0.9,7.1,3.8,-3.7,1.6,7.4,451,9.8,246098
 1973-12-15T02:00:00.000Z,-0.9,7.1,2.7,-3.8,1.3,6.8,443,10.2,229318
 1973-12-15T03:00:00.000Z,-0.9,7.2,3.1,-2.9,1.2,5.3,439,9.6,259365
 1973-12-15T04:00:00.000Z,-0.9,7.2,4.1,-2.6,0.8,5.4,441,7.7,208459
 1973-12-15T05:00:00.000Z,-0.9,7.2,3.5,-1.5,-1,4.9,428,8.4,229628
 1973-12-15T06:00:00.000Z,-0.9,7.3,4.4,-2.4,-2.6,5.9,420,7.7,225935
 1973-12-15T07:00:00.000Z,-0.9,7.3,1.7,-4.7,0.4,6,413,7.9,155769
 1973-12-15T08:00:00.000Z,-0.9,7.4,2.4,-6,-0.4,8.2,406,7,115851
 1973-12-15T09:00:00.000Z,-0.9,7.4,3.4,-5.1,4.3,8,406,6.9,109954
 1973-12-15T10:00:00.000Z,-0.9,7.5,4.8,-3.6,2.5,7.4,394,7.5,129201
 1973-12-15T11:00:00.000Z,-1,7.5,0.2,-4.8,-1,6.1,389,8.2,120778
 1973-12-15T12:00:00.000Z,-1,7.5,-4.5,-0.2,-3.1,6.3,414,9,118576
 1973-12-15T13:00:00.000Z,-1,7.6,-5.4,-0.5,-0.1,5.6,415,9.3,106797
 1973-12-15T14:00:00.000Z,-1,7.6,-2.3,-2.5,1.5,4.4,403,8,97079
 1973-12-15T15:00:00.000Z,-1,7.7,0,-3.6,2.3,4.7,386,7.8,70057
 1973-12-15T16:00:00.000Z,-1,7.7,2.5,-2.4,1.6,4.2,379,9.4,54941
 1973-12-15T17:00:00.000Z,-1,7.7,3.1,-1.8,1.7,4.5,373,10.1,52269
 1973-12-15T18:00:00.000Z,-1,7.8,3.1,-2.3,1.4,4.6,373,9.3,60462
 1973-12-15T19:00:00.000Z,-1,7.8,3.2,-1.9,1.1,4.2,371,8,54171
 1973-12-15T20:00:00.000Z,-1,7.9,2.9,-2,1.1,4,367,8.1,46752
 1973-12-15T21:00:00.000Z,-1,7.9,3.3,0.4,0.3,3.5,368,7.9,47471
 1973-12-15T22:00:00.000Z,-1,8,3.5,-0.1,-0.3,3.5,374,7.4,51144
 1973-12-15T23:00:00.000Z,-1,8,2.9,-1,-0.6,3.2,369,7.2,48196
 1973-12-16T00:00:00.000Z,-1,8,2.6,-0.8,0.2,2.9,367,7.1,42199
 1973-12-16T01:00:00.000Z,-1,8.1,2.4,-1.2,-0.6,2.8,363,7.6,46752
 1973-12-16T02:00:00.000Z,-1,8.1,2.7,-1.2,-0.9,3.1,356,7.3,47570
 1973-12-16T03:00:00.000Z,-1,8.2,1.2,-1.7,-0.2,3.1,351,7.3,44267
 1973-12-16T04:00:00.000Z,-1,8.2,1.9,-2.5,-0.7,3.3,343,8.1,47220
 1973-12-16T05:00:00.000Z,-1,8.2,1.9,-2.5,-0.6,3.3,340,8.8,43722
 1973-12-16T06:00:00.000Z,-1.1,8.3,2.8,-1.6,0.3,3.4,333,9.4,45335
 1973-12-16T07:00:00.000Z,-1.1,8.3,2.7,-2,0.2,3.6,334,9.8,31120
 1973-12-16T08:00:00.000Z,-1.1,8.4,1.5,-2,-0.8,3,340,9.7,35421
 1973-12-16T09:00:00.000Z,-1.1,8.4,2.3,-2.1,0.3,3.2,339,13.1,39024
 1973-12-16T10:00:00.000Z,-1.1,8.5,2.2,-2.6,0,3.5,340,16.9,27311
 1973-12-16T11:00:00.000Z,-1.1,8.5,1.9,-1.9,0.2,3.4,343,19,37011
 1973-12-16T12:00:00.000Z,-1.1,8.5,1.9,0.3,1.5,2.7,343,21.5,27047
 1973-12-16T13:00:00.000Z,-1.1,8.6,1.9,-0.7,1.3,2.8,344,22.6,23336
 1973-12-16T14:00:00.000Z,-1.1,8.6,0.9,-0.1,0.9,3,335,20.7,24207
 1973-12-16T15:00:00.000Z,-1.1,8.7,1.8,1.1,0.1,3,357,13.9,37069
 1973-12-16T16:00:00.000Z,-1.1,8.7,2.9,-0.3,2.3,3.8,357,14.4,34557
 1973-12-16T17:00:00.000Z,-1.1,8.8,-1.00E+31,-1.00E+31,-1.00E+31,-1.00E+31,352,14.5,36125
 1973-12-16T18:00:00.000Z,-1.1,8.8,0.3,-2.7,-0.9,3.2,346,15.2,32355
 1973-12-16T19:00:00.000Z,-1.1,8.8,1.9,-2,1.3,3.5,339,17.7,30012
 1973-12-16T20:00:00.000Z,-1.1,8.9,0.6,0.3,1.9,2.7,338,17.4,25225
 1973-12-16T21:00:00.000Z,-1.1,8.9,-1,2.7,0.5,3.6,340,16.8,29190
 1973-12-16T22:00:00.000Z,-1.1,9,-0.4,3.2,0.9,3.5,341,16.3,31601
 1973-12-16T23:00:00.000Z,-1.1,9,-1.1,2.1,1.7,3.3,341,15.9,29653
 1973-12-17T00:00:00.000Z,-1.1,9,-2.4,-0.1,0.5,3.6,334,15.6,31681
 1973-12-17T01:00:00.000Z,-1.2,9.1,-2.7,-0.4,-2.5,3.7,335,17.1,38718
 1973-12-17T02:00:00.000Z,-1.2,9.1,-1.8,-0.8,-3.2,3.8,339,18.7,35421
 1973-12-17T03:00:00.000Z,-1.2,9.2,-1.4,-0.8,-3.4,3.8,339,20.5,28379
 1973-12-17T04:00:00.000Z,-1.2,9.2,-3.3,-0.2,-3.7,5.1,335,16.7,26521
 1973-12-17T05:00:00.000Z,-1.2,9.3,-3.4,0.5,-3,4.5,334,20.4,18691
 1973-12-17T06:00:00.000Z,-1.2,9.3,-3,0.1,-3.1,4.4,339,21.1,29190
 1973-12-17T07:00:00.000Z,-1.2,9.3,-3.5,1.4,-3.6,5.3,340,19.1,32814
 1973-12-17T08:00:00.000Z,-1.2,9.4,-3.2,2,-2.8,5.1,340,19,31963
 1973-12-17T09:00:00.000Z,-1.2,9.4,-3.5,5.4,-0.9,6.7,360,11.9,47111
 1973-12-17T10:00:00.000Z,-1.2,9.5,-4.1,5,0.4,6.7,362,10.3,63727
 1973-12-17T11:00:00.000Z,-1.2,9.5,-4,4.6,1.4,6.5,359,9.7,73003
 1973-12-17T12:00:00.000Z,-1.2,9.6,-3.8,3.1,0,5.7,359,9.3,76538
 1973-12-17T13:00:00.000Z,-1.2,9.6,-4.2,3.4,0.9,5.8,360,8.6,73545
 1973-12-17T14:00:00.000Z,-1.2,9.6,-4.4,1.8,1.9,5.3,370,8.3,82600
 1973-12-17T15:00:00.000Z,-1.2,9.7,-3.6,1.9,-1.4,4.8,378,7.9,88264
 1973-12-17T16:00:00.000Z,-1.2,9.7,-4.4,1.7,-1.3,5,378,8,76660
 1973-12-17T17:00:00.000Z,-1.2,9.8,-3.5,2.7,-2.4,5.1,375,9,69626
 1973-12-17T18:00:00.000Z,-1.2,9.8,-3.6,3,-0.6,4.7,375,9.3,73104
 1973-12-17T19:00:00.000Z,-1.2,9.8,-3.1,2,-3.5,5.1,382,8.6,71355
 1973-12-17T20:00:00.000Z,-1.3,9.9,-3.7,3.2,-2,5.3,384,8.1,78920
 1973-12-17T21:00:00.000Z,-1.3,9.9,-0.5,2,-1.2,5.6,-1.00E+31,-1.00E+31,-1.00E+31
 1973-12-17T22:00:00.000Z,-1.3,10,-4,3.5,-1.7,5.9,-1.00E+31,-1.00E+31,-1.00E+31
 1973-12-17T23:00:00.000Z,-1.3,10,-4.4,3.3,-0.9,5.8,-1.00E+31,-1.00E+31,-1.00E+31
 1973-12-18T00:00:00.000Z,-1.3,10.1,-4.7,2.6,0.3,5.6,-1.00E+31,-1.00E+31,-1.00E+31
 1973-12-18T01:00:00.000Z,-1.3,10.1,-5.3,1.6,0.8,5.7,-1.00E+31,-1.00E+31,-1.00E+31
 1973-12-18T02:00:00.000Z,-1.3,10.1,-5.3,1.7,0.7,5.8,-1.00E+31,-1.00E+31,-1.00E+31
 1973-12-18T03:00:00.000Z,-1.3,10.2,-5.1,2.5,0.8,5.9,-1.00E+31,-1.00E+31,-1.00E+31
 1973-12-18T04:00:00.000Z,-1.3,10.2,-4.8,1.6,1.9,5.5,-1.00E+31,-1.00E+31,-1.00E+31
 1973-12-18T05:00:00.000Z,-1.3,10.3,-3.8,0.9,2.3,4.7,-1.00E+31,-1.00E+31,-1.00E+31
 1973-12-18T06:00:00.000Z,-1.3,10.3,-3.2,1.4,2.4,4.3,-1.00E+31,-1.00E+31,-1.00E+31
 1973-12-18T07:00:00.000Z,-1.3,10.4,-3.4,1.5,3.2,5.1,-1.00E+31,-1.00E+31,-1.00E+31
 1973-12-18T08:00:00.000Z,-1.3,10.4,-3,2.3,2.7,5.2,-1.00E+31,-1.00E+31,-1.00E+31
 1973-12-18T09:00:00.000Z,-1.3,10.4,-0.2,2.3,3,4,-1.00E+31,-1.00E+31,-1.00E+31
 1973-12-18T10:00:00.000Z,-1.3,10.5,-4.2,1.8,2.2,5.3,-1.00E+31,-1.00E+31,-1.00E+31
 1973-12-18T11:00:00.000Z,-1.3,10.5,-4,1.7,1.9,5,-1.00E+31,-1.00E+31,-1.00E+31
 1973-12-18T12:00:00.000Z,-1.3,10.6,-3.3,2.1,1.5,4.5,-1.00E+31,-1.00E+31,-1.00E+31
 1973-12-18T13:00:00.000Z,-1.3,10.6,-3.4,0.9,2.6,4.8,-1.00E+31,-1.00E+31,-1.00E+31
 1973-12-18T14:00:00.000Z,-1.3,10.6,-3.5,1.6,0.3,4.3,-1.00E+31,-1.00E+31,-1.00E+31
 1973-12-18T15:00:00.000Z,-1.4,10.7,-3.1,1.5,-2.6,4.8,-1.00E+31,-1.00E+31,-1.00E+31
 1973-12-18T16:00:00.000Z,-1.4,10.7,-2.6,3.3,-1.5,4.8,-1.00E+31,-1.00E+31,-1.00E+31
 1973-12-18T17:00:00.000Z,-1.4,10.8,-1.5,3.2,0.8,4.8,-1.00E+31,-1.00E+31,-1.00E+31
 1973-12-18T18:00:00.000Z,-1.4,10.8,-1.7,2.6,0,4.5,-1.00E+31,-1.00E+31,-1.00E+31
 1973-12-18T19:00:00.000Z,-1.4,10.9,-1.1,3.7,3.4,5.4,-1.00E+31,-1.00E+31,-1.00E+31
 1973-12-18T20:00:00.000Z,-1.4,10.9,-1,3.7,4.3,6,-1.00E+31,-1.00E+31,-1.00E+31
 1973-12-18T21:00:00.000Z,-1.4,10.9,-1.8,2.6,4.6,5.9,-1.00E+31,-1.00E+31,-1.00E+31
 1973-12-18T22:00:00.000Z,-1.4,11,-2.4,2.4,4.6,6,-1.00E+31,-1.00E+31,-1.00E+31
 1973-12-18T23:00:00.000Z,-1.4,11,-1.2,2.6,5.1,6,-1.00E+31,-1.00E+31,-1.00E+31
 1973-12-19T00:00:00.000Z,-1.4,11.1,-2.5,2.3,4,5.5,348,10.1,43717
 1973-12-19T01:00:00.000Z,-1.4,11.1,-2.8,1.7,3.6,5,347,9.9,44419
 1973-12-19T02:00:00.000Z,-1.4,11.2,-2.3,0.5,4,4.7,349,10.8,41700
 1973-12-19T03:00:00.000Z,-1.4,11.2,-0.6,-0.7,3,3.7,353,17,33012
 1973-12-19T04:00:00.000Z,-1.4,11.2,1.3,-2.8,2.9,4.3,353,17.5,33311
 1973-12-19T05:00:00.000Z,-1.4,11.3,-2.2,1.5,0.5,4.5,350,16.1,45997
 1973-12-19T06:00:00.000Z,-1.4,11.3,-0.8,-0.3,-1.5,3,359,19.5,38569
 1973-12-19T07:00:00.000Z,-1.4,11.4,1.4,-1.4,0.4,2.3,359,23.3,26503
 1973-12-19T08:00:00.000Z,-1.4,11.4,-0.7,-0.5,-0.5,1.6,359,23.9,24873
 1973-12-19T09:00:00.000Z,-1.4,11.4,-0.2,1,0.6,2.6,366,33.6,30123
 1973-12-19T10:00:00.000Z,-1.5,11.5,3.1,-1.5,0,4.2,372,38.5,25872
 1973-12-19T11:00:00.000Z,-1.5,11.5,2.8,-0.1,-2.2,4.1,367,37.4,26698
 1973-12-19T12:00:00.000Z,-1.5,11.6,2.9,-1,-1.6,3.6,364,40.3,28961
 1973-12-19T13:00:00.000Z,-1.5,11.6,4.4,-0.6,-2.5,5.4,360,40.2,28103
 1973-12-19T14:00:00.000Z,-1.5,11.7,3,-6.1,3.2,7.6,381,44.6,52269
 1973-12-19T15:00:00.000Z,-1.5,11.7,0.7,-5.6,3.2,7,387,54.1,54941
 1973-12-19T16:00:00.000Z,-1.5,11.7,5.9,-9.5,-3,15.2,-1.00E+31,-1.00E+31,-1.00E+31
 1973-12-19T17:00:00.000Z,-1.5,11.8,8.1,-7.2,-3.8,13.8,-1.00E+31,-1.00E+31,-1.00E+31
 1973-12-19T18:00:00.000Z,-1.5,11.8,7.6,-8.1,-1.5,12.5,-1.00E+31,-1.00E+31,-1.00E+31
 1973-12-19T19:00:00.000Z,-1.5,11.9,9,-7,0,11.8,-1.00E+31,-1.00E+31,-1.00E+31
 1973-12-19T20:00:00.000Z,-1.5,11.9,9.8,-5.8,-0.4,11.7,-1.00E+31,-1.00E+31,-1.00E+31
 1973-12-19T21:00:00.000Z,-1.5,12,6.5,-6,-2.6,9.8,428,13.3,176992
 1973-12-19T22:00:00.000Z,-1.5,12,6.8,-5.2,-0.2,10.2,438,11.5,169290
 1973-12-19T23:00:00.000Z,-1.5,12,9.4,-4.5,-0.4,10.6,460,9.5,167473
 1973-12-20T00:00:00.000Z,-1.5,12.1,9.1,-2.8,-1.1,10,468,10.2,168929
 1973-12-20T01:00:00.000Z,-1.5,12.1,9.1,-4.1,-1.3,10.2,470,11,173141
 1973-12-20T02:00:00.000Z,-1.5,12.2,8.5,-2.2,-3.2,10.2,467,9.8,193790
 1973-12-20T03:00:00.000Z,-1.5,12.2,9.9,-6.2,-1.2,11.9,515,6.2,217739
 1973-12-20T04:00:00.000Z,-1.5,12.2,8.6,-6.6,-1.4,11.3,531,6.6,283592
 1973-12-20T05:00:00.000Z,-1.6,12.3,8.2,-5.4,2.2,10.5,527,7.4,280011
 1973-12-20T06:00:00.000Z,-1.6,12.3,9.1,-5.6,-0.4,11.4,521,7.4,220662
 1973-12-20T07:00:00.000Z,-1.6,12.4,8.3,-5.8,-0.8,11,503,8.5,208439
 1973-12-20T08:00:00.000Z,-1.6,12.4,7.6,-5.7,-0.9,10,507,8.7,248790
 1973-12-20T09:00:00.000Z,-1.6,12.5,2.8,0.4,-1.2,7.7,544,8.2,365952
 1973-12-20T10:00:00.000Z,-1.6,12.5,-1.6,3.7,1.2,7.8,561,8,394356
 1973-12-20T11:00:00.000Z,-1.6,12.5,6,-0.6,-3.1,8,557,7.7,404305
 1973-12-20T12:00:00.000Z,-1.6,12.6,7.3,-0.5,-2.2,8.1,544,6.5,360721
 1973-12-20T13:00:00.000Z,-1.6,12.6,6.3,-3.7,-0.4,8.2,556,7.1,400107
 1973-12-20T14:00:00.000Z,-1.6,12.7,6.4,-3,2.7,10.8,564,7.4,330822
 1973-12-20T15:00:00.000Z,-1.6,12.7,8.3,-7.3,1.5,11.2,555,6.8,329393
 1973-12-20T16:00:00.000Z,-1.6,12.8,6.2,-5.7,-0.1,10,575,7.4,319710
 1973-12-20T17:00:00.000Z,-1.6,12.8,7.2,-2.5,-1.7,9.5,606,7.8,377721
 1973-12-20T18:00:00.000Z,-1.6,12.8,6,-1.7,2,9.2,615,8.2,316076
 1973-12-20T19:00:00.000Z,-1.6,12.9,6,-5,-3.9,10.3,620,8.5,311914
 1973-12-20T20:00:00.000Z,-1.6,12.9,8.4,-2.3,-0.9,10.2,597,8.5,311167
 1973-12-20T21:00:00.000Z,-1.6,13,5.6,-6.5,-0.4,9.9,605,8.4,314381
 1973-12-20T22:00:00.000Z,-1.6,13,6.3,-1.8,-1,9.1,592,8.3,325979
 1973-12-20T23:00:00.000Z,-1.6,13,5.6,-3.1,0.3,9.6,592,8.7,327003
 1973-12-21T00:00:00.000Z,-1.7,13.1,6.9,-4.4,-0.3,10,598,8.6,336737
 1973-12-21T01:00:00.000Z,-1.7,13.1,6.9,-6.4,0.3,10.5,594,6,256043
 1973-12-21T02:00:00.000Z,-1.7,13.2,7.4,-2.5,1.5,8.4,657,6.8,333923
 1973-12-21T03:00:00.000Z,-1.7,13.2,7.5,-3.5,1.8,9.2,669,6,309842
 1973-12-21T04:00:00.000Z,-1.7,13.3,4.4,-3.9,1.4,7.7,693,4,439949
 1973-12-21T05:00:00.000Z,-1.7,13.3,4.2,-3.5,0.1,7.4,-1.00E+31,-1.00E+31,-1.00E+31
 1973-12-21T06:00:00.000Z,-1.7,13.3,4.8,-2.8,-2.5,7.9,-1.00E+31,-1.00E+31,-1.00E+31
 1973-12-21T07:00:00.000Z,-1.7,13.4,1,-4.5,1.6,7.2,-1.00E+31,-1.00E+31,-1.00E+31
 1973-12-21T08:00:00.000Z,-1.7,13.4,3.9,-3.6,0.9,7.2,-1.00E+31,-1.00E+31,-1.00E+31
 1973-12-21T09:00:00.000Z,-1.7,13.5,3.9,-3.1,0.6,6.9,-1.00E+31,-1.00E+31,-1.00E+31
 1973-12-21T10:00:00.000Z,-1.7,13.5,4,-2.1,0.7,6.8,-1.00E+31,-1.00E+31,-1.00E+31
 1973-12-21T11:00:00.000Z,-1.7,13.6,4.6,-0.7,1.1,7.1,-1.00E+31,-1.00E+31,-1.00E+31
 1973-12-21T12:00:00.000Z,-1.7,13.6,4.1,-0.6,0.4,6.6,-1.00E+31,-1.00E+31,-1.00E+31
 1973-12-21T13:00:00.000Z,-1.7,13.6,3.3,-4.2,-1.1,6.9,-1.00E+31,-1.00E+31,-1.00E+31
 1973-12-21T14:00:00.000Z,-1.7,13.7,1.2,-2.1,-2.7,7.1,-1.00E+31,-1.00E+31,-1.00E+31
 1973-12-21T15:00:00.000Z,-1.7,13.7,-1.00E+31,-1.00E+31,-1.00E+31,-1.00E+31,-1.00E+31,-1.00E+31,-1.00E+31
 1973-12-21T16:00:00.000Z,-1.7,13.8,-1.00E+31,-1.00E+31,-1.00E+31,-1.00E+31,-1.00E+31,-1.00E+31,-1.00E+31
 1973-12-21T17:00:00.000Z,-1.7,13.8,-1.00E+31,-1.00E+31,-1.00E+31,-1.00E+31,-1.00E+31,-1.00E+31,-1.00E+31
 1973-12-21T18:00:00.000Z,-1.7,13.8,-1.00E+31,-1.00E+31,-1.00E+31,-1.00E+31,-1.00E+31,-1.00E+31,-1.00E+31
 1973-12-21T19:00:00.000Z,-1.7,13.9,-1.00E+31,-1.00E+31,-1.00E+31,-1.00E+31,-1.00E+31,-1.00E+31,-1.00E+31
 1973-12-21T20:00:00.000Z,-1.8,13.9,-1.00E+31,-1.00E+31,-1.00E+31,-1.00E+31,-1.00E+31,-1.00E+31,-1.00E+31
 1973-12-21T21:00:00.000Z,-1.8,14,-1.00E+31,-1.00E+31,-1.00E+31,-1.00E+31,-1.00E+31,-1.00E+31,-1.00E+31
 1973-12-21T22:00:00.000Z,-1.8,14,-1.00E+31,-1.00E+31,-1.00E+31,-1.00E+31,-1.00E+31,-1.00E+31,-1.00E+31
 1973-12-21T23:00:00.000Z,-1.8,14.1,-1.00E+31,-1.00E+31,-1.00E+31,-1.00E+31,-1.00E+31,-1.00E+31,-1.00E+31
 1973-12-22T00:00:00.000Z,-1.8,14.1,-1.00E+31,-1.00E+31,-1.00E+31,-1.00E+31,-1.00E+31,-1.00E+31,-1.00E+31
 1973-12-22T01:00:00.000Z,-1.8,14.1,-1.00E+31,-1.00E+31,-1.00E+31,-1.00E+31,-1.00E+31,-1.00E+31,-1.00E+31
 1973-12-22T02:00:00.000Z,-1.8,14.2,3.2,1.3,4.8,6.8,-1.00E+31,-1.00E+31,-1.00E+31
 1973-12-22T03:00:00.000Z,-1.8,14.2,-1.00E+31,-1.00E+31,-1.00E+31,-1.00E+31,-1.00E+31,-1.00E+31,-1.00E+31
 1973-12-22T04:00:00.000Z,-1.8,14.3,-1.00E+31,-1.00E+31,-1.00E+31,-1.00E+31,-1.00E+31,-1.00E+31,-1.00E+31
 1973-12-22T05:00:00.000Z,-1.8,14.3,-1.00E+31,-1.00E+31,-1.00E+31,-1.00E+31,-1.00E+31,-1.00E+31,-1.00E+31
 1973-12-22T06:00:00.000Z,-1.8,14.4,2.2,-2.5,-5.7,6.7,-1.00E+31,-1.00E+31,-1.00E+31
 1973-12-22T07:00:00.000Z,-1.8,14.4,2.5,-1,-1.6,5.3,-1.00E+31,-1.00E+31,-1.00E+31
 1973-12-22T08:00:00.000Z,-1.8,14.4,2.8,-1.5,3.1,5.1,-1.00E+31,-1.00E+31,-1.00E+31
 1973-12-22T09:00:00.000Z,-1.8,14.5,3,-1.1,0.8,4.4,-1.00E+31,-1.00E+31,-1.00E+31
 1973-12-22T10:00:00.000Z,-1.8,14.5,2.6,0,1,4.5,-1.00E+31,-1.00E+31,-1.00E+31
 1973-12-22T11:00:00.000Z,-1.8,14.6,3.4,0.1,0,4.7,-1.00E+31,-1.00E+31,-1.00E+31
 1973-12-22T12:00:00.000Z,-1.8,14.6,3.2,-0.9,-2.5,5.4,-1.00E+31,-1.00E+31,-1.00E+31
 1973-12-22T13:00:00.000Z,-1.8,14.6,3.4,0.3,3,5.2,-1.00E+31,-1.00E+31,-1.00E+31
 1973-12-22T14:00:00.000Z,-1.8,14.7,-1.00E+31,-1.00E+31,-1.00E+31,-1.00E+31,-1.00E+31,-1.00E+31,-1.00E+31
 1973-12-22T15:00:00.000Z,-1.9,14.7,-1.00E+31,-1.00E+31,-1.00E+31,-1.00E+31,-1.00E+31,-1.00E+31,-1.00E+31
 1973-12-22T16:00:00.000Z,-1.9,14.8,-0.1,-0.9,0.6,5.1,-1.00E+31,-1.00E+31,-1.00E+31
 1973-12-22T17:00:00.000Z,-1.9,14.8,4,-2.4,1.2,5.2,685,2.1,191307
 1973-12-22T18:00:00.000Z,-1.9,14.9,2.9,-3.6,1.2,5,663,2,185178
 1973-12-22T19:00:00.000Z,-1.9,14.9,3.4,-1.5,-0.3,5.3,648,2.2,230665
 1973-12-22T20:00:00.000Z,-1.9,14.9,3.5,-1.5,0.6,4.8,655,2.5,245901
 1973-12-22T21:00:00.000Z,-1.9,15,4,-1,1.1,5,655,2.6,252418
 1973-12-22T22:00:00.000Z,-1.9,15,0.9,-3.1,-2.7,4.8,668,2.5,255873
 1973-12-22T23:00:00.000Z,-1.9,15.1,-1.00E+31,-1.00E+31,-1.00E+31,-1.00E+31,678,2.4,250462
 1973-12-23T00:00:00.000Z,-1.9,15.1,-1.00E+31,-1.00E+31,-1.00E+31,-1.00E+31,676,2.4,239843
 1973-12-23T01:00:00.000Z,-1.9,15.2,2.1,-2.4,-1.4,4.2,660,2.4,225287
 1973-12-23T02:00:00.000Z,-1.9,15.2,-1.00E+31,-1.00E+31,-1.00E+31,-1.00E+31,673,2.2,248234
 1973-12-23T03:00:00.000Z,-1.9,15.2,-1.00E+31,-1.00E+31,-1.00E+31,-1.00E+31,656,2.2,241539
 1973-12-23T04:00:00.000Z,-1.9,15.3,-1.00E+31,-1.00E+31,-1.00E+31,-1.00E+31,662,2.2,230410
 1973-12-23T05:00:00.000Z,-1.9,15.3,-1.00E+31,-1.00E+31,-1.00E+31,-1.00E+31,681,2.4,250818
 1973-12-23T06:00:00.000Z,-1.9,15.4,-1.00E+31,-1.00E+31,-1.00E+31,-1.00E+31,650,2.5,221436
 1973-12-23T07:00:00.000Z,-1.9,15.4,-1.00E+31,-1.00E+31,-1.00E+31,-1.00E+31,645,2.3,238187
 1973-12-23T08:00:00.000Z,-1.9,15.5,-1.00E+31,-1.00E+31,-1.00E+31,-1.00E+31,634,2.5,229091
 1973-12-23T09:00:00.000Z,-1.9,15.5,-1.00E+31,-1.00E+31,-1.00E+31,-1.00E+31,625,2.1,179857
 1973-12-23T10:00:00.000Z,-2,15.5,-1.00E+31,-1.00E+31,-1.00E+31,-1.00E+31,629,2.2,199899
 1973-12-23T11:00:00.000Z,-2,15.6,-1.00E+31,-1.00E+31,-1.00E+31,-1.00E+31,-1.00E+31,-1.00E+31,-1.00E+31
 1973-12-23T12:00:00.000Z,-2,15.6,-1.00E+31,-1.00E+31,-1.00E+31,-1.00E+31,-1.00E+31,-1.00E+31,-1.00E+31
 1973-12-23T13:00:00.000Z,-2,15.7,-1.00E+31,-1.00E+31,-1.00E+31,-1.00E+31,-1.00E+31,-1.00E+31,-1.00E+31
 1973-12-23T14:00:00.000Z,-2,15.7,-1.00E+31,-1.00E+31,-1.00E+31,-1.00E+31,576,1.3,209729
 1973-12-23T15:00:00.000Z,-2,15.7,-1.00E+31,-1.00E+31,-1.00E+31,-1.00E+31,567,1.5,172281
 1973-12-23T16:00:00.000Z,-2,15.8,-1.00E+31,-1.00E+31,-1.00E+31,-1.00E+31,550,1.9,152688
 1973-12-23T17:00:00.000Z,-2,15.8,-1.00E+31,-1.00E+31,-1.00E+31,-1.00E+31,562,2,170939
 1973-12-23T18:00:00.000Z,-2,15.9,2.9,0.6,-1.7,4.6,577,2.3,215659
 1973-12-23T19:00:00.000Z,-2,15.9,1.1,-1.7,1.6,4.1,589,2.6,189370
 1973-12-23T20:00:00.000Z,-2,16,-1.00E+31,-1.00E+31,-1.00E+31,-1.00E+31,553,2.4,187317
 1973-12-23T21:00:00.000Z,-2,16,-0.3,-1.8,-0.7,4.1,587,2.9,156930
 1973-12-23T22:00:00.000Z,-2,16,-2.2,-2.1,-0.1,3.3,579,4.7,89474
 1973-12-23T23:00:00.000Z,-2,16.1,-2.3,-1.9,-1.6,3.6,584,3.2,114149
 1973-12-24T00:00:00.000Z,-2,16.1,-0.4,-3.6,-0.5,4.4,564,2.2,131182
 1973-12-24T01:00:00.000Z,-2,16.2,4.1,-1,0.8,4.5,514,2.2,147763
 1973-12-24T02:00:00.000Z,-2,16.2,4.6,-1.8,0.5,5,512,2,146451
 1973-12-24T03:00:00.000Z,-2,16.3,3.7,-2.4,0.6,4.6,509,2.3,145857
 1973-12-24T04:00:00.000Z,-2,16.3,3.6,-2.8,0.2,4.6,516,1.9,132133
 1973-12-24T05:00:00.000Z,-2,16.3,-1.00E+31,-1.00E+31,-1.00E+31,-1.00E+31,514,2.5,124551
 1973-12-24T06:00:00.000Z,-2.1,16.4,2.9,-1.9,-1,3.9,504,2.4,135422
 1973-12-24T07:00:00.000Z,-2.1,16.4,2.6,-2.6,-0.1,3.8,507,2.3,158608
 1973-12-24T08:00:00.000Z,-2.1,16.5,0.5,-3.7,0.5,3.9,512,2.4,174177
 1973-12-24T09:00:00.000Z,-2.1,16.5,0.6,-3.9,1.7,4.6,499,2.2,156200
 1973-12-24T10:00:00.000Z,-2.1,16.5,-1.9,-2.9,3.3,5,496,2.2,127041
 1973-12-24T11:00:00.000Z,-2.1,16.6,0.1,-2.2,3.1,4.2,475,2.6,131438
 1973-12-24T12:00:00.000Z,-2.1,16.6,1.8,-1.1,3.6,4.3,457,3.6,124404
 1973-12-24T13:00:00.000Z,-2.1,16.7,-1.00E+31,-1.00E+31,-1.00E+31,-1.00E+31,467,3.4,111362
 1973-12-24T14:00:00.000Z,-2.1,16.7,-1.00E+31,-1.00E+31,-1.00E+31,-1.00E+31,464,3.4,114076
 1973-12-24T15:00:00.000Z,-2.1,16.8,-1.00E+31,-1.00E+31,-1.00E+31,-1.00E+31,-1.00E+31,-1.00E+31,-1.00E+31
 1973-12-24T16:00:00.000Z,-2.1,16.8,1.6,-1.9,2.9,4.4,-1.00E+31,-1.00E+31,-1.00E+31
 1973-12-24T17:00:00.000Z,-2.1,16.8,0.3,-1.1,2.9,4,457,3.6,150399
 1973-12-24T18:00:00.000Z,-2.1,16.9,-1.9,0.8,3.1,4.3,-1.00E+31,-1.00E+31,-1.00E+31
 1973-12-24T19:00:00.000Z,-2.1,16.9,-2.6,-1,2.6,4.3,457,3.8,154875
 1973-12-24T20:00:00.000Z,-2.1,17,-3,-1.3,2.6,4.5,454,4.3,141106
 1973-12-24T21:00:00.000Z,-2.1,17,-2.6,-0.4,2.9,4.3,447,4.2,137926
 1973-12-24T22:00:00.000Z,-2.1,17.1,-2.9,-2.1,2.9,4.7,445,3.7,97250
 1973-12-24T23:00:00.000Z,-2.1,17.1,-2,-3.2,2.4,4.8,429,5.8,89559
 1973-12-25T00:00:00.000Z,-2.1,17.1,-2,-3.7,1.3,4.5,431,4.9,102453
 1973-12-25T01:00:00.000Z,-2.2,17.2,-2.5,-2.8,1.2,4.1,433,3.5,135963
 1973-12-25T02:00:00.000Z,-2.2,17.2,-2.4,-2.4,1.7,4.4,429,3.2,125629
 1973-12-25T03:00:00.000Z,-2.2,17.3,-2.9,-2.8,1.5,4.7,427,3.2,108454
 1973-12-25T04:00:00.000Z,-2.2,17.3,-3.4,-2.2,1.5,4.5,-1.00E+31,-1.00E+31,-1.00E+31
 1973-12-25T05:00:00.000Z,-2.2,17.3,-3.6,-2.8,1.9,5,-1.00E+31,-1.00E+31,-1.00E+31
 1973-12-25T06:00:00.000Z,-2.2,17.4,-3.2,-3.3,1.4,4.8,-1.00E+31,-1.00E+31,-1.00E+31
 1973-12-25T07:00:00.000Z,-2.2,17.4,-2.9,-2.9,1.7,4.5,358,1.8,324604
 1973-12-25T08:00:00.000Z,-2.2,17.5,-2.6,-2.7,2.1,4.4,346,1.9,310409
 1973-12-25T09:00:00.000Z,-2.2,17.5,-3,-2.3,2.2,4.4,339,1.8,246568
 1973-12-25T10:00:00.000Z,-2.2,17.6,-2.8,-2.8,1.9,4.4,343,1.9,259488
 1973-12-25T11:00:00.000Z,-2.2,17.6,-2.5,-2.5,1.6,4.1,351,2,294501
 1973-12-25T12:00:00.000Z,-2.2,17.6,1.6,-2.8,0.6,4.5,421,2.5,97512
 1973-12-25T13:00:00.000Z,-2.2,17.7,3.1,-2.6,-0.6,4.3,-1.00E+31,-1.00E+31,-1.00E+31
 1973-12-25T14:00:00.000Z,-2.2,17.7,-1.00E+31,-1.00E+31,-1.00E+31,-1.00E+31,-1.00E+31,-1.00E+31,-1.00E+31
 1973-12-25T15:00:00.000Z,-2.2,17.8,-1.00E+31,-1.00E+31,-1.00E+31,-1.00E+31,350,3.8,339207
 1973-12-25T16:00:00.000Z,-2.2,17.8,-1.00E+31,-1.00E+31,-1.00E+31,-1.00E+31,337,4.5,292637
 1973-12-25T17:00:00.000Z,-2.2,17.9,-2.4,-2.3,1.9,4.2,334,4.7,227542
 1973-12-25T18:00:00.000Z,-2.2,17.9,-2.7,-2.8,1,4.1,342,5.4,234594
 1973-12-25T19:00:00.000Z,-2.2,17.9,-2.9,-2.3,1.4,4.1,341,6.2,249701
 1973-12-25T20:00:00.000Z,-2.2,18,-3,-2.4,-0.2,4.1,390,5.8,55038
 1973-12-25T21:00:00.000Z,-2.3,18,1.8,-1,0.8,3.7,368,6.1,78794
 1973-12-25T22:00:00.000Z,-2.3,18.1,-0.3,-2.8,-0.9,3.8,370,5.9,85128
 1973-12-25T23:00:00.000Z,-2.3,18.1,0.7,-1.9,-0.2,2.9,331,7.9,336711
 1973-12-26T00:00:00.000Z,-2.3,18.1,1.9,-2.1,-0.4,3.1,360,6.1,88984
 1973-12-26T01:00:00.000Z,-2.3,18.2,2.5,-0.8,0.1,3.5,324,7.5,273559
 1973-12-26T02:00:00.000Z,-2.3,18.2,1.1,-2.2,0.3,3.4,358,6.4,89364
 1973-12-26T03:00:00.000Z,-2.3,18.3,-1.00E+31,-1.00E+31,-1.00E+31,-1.00E+31,359,6.9,84024
 1973-12-26T04:00:00.000Z,-2.3,18.3,2.1,-2,2.3,3.9,353,7.4,83946
 1973-12-26T05:00:00.000Z,-2.3,18.4,-1.00E+31,-1.00E+31,-1.00E+31,-1.00E+31,361,7.4,84016
 1973-12-26T06:00:00.000Z,-2.3,18.4,0.1,-3.1,1.9,3.9,364,7.4,78902
 1973-12-26T07:00:00.000Z,-2.3,18.4,-2.1,-3,1.7,4.6,315,10.2,276927
 1973-12-26T08:00:00.000Z,-2.3,18.5,0.1,-3.9,0,4.6,363,8,84950
 1973-12-26T09:00:00.000Z,-2.3,18.5,-0.1,-2,1.8,4.7,358,8.2,82046
 1973-12-26T10:00:00.000Z,-2.3,18.6,2.2,-2.2,-0.3,4.9,352,8.5,77376
 1973-12-26T11:00:00.000Z,-2.3,18.6,3.4,-3.4,-0.8,5.6,348,8.7,75499
 1973-12-26T12:00:00.000Z,-2.3,18.7,3.7,-2.8,2.4,5.4,344,8.1,71908
 1973-12-26T13:00:00.000Z,-2.3,18.7,-1.00E+31,-1.00E+31,-1.00E+31,-1.00E+31,348,7.4,73922
 1973-12-26T14:00:00.000Z,-2.3,18.7,-1.00E+31,-1.00E+31,-1.00E+31,-1.00E+31,335,10.2,147676
 1973-12-26T15:00:00.000Z,-2.3,18.8,4.7,-1.3,-1.6,5.6,339,6.2,66088
 1973-12-26T16:00:00.000Z,-2.4,18.8,4.4,-1.2,-2.6,5.9,344,5.7,69458
 1973-12-26T17:00:00.000Z,-2.4,18.9,5,0.1,-1.8,6.2,346,5.5,70933
 1973-12-26T18:00:00.000Z,-2.4,18.9,-1.00E+31,-1.00E+31,-1.00E+31,-1.00E+31,-1.00E+31,-1.00E+31,-1.00E+31
 1973-12-26T19:00:00.000Z,-2.4,19,-1.00E+31,-1.00E+31,-1.00E+31,-1.00E+31,368,6.5,107212
 1973-12-26T20:00:00.000Z,-2.4,19,3.4,-1.4,1,4.9,368,8.1,164184
 1973-12-26T21:00:00.000Z,-2.4,19,-1.00E+31,-1.00E+31,-1.00E+31,-1.00E+31,382,6.7,111729
 1973-12-26T22:00:00.000Z,-2.4,19.1,4.5,-0.3,-1.9,5,350,9.2,163274
 1973-12-26T23:00:00.000Z,-2.4,19.1,-1.00E+31,-1.00E+31,-1.00E+31,-1.00E+31,376,7.2,123242
 1973-12-27T00:00:00.000Z,-2.4,19.2,2.5,-2.9,1,4.2,379,7.1,104927
 1973-12-27T01:00:00.000Z,-2.4,19.2,3.8,-4,-0.1,5.9,387,5.7,91978
 1973-12-27T02:00:00.000Z,-2.4,19.2,4.4,-4,0.9,6.2,385,6.2,89224
 1973-12-27T03:00:00.000Z,-2.4,19.3,4.8,-3.7,0.5,6.1,376,6.3,104199
 1973-12-27T04:00:00.000Z,-2.4,19.3,5.1,-3.2,0.7,6.2,373,6.3,123558
 1973-12-27T05:00:00.000Z,-2.4,19.4,6,-1.5,1,6.4,362,6.5,121332
 1973-12-27T06:00:00.000Z,-2.4,19.4,5.3,-0.1,-2,6.3,344,7.8,148433
 1973-12-27T07:00:00.000Z,-2.4,19.5,3.7,-0.4,-3.1,6,350,6.9,111967
 1973-12-27T08:00:00.000Z,-2.4,19.5,5.8,-1.3,-1.6,6.4,328,8.4,73861
 1973-12-27T09:00:00.000Z,-2.4,19.5,-1.00E+31,-1.00E+31,-1.00E+31,-1.00E+31,335,6.6,55981
 1973-12-27T10:00:00.000Z,-2.4,19.6,-1.00E+31,-1.00E+31,-1.00E+31,-1.00E+31,333,7.2,59878
 1973-12-27T11:00:00.000Z,-2.4,19.6,6.1,-2.3,-1.2,6.8,333,6.2,52368
 1973-12-27T12:00:00.000Z,-2.5,19.7,4.6,-0.6,-4.2,6.6,347,8.1,71802
 1973-12-27T13:00:00.000Z,-2.5,19.7,5.1,-1.1,0.1,5.6,350,11.1,128496
 1973-12-27T14:00:00.000Z,-2.5,19.8,4.8,-1.9,1.3,5.6,361,11.2,100610
 1973-12-27T15:00:00.000Z,-2.5,19.8,5.4,2.4,2.5,7.5,355,12.8,100694
 1973-12-27T16:00:00.000Z,-2.5,19.8,5,-2.4,4.6,7.7,356,13,121746
 1973-12-27T17:00:00.000Z,-2.5,19.9,2.3,-3.8,4.6,7.3,369,12.6,84001
 1973-12-27T18:00:00.000Z,-2.5,19.9,1.8,0.7,1.4,6.3,376,12.5,85883
 1973-12-27T19:00:00.000Z,-2.5,20,1.1,-2.9,2.7,5.9,384,12.2,94592
 1973-12-27T20:00:00.000Z,-2.5,20,-0.9,1.7,-2.1,4.7,391,18,58860
 1973-12-27T21:00:00.000Z,-2.5,20,-1.8,4.3,0.3,5.1,392,19,42541
 1973-12-27T22:00:00.000Z,-2.5,20.1,-1.5,2.1,0.2,5.1,387,18.7,48196
 1973-12-27T23:00:00.000Z,-2.5,20.1,-2.4,5.3,-3.2,7.4,399,12,86832
 1973-12-28T00:00:00.000Z,-2.5,20.2,-2.5,3.3,-2.5,5.4,428,12.4,109954
 1973-12-28T01:00:00.000Z,-2.5,20.2,-4.5,2.6,-0.3,5.5,429,11.4,154771
 1973-12-28T02:00:00.000Z,-2.5,20.3,-1.6,4.2,-2.5,6.4,444,10.3,142307
 1973-12-28T03:00:00.000Z,-2.5,20.3,-6.3,5.1,1.7,8.6,417,6.2,157256
 1973-12-28T04:00:00.000Z,-2.5,20.3,-5.3,6.1,3,8.7,431,6.5,145010
 1973-12-28T05:00:00.000Z,-2.5,20.4,-7.4,3.7,2.3,8.9,417,6.3,108371
 1973-12-28T06:00:00.000Z,-2.5,20.4,-6.6,4.2,0.8,8.5,397,5.6,86357
 1973-12-28T07:00:00.000Z,-2.5,20.5,-5.5,2.1,-1.9,8.7,403,6.8,100610
 1973-12-28T08:00:00.000Z,-2.6,20.5,-6.4,2.5,-1.7,8.5,400,7.6,140239
 1973-12-28T09:00:00.000Z,-2.6,20.6,-5.7,6,2.4,9.1,409,7.1,142020
 1973-12-28T10:00:00.000Z,-2.6,20.6,-6.8,5.6,4.1,9.9,413,6.6,121887
 1973-12-28T11:00:00.000Z,-2.6,20.6,-6.3,7.5,4,11.1,428,6.6,130343
 1973-12-28T12:00:00.000Z,-2.6,20.7,-8.3,6.6,2.2,11.3,424,6.8,155390
 1973-12-28T13:00:00.000Z,-2.6,20.7,-7.7,8.3,3,12,437,6.9,148637
 1973-12-28T14:00:00.000Z,-2.6,20.8,-3.4,7.3,5.9,11.2,472,7.7,238302
 1973-12-28T15:00:00.000Z,-2.6,20.8,-4.3,6.7,4.6,10.2,477,8.7,316478
 1973-12-28T16:00:00.000Z,-2.6,20.8,-3.6,4.3,7.4,10.2,499,9.6,339798
 1973-12-28T17:00:00.000Z,-2.6,20.9,-4.9,6.2,0.6,9.9,493,8.6,404197
 1973-12-28T18:00:00.000Z,-2.6,20.9,-5.3,8,-1.3,11,514,6.1,501172
 1973-12-28T19:00:00.000Z,-2.6,21,-4.8,8.6,-2.6,11.1,513,5.9,591975
 1973-12-28T20:00:00.000Z,-2.6,21,-1.4,6.9,-2.3,10.1,534,6,582713
 1973-12-28T21:00:00.000Z,-2.6,21.1,-3,4.5,-5.1,8.6,521,6.2,589653
 1973-12-28T22:00:00.000Z,-2.6,21.1,-4.3,6.9,2.4,9.4,539,6.6,507671
 1973-12-28T23:00:00.000Z,-2.6,21.1,2.5,8,1.6,9.5,610,5.5,459830
 1973-12-29T00:00:00.000Z,-2.6,21.2,-3.7,7.6,1.2,9.4,557,5.4,452575
 1973-12-29T01:00:00.000Z,-2.6,21.2,-3.3,6.7,1.4,9.4,529,5.6,408136
 1973-12-29T02:00:00.000Z,-2.6,21.3,-4.7,4.2,2,8.9,543,5.9,472385
 1973-12-29T03:00:00.000Z,-2.6,21.3,-2.6,5.8,-0.3,9.2,565,6.1,460870
 1973-12-29T04:00:00.000Z,-2.7,21.4,-3.3,6.5,2.5,9.8,565,5.5,397341
 1973-12-29T05:00:00.000Z,-2.7,21.4,-5.2,3.1,4,9.2,555,5.4,354510
 1973-12-29T06:00:00.000Z,-2.7,21.4,-4.2,0,1.7,8.1,567,5.6,368549
 1973-12-29T07:00:00.000Z,-2.7,21.5,-3.6,4.5,0.8,7.6,573,5,397341
 1973-12-29T08:00:00.000Z,-2.7,21.5,-3.2,2.6,-0.3,6.6,591,4.7,378996
 1973-12-29T09:00:00.000Z,-2.7,21.6,-4,2.4,2,6.9,583,4.4,329843
 1973-12-29T10:00:00.000Z,-2.7,21.6,-1.6,4.3,-3.3,6.9,602,4.5,326256
 1973-12-29T11:00:00.000Z,-2.7,21.7,-4.4,2.6,1.6,7.5,572,4.7,239864
 1973-12-29T12:00:00.000Z,-2.7,21.7,-4.1,5,-0.2,8.2,567,5,226733
 1973-12-29T13:00:00.000Z,-2.7,21.7,-3.7,6,0,8.4,565,5,219159
 1973-12-29T14:00:00.000Z,-2.7,21.8,-6.4,2.7,1.1,8.1,541,4.7,165334
 1973-12-29T15:00:00.000Z,-2.7,21.8,-6.8,1.8,-0.4,7.8,542,4.3,153566
 1973-12-29T16:00:00.000Z,-2.7,21.9,-6.7,2.5,0.1,7.9,545,4,146563
 1973-12-29T17:00:00.000Z,-2.7,21.9,-4.9,3.2,-1.8,7.4,577,4.1,227496
 1973-12-29T18:00:00.000Z,-2.7,21.9,-0.9,6.6,0.9,7.3,627,3.9,228260
 1973-12-29T19:00:00.000Z,-2.7,22,-4.8,1.6,0.6,6.6,590,3.6,265457
 1973-12-29T20:00:00.000Z,-2.7,22,-5.1,-0.9,0.3,6.6,587,3.6,251719
 1973-12-29T21:00:00.000Z,-2.7,22.1,-5.3,3.1,-0.1,6.7,573,3.4,222175
 1973-12-29T22:00:00.000Z,-2.7,22.1,-5.1,3.1,-2.4,6.9,569,3.4,190709
 1973-12-29T23:00:00.000Z,-2.7,22.2,-3.8,4.1,-0.7,7.1,584,4.3,204354
 1973-12-30T00:00:00.000Z,-2.8,22.2,-4.5,3.3,-1.8,7.3,574,4.3,184391
 1973-12-30T01:00:00.000Z,-2.8,22.2,-3.3,5.3,-2.8,7.7,584,4.3,175429
 1973-12-30T02:00:00.000Z,-2.8,22.3,-3.5,4.8,0,7.9,582,4.2,169341
 1973-12-30T03:00:00.000Z,-2.8,22.3,-4.7,2.6,-4,7.8,573,4,149728
 1973-12-30T04:00:00.000Z,-2.8,22.4,-6.9,1.6,-2.1,8.5,557,4.3,125828
 1973-12-30T05:00:00.000Z,-2.8,22.4,-6,-1.9,3.9,8.2,571,4.4,184391
 1973-12-30T06:00:00.000Z,-2.8,22.5,-6.1,0,3.6,7.9,614,4.6,228260
 1973-12-30T07:00:00.000Z,-2.8,22.5,-5,4.3,-1.3,8,617,4.7,237524
 1973-12-30T08:00:00.000Z,-2.8,22.5,-4.6,5.6,-0.7,8.2,618,4.8,271206
 1973-12-30T09:00:00.000Z,-2.8,22.6,1.7,2.3,-4.9,7.2,611,5.2,296456
 1973-12-30T10:00:00.000Z,-2.8,22.6,4.6,1.7,-3.1,7.6,636,4.9,296456
 1973-12-30T11:00:00.000Z,-2.8,22.7,-3.4,4.1,-2.4,7.7,618,4.9,318246
 1973-12-30T12:00:00.000Z,-2.8,22.7,-5.6,5.9,-0.8,8.6,605,4.7,269558
 1973-12-30T13:00:00.000Z,-2.8,22.7,-5.2,6.6,0.2,9,590,4.5,277844
 1973-12-30T14:00:00.000Z,-2.8,22.8,-7.1,4.2,1.5,8.8,586,4.6,235968
 1973-12-30T15:00:00.000Z,-2.8,22.8,-5.8,5.8,0,8.5,594,4.5,271206
 1973-12-30T16:00:00.000Z,-2.8,22.9,-5.3,5.8,0.7,8.1,595,4.7,275347
 1973-12-30T17:00:00.000Z,-2.8,22.9,-5.9,5.4,-0.5,8.8,580,4.9,246947
 1973-12-30T18:00:00.000Z,-2.8,23,-6.4,4.8,-0.3,8.9,584,4.6,246947
 1973-12-30T19:00:00.000Z,-2.8,23,-5.8,5.5,1.4,8.8,582,4.2,243788
 1973-12-30T20:00:00.000Z,-2.9,23,-8.6,1.3,0.5,9.6,569,4.1,191417
 1973-12-30T21:00:00.000Z,-2.9,23.1,-6.4,2.7,4.2,8.7,569,3.8,216910
 1973-12-30T22:00:00.000Z,-2.9,23.1,-4.1,4.1,2,7.5,588,4.2,347120
 1973-12-30T23:00:00.000Z,-2.9,23.2,-6.4,1.3,0.6,7.2,561,3.8,246947
 1973-12-31T00:00:00.000Z,-2.9,23.2,-4.5,4.8,-0.9,7.4,578,3.7,303355
 1973-12-31T01:00:00.000Z,-2.9,23.3,-5.1,5.1,0.9,8,577,3.3,242215
 1973-12-31T02:00:00.000Z,-2.9,23.3,-4.5,2.6,1.9,7,603,3.3,272859
 1973-12-31T03:00:00.000Z,-2.9,23.3,-4.6,1.7,-2.4,6.6,605,3.3,274516
 1973-12-31T04:00:00.000Z,-2.9,23.4,-3.5,1.9,0.8,6.4,622,3.3,293032
 1973-12-31T05:00:00.000Z,-2.9,23.4,-2,2.2,-2.5,6.2,637,3.3,291327
 1973-12-31T06:00:00.000Z,-2.9,23.5,-4.6,0.6,-1.3,5.7,613,3.3,250921
 1973-12-31T07:00:00.000Z,-2.9,23.5,-3,2.3,-1.4,5.6,631,3.3,299035
 1973-12-31T08:00:00.000Z,-2.9,23.6,-1.8,-3.1,0.9,5.7,654,3.4,298174
 1973-12-31T09:00:00.000Z,-2.9,23.6,-2.6,-2.3,1.9,5.5,642,3,267094
 1973-12-31T10:00:00.000Z,-2.9,23.6,-3,3.3,1.4,6.1,641,2.9,250921
 1973-12-31T11:00:00.000Z,-2.9,23.7,-2.1,-2.6,1.1,5.7,662,3.1,242215
 1973-12-31T12:00:00.000Z,-2.9,23.7,-3.9,3.5,1.7,6.4,640,2.7,275347
 1973-12-31T13:00:00.000Z,-2.9,23.8,-2.7,4.8,-0.3,6.2,647,2.2,254120
 1973-12-31T14:00:00.000Z,-2.9,23.8,-2.4,3.7,0.4,5.7,657,2.3,322685
 1973-12-31T15:00:00.000Z,-2.9,23.8,-2.3,0.6,-1.9,4.7,654,2.3,384748
 1973-12-31T16:00:00.000Z,-2.9,23.9,-2.1,2.2,0.8,5.1,658,2.3,388604
 1973-12-31T17:00:00.000Z,-3,23.9,-3.1,1.8,2.9,5.5,637,2.2,278678
 1973-12-31T18:00:00.000Z,-3,24,-4.1,1.4,1.6,5.6,615,2.2,235968
 1973-12-31T19:00:00.000Z,-3,24,-2.7,1.4,3.9,5.6,646,2.2,281187
 1973-12-31T20:00:00.000Z,-3,24.1,-3.1,2.2,-1.3,5.5,640,2.4,245365
 1973-12-31T21:00:00.000Z,-3,24.1,-2.9,1.8,2.9,5.1,645,3,295599
 1973-12-31T22:00:00.000Z,-3,24.1,0,3.4,1.7,4.8,671,3.1,278678
 1973-12-31T23:00:00.000Z,-3,24.2,-2.9,1,0.6,4.3,646,3.5,331644
 1974-01-01T00:00:00.000Z,-3,24.2,-1.00E+31,-1.00E+31,-1.00E+31,-1.00E+31,666,3.3,299035
 1974-01-01T01:00:00.000Z,-3,24.3,-0.7,2.1,1.9,4.4,654,3,273687
 1974-01-01T02:00:00.000Z,-3,24.3,-2.2,3.3,1.1,4.9,646,3.2,207278
 1974-01-01T03:00:00.000Z,-3,24.4,-3.7,0.9,-0.9,4.6,624,3.3,200000
 1974-01-01T04:00:00.000Z,-3,24.4,-3.6,1.3,-1.5,4.4,626,2.7,191417
 1974-01-01T05:00:00.000Z,-3,24.4,-1.00E+31,-1.00E+31,-1.00E+31,-1.00E+31,-1.00E+31,-1.00E+31,-1.00E+31
 1974-01-01T06:00:00.000Z,-3,24.5,1.6,3.9,1,4.7,618,3.1,206545
 1974-01-01T07:00:00.000Z,-3,24.5,2.1,0.6,0.3,4.7,617,2.5,160712
 1974-01-01T08:00:00.000Z,-3,24.6,3.8,-0.1,0,5.2,598,2.9,215416
 1974-01-01T09:00:00.000Z,-3,24.6,1.7,-4.3,0.8,5.3,603,2.9,208013
 1974-01-01T10:00:00.000Z,-3,24.6,-4.5,0.2,-1,4.9,584,2.8,227496
 1974-01-01T11:00:00.000Z,-3,24.7,-0.8,4.6,-1.8,5.5,-1.00E+31,-1.00E+31,-1.00E+31
 1974-01-01T12:00:00.000Z,-3,24.7,0.9,3.8,1,5.2,-1.00E+31,-1.00E+31,-1.00E+31
 1974-01-01T13:00:00.000Z,-3.1,24.8,-1.00E+31,-1.00E+31,-1.00E+31,-1.00E+31,-1.00E+31,-1.00E+31,-1.00E+31
 1974-01-01T14:00:00.000Z,-3.1,24.8,-1.00E+31,-1.00E+31,-1.00E+31,-1.00E+31,-1.00E+31,-1.00E+31,-1.00E+31
 1974-01-01T15:00:00.000Z,-3.1,24.9,-1.00E+31,-1.00E+31,-1.00E+31,-1.00E+31,-1.00E+31,-1.00E+31,-1.00E+31
 1974-01-01T16:00:00.000Z,-3.1,24.9,-4.5,-0.2,0.9,5.2,559,3.7,134805
 1974-01-01T17:00:00.000Z,-3.1,24.9,2.4,4.2,0.6,5.6,556,3.3,190003
 1974-01-01T18:00:00.000Z,-3.1,25,3.9,2.9,2.1,5.4,560,3.1,145304
 1974-01-01T19:00:00.000Z,-3.1,25,-1.5,1.5,0.1,4.3,583,3.3,226733
 1974-01-01T20:00:00.000Z,-3.1,25.1,-1.2,2.7,0.8,4.2,599,3.4,229027
 1974-01-01T21:00:00.000Z,-3.1,25.1,0,2.8,0,4.4,604,3.3,210222
 1974-01-01T22:00:00.000Z,-3.1,25.2,1.2,3,-1.2,4.7,609,3,192126
 1974-01-01T23:00:00.000Z,-3.1,25.2,-3.6,2.7,-0.3,4.7,563,3.2,136632
 1974-01-02T00:00:00.000Z,-3.1,25.2,-4.2,1.2,1.6,5.5,550,3.3,131181
 1974-01-02T01:00:00.000Z,-3.1,25.3,-4.4,1.1,1.3,5.5,541,3.3,144052
 1974-01-02T02:00:00.000Z,-3.1,25.3,-1.4,3.5,-0.2,4.2,552,3.3,194259
 1974-01-02T03:00:00.000Z,-3.1,25.4,-3,1.7,1.4,4.4,527,3.6,233645
 1974-01-02T04:00:00.000Z,-3.1,25.4,-2.6,2.2,0.5,4.3,528,3.3,216162
 1974-01-02T05:00:00.000Z,-3.1,25.5,-2.8,2.7,-1.8,5,526,3.5,189297
 1974-01-02T06:00:00.000Z,-3.1,25.5,-2.8,2.6,1.4,5,520,3.4,165998
 1974-01-02T07:00:00.000Z,-3.1,25.5,-3.6,3,0.8,5,507,3.4,132384
 1974-01-02T08:00:00.000Z,-3.1,25.6,-3.9,2.6,0.4,5.2,503,3.5,125828
 1974-01-02T09:00:00.000Z,-3.1,25.6,-3.9,1,-1.1,5.2,506,3.7,121151
 1974-01-02T10:00:00.000Z,-3.2,25.7,-1.4,4,0.7,5.1,520,3.6,163346
 1974-01-02T11:00:00.000Z,-3.2,25.7,-1.1,3.6,-1.2,5.2,521,3.5,171360
 1974-01-02T12:00:00.000Z,-3.2,25.7,-3.5,1.2,1,5.1,507,4,175008
 1974-01-02T13:00:00.000Z,-3.2,25.8,-1.00E+31,-1.00E+31,-1.00E+31,-1.00E+31,515,3.9,161489
 1974-01-02T14:00:00.000Z,-3.2,25.8,1.2,3.4,-0.2,5.1,535,3.7,217746
 1974-01-02T15:00:00.000Z,-3.2,25.9,1.7,3.1,-0.5,4.7,547,3.2,200022
 1974-01-02T16:00:00.000Z,-3.2,25.9,-2.8,-1.7,-2.1,5.4,534,3.6,168102
 1974-01-02T17:00:00.000Z,-3.2,26,-4.5,1.6,-1.1,5.5,504,4.1,184409
 1974-01-02T18:00:00.000Z,-3.2,26,-2.7,3.5,-1.5,5.4,505,3.9,173887
 1974-01-02T19:00:00.000Z,-3.2,26,-4.8,2.1,0.7,5.5,483,3.7,164770
 1974-01-02T20:00:00.000Z,-3.2,26.1,-3.3,2.2,1,4.9,501,3.7,181923
 1974-01-02T21:00:00.000Z,-3.2,26.1,-2.1,2.9,0,4.4,516,3.9,207199
 1974-01-02T22:00:00.000Z,-3.2,26.2,-2.7,2.4,-0.3,4.6,514,4.4,221310
 1974-01-02T23:00:00.000Z,-3.2,26.2,-3,0.9,-0.2,5.1,527,4,196735
 1974-01-03T00:00:00.000Z,-3.2,26.3,-1.4,2.6,-0.1,5.2,528,4.2,196500
 1974-01-03T01:00:00.000Z,-3.2,26.3,-4.2,0.5,0.7,4.7,526,4.6,187598
 1974-01-03T02:00:00.000Z,-3.2,26.3,-4.6,0,0.7,5.4,512,4.9,191372
 1974-01-03T03:00:00.000Z,-3.2,26.4,-4.6,0.4,-0.2,5.2,536,4.7,190737
 1974-01-03T04:00:00.000Z,-3.2,26.4,-2.2,2.5,-1,5.6,520,5,188096
 1974-01-03T05:00:00.000Z,-3.2,26.5,-2.5,3.4,-0.8,5.6,521,5.7,224263
 1974-01-03T06:00:00.000Z,-3.2,26.5,-1.9,-1.6,1.9,5,575,4.3,227144
 1974-01-03T07:00:00.000Z,-3.3,26.6,-3,-0.8,2.2,4.5,569,4.2,216401
 1974-01-03T08:00:00.000Z,-3.3,26.6,-3.7,-1,-0.2,4.4,580,4.2,217520
 1974-01-03T09:00:00.000Z,-3.3,26.6,-2.5,1,-1.2,3.8,572,4.4,193046
 1974-01-03T10:00:00.000Z,-3.3,26.7,-2.3,0.3,-1.1,4.2,569,3.9,217882
 1974-01-03T11:00:00.000Z,-3.3,26.7,-1.2,0.6,-2.1,4.3,578,3.7,211107
 1974-01-03T12:00:00.000Z,-3.3,26.8,-1.9,1.3,0.1,4,576,3.8,233002
 1974-01-03T13:00:00.000Z,-3.3,26.8,-0.3,2.7,-1.6,3.9,580,3.8,214393
 1974-01-03T14:00:00.000Z,-3.3,26.8,1.9,1.5,-2.1,4.3,560,3.5,209490
 1974-01-03T15:00:00.000Z,-3.3,26.9,-2.2,2.9,0.2,4.4,552,3.5,196876
 1974-01-03T16:00:00.000Z,-3.3,26.9,-0.8,4.3,-1.1,4.7,566,3.3,188837
 1974-01-03T17:00:00.000Z,-3.3,27,-2.8,3.2,-2.5,5.4,552,3.1,192481
 1974-01-03T18:00:00.000Z,-3.3,27,-3.9,3,1.4,5.6,543,3.7,191142
 1974-01-03T19:00:00.000Z,-3.3,27.1,-4.4,1.4,1.9,5.1,533,3.5,179989
 1974-01-03T20:00:00.000Z,-3.3,27.1,-4.4,1.6,1.9,5.4,531,4,178350
 1974-01-03T21:00:00.000Z,-3.3,27.1,-4.9,1.4,2,5.8,525,4.1,169837
 1974-01-03T22:00:00.000Z,-3.3,27.2,-4.3,1,-0.3,5.2,523,4,197038
 1974-01-03T23:00:00.000Z,-3.3,27.2,-3.8,1.3,-2.4,5.2,528,4.5,216070
 1974-01-04T00:00:00.000Z,-3.3,27.3,-1.9,1.6,-2.8,4.8,530,4.4,245759
 1974-01-04T01:00:00.000Z,-3.3,27.3,0.1,4.2,-0.6,5.3,540,4.6,265226
 1974-01-04T02:00:00.000Z,-3.3,27.4,-0.1,3.2,0.8,5.2,546,4.8,268554
 1974-01-04T03:00:00.000Z,-3.4,27.4,0.4,4.1,-0.9,5.8,544,4.4,224472
 1974-01-04T04:00:00.000Z,-3.4,27.4,-3.8,0.8,1.6,5.1,498,4.2,173125
 1974-01-04T05:00:00.000Z,-3.4,27.5,-6.9,2.3,1.6,7.6,486,3.8,131292
 1974-01-04T06:00:00.000Z,-3.4,27.5,-5.5,0.3,2.6,6.9,492,3.8,115865
 1974-01-04T07:00:00.000Z,-3.4,27.6,-5.6,0,2.9,7.3,490,3.9,137105
 1974-01-04T08:00:00.000Z,-3.4,27.6,-6.3,1.9,0.5,6.9,486,4,149253
 1974-01-04T09:00:00.000Z,-3.4,27.6,-4.7,0.1,-1,6.2,497,4.3,178396
 1974-01-04T10:00:00.000Z,-3.4,27.7,-5.2,0.3,0.2,5.9,484,4.4,181590
 1974-01-04T11:00:00.000Z,-3.4,27.7,-5.6,-0.7,1.3,6,484,3.9,163552
 1974-01-04T12:00:00.000Z,-3.4,27.8,-3.2,0.6,0.3,5,480,3.8,178412
 1974-01-04T13:00:00.000Z,-3.4,27.8,-2.1,5.4,-2.1,6.4,507,3.6,143190
 1974-01-04T14:00:00.000Z,-3.4,27.9,-2.8,3.5,0.1,5.9,494,3.6,152153
 1974-01-04T15:00:00.000Z,-3.4,27.9,-3.9,2.4,1.7,6,476,3.3,127784
 1974-01-04T16:00:00.000Z,-3.4,27.9,-4.5,0.4,2.6,5.4,487,4.2,154180
 1974-01-04T17:00:00.000Z,-3.4,28,-5.4,0.7,0.1,5.7,488,4.7,139786
 1974-01-04T18:00:00.000Z,-3.4,28,1.3,1.3,-4.1,5.4,508,6.4,145030
 1974-01-04T19:00:00.000Z,-3.4,28.1,1.6,3.4,-3.2,5.9,509,6.5,139122
 1974-01-04T20:00:00.000Z,-3.4,28.1,-0.3,4.5,0.7,5.2,493,5.7,141354
 1974-01-04T21:00:00.000Z,-3.4,28.2,-1.7,2.5,2.8,5.1,479,5.2,120866
 1974-01-04T22:00:00.000Z,-3.4,28.2,-4,2.4,0.3,5.3,475,4.2,113668
 1974-01-04T23:00:00.000Z,-3.4,28.2,-0.9,2.7,-3.1,5,495,5.1,143338
 1974-01-05T00:00:00.000Z,-3.4,28.3,-0.8,2,-2,5.4,501,6.1,157235
 1974-01-05T01:00:00.000Z,-3.5,28.3,0.1,4,-2.3,5.8,500,6.2,160416
 1974-01-05T02:00:00.000Z,-3.5,28.4,-2.3,1.9,3.9,6.2,495,6.3,148014
 1974-01-05T03:00:00.000Z,-3.5,28.4,-1.7,1.4,-1.7,4.8,502,7.5,172033
 1974-01-05T04:00:00.000Z,-3.5,28.5,0.9,3.4,-2.7,4.8,504,7.1,161430
 1974-01-05T05:00:00.000Z,-3.5,28.5,0,-3.8,-3.4,5.1,500,7,162236
 1974-01-05T06:00:00.000Z,-3.5,28.5,1.1,1.8,-1.5,3.9,500,6,157634
 1974-01-05T07:00:00.000Z,-3.5,28.6,-1.7,2,0.8,3.9,501,5.9,147839
 1974-01-05T08:00:00.000Z,-3.5,28.6,2.7,2.7,-1.5,4.5,516,6.4,150443
 1974-01-05T09:00:00.000Z,-3.5,28.7,2.3,2.8,-0.4,4,514,6,136647
 1974-01-05T10:00:00.000Z,-3.5,28.7,1.6,2.5,0.2,3.7,495,6,157834
 1974-01-05T11:00:00.000Z,-3.5,28.7,-1,3.1,-0.3,4.2,491,6,158027
 1974-01-05T12:00:00.000Z,-3.5,28.8,-4.4,4.4,1.6,6.7,486,5.3,159361
 1974-01-05T13:00:00.000Z,-3.5,28.8,1.7,3.5,-2.4,6.9,518,5.2,149823
 1974-01-05T14:00:00.000Z,-3.5,28.9,-6.2,2.6,2.9,7.6,526,5.5,129396
 1974-01-05T15:00:00.000Z,-3.5,28.9,-5.3,2,4.1,7.5,518,4.7,128971
 1974-01-05T16:00:00.000Z,-3.5,29,-4.9,1.5,2.3,6.6,536,5.1,182451
 1974-01-05T17:00:00.000Z,-3.5,29,-4.5,3.7,0.7,6.5,549,6.1,185680
 1974-01-05T18:00:00.000Z,-3.5,29,-2.3,5.6,-0.8,6.7,577,5.7,210133
 1974-01-05T19:00:00.000Z,-3.5,29.1,-2.9,3.3,0.1,5.3,597,6.2,276981
 1974-01-05T20:00:00.000Z,-3.5,29.1,-2.1,1.1,1.1,4.9,593,5.7,240345
 1974-01-05T21:00:00.000Z,-3.5,29.2,-2.3,-1.3,0.1,3.3,594,5.1,252424
 1974-01-05T22:00:00.000Z,-3.6,29.2,0.6,1.3,0.7,3.5,602,4.9,261442
 1974-01-05T23:00:00.000Z,-3.6,29.3,-1.00E+31,-1.00E+31,-1.00E+31,-1.00E+31,599,5.2,245854
 1974-01-06T00:00:00.000Z,-3.6,29.3,-3,0.7,0.1,4.3,577,5.1,250128
 1974-01-06T01:00:00.000Z,-3.6,29.3,-3.7,-1.2,-0.9,4.4,570,5.2,226505
 1974-01-06T02:00:00.000Z,-3.6,29.4,-1.8,2.1,-0.9,4,575,5,246796
 1974-01-06T03:00:00.000Z,-3.6,29.4,-1.00E+31,-1.00E+31,-1.00E+31,-1.00E+31,580,4.3,226866
 1974-01-06T04:00:00.000Z,-3.6,29.5,-1.00E+31,-1.00E+31,-1.00E+31,-1.00E+31,600,3.2,192331
 1974-01-06T05:00:00.000Z,-3.6,29.5,-1.00E+31,-1.00E+31,-1.00E+31,-1.00E+31,582,3,197745
 1974-01-06T06:00:00.000Z,-3.6,29.6,-1.00E+31,-1.00E+31,-1.00E+31,-1.00E+31,-1.00E+31,-1.00E+31,-1.00E+31
 1974-01-06T07:00:00.000Z,-3.6,29.6,-1.00E+31,-1.00E+31,-1.00E+31,-1.00E+31,583,2.8,221416
 1974-01-06T08:00:00.000Z,-3.6,29.6,-1.00E+31,-1.00E+31,-1.00E+31,-1.00E+31,581,2.7,224438
 1974-01-06T09:00:00.000Z,-3.6,29.7,-1.00E+31,-1.00E+31,-1.00E+31,-1.00E+31,580,2.4,239557
 1974-01-06T10:00:00.000Z,-3.6,29.7,-1.00E+31,-1.00E+31,-1.00E+31,-1.00E+31,581,2.5,223851
 1974-01-06T11:00:00.000Z,-3.6,29.8,-1.00E+31,-1.00E+31,-1.00E+31,-1.00E+31,582,2.5,199968
 1974-01-06T12:00:00.000Z,-3.6,29.8,-1.00E+31,-1.00E+31,-1.00E+31,-1.00E+31,578,2.2,187404
 1974-01-06T13:00:00.000Z,-3.6,29.8,-1.00E+31,-1.00E+31,-1.00E+31,-1.00E+31,558,2.2,189778
 1974-01-06T14:00:00.000Z,-3.6,29.9,-4.1,0.9,0.5,4.5,-1.00E+31,-1.00E+31,-1.00E+31
 1974-01-06T15:00:00.000Z,-3.6,29.9,-1.00E+31,-1.00E+31,-1.00E+31,-1.00E+31,-1.00E+31,-1.00E+31,-1.00E+31
 1974-01-06T16:00:00.000Z,-3.6,30,-1.00E+31,-1.00E+31,-1.00E+31,-1.00E+31,552,2.8,215390
 1974-01-06T17:00:00.000Z,-3.6,30,-2.5,1.3,-0.6,3.3,533,2.9,208361
 1974-01-06T18:00:00.000Z,-3.6,30.1,-0.8,1.9,-0.9,3.5,540,3,201023
 1974-01-06T19:00:00.000Z,-3.7,30.1,0.8,2.7,0.1,3.9,521,2.7,173421
 1974-01-06T20:00:00.000Z,-3.7,30.1,-2.1,2.4,0.7,3.5,507,2.8,176765
 1974-01-06T21:00:00.000Z,-3.7,30.2,-2.8,0.4,-0.7,3.1,512,2.8,182395
 1974-01-06T22:00:00.000Z,-3.7,30.2,-1.6,3.2,0.8,4.1,516,2.8,166307
 1974-01-06T23:00:00.000Z,-3.7,30.3,2.8,2.4,0.1,4.5,522,2.8,139315
 1974-01-07T00:00:00.000Z,-3.7,30.3,-1.5,2.5,0.9,4.4,503,2.5,132047
 1974-01-07T01:00:00.000Z,-3.7,30.4,-3.5,1,1.3,4,492,2.6,127729
 1974-01-07T02:00:00.000Z,-3.7,30.4,-3.1,2.1,0.5,3.9,483,2.8,121109
 1974-01-07T03:00:00.000Z,-3.7,30.4,-2.6,2.2,1,3.6,476,2.8,112822
 1974-01-07T04:00:00.000Z,-3.7,30.5,-2.1,2.5,0.6,3.4,468,2.7,123724
 1974-01-07T05:00:00.000Z,-3.7,30.5,0.1,2.5,1.7,3.4,459,2.7,126404
 1974-01-07T06:00:00.000Z,-3.7,30.6,-0.6,1.3,0.4,3.6,448,2.5,109232
 1974-01-07T07:00:00.000Z,-3.7,30.6,-3.3,1.2,-1.1,3.8,437,2.6,101019
 1974-01-07T08:00:00.000Z,-3.7,30.7,-3.3,1.6,-0.9,3.9,425,3,93935
 1974-01-07T09:00:00.000Z,-3.7,30.7,-3.1,2,0.1,3.9,423,3.1,103746
 1974-01-07T10:00:00.000Z,-3.7,30.7,-2.4,1.7,1.3,3.6,422,3,96319
 1974-01-07T11:00:00.000Z,-3.7,30.8,-0.9,2.7,0.8,3.2,415,3.3,92468
 1974-01-07T12:00:00.000Z,-3.7,30.8,-2.9,0.7,-0.6,3.2,415,3.5,95262
 1974-01-07T13:00:00.000Z,-3.7,30.9,-2.6,1.6,1.1,3.4,415,3.9,88387
 1974-01-07T14:00:00.000Z,-3.7,30.9,-2.7,2.2,1.1,3.8,405,4.3,79143
 1974-01-07T15:00:00.000Z,-3.7,30.9,-1.4,3,1.1,3.6,407,4.9,65979
 1974-01-07T16:00:00.000Z,-3.7,31,-1.9,2.4,2.1,4.2,405,5.2,66420
 1974-01-07T17:00:00.000Z,-3.8,31,-3.4,0.8,2.7,4.5,400,6.1,67780
 1974-01-07T18:00:00.000Z,-3.8,31.1,-1.5,2.8,2.3,4.4,401,6.6,67505
 1974-01-07T19:00:00.000Z,-3.8,31.1,-1.9,0.6,3.5,4.6,396,6.9,61720
 1974-01-07T20:00:00.000Z,-3.8,31.2,-3.2,0.7,1.9,4.3,390,6.9,59003
 1974-01-07T21:00:00.000Z,-3.8,31.2,0.1,2.3,2.4,4.2,392,7.4,49004
 1974-01-07T22:00:00.000Z,-3.8,31.2,0.3,2.9,0.2,4,390,7.5,51091
 1974-01-07T23:00:00.000Z,-3.8,31.3,2.3,1.8,-0.3,3.5,390,7.2,46415
 1974-01-08T00:00:00.000Z,-3.8,31.3,2.4,1.6,-0.1,3.5,380,7.6,41860
 1974-01-08T01:00:00.000Z,-3.8,31.4,2.6,1.6,-0.3,3.6,372,7.6,39784
 1974-01-08T02:00:00.000Z,-3.8,31.4,0.5,1.8,0.4,2.9,363,7.2,43738
 1974-01-08T03:00:00.000Z,-3.8,31.5,-0.5,1.1,1.8,2.3,363,7,44448
 1974-01-08T04:00:00.000Z,-3.8,31.5,-1.00E+31,-1.00E+31,-1.00E+31,-1.00E+31,360,7,44431
 1974-01-08T05:00:00.000Z,-3.8,31.5,-1.00E+31,-1.00E+31,-1.00E+31,-1.00E+31,354,6.9,38604
 1974-01-08T06:00:00.000Z,-3.8,31.6,-0.6,1.9,-1.6,3.3,355,6.8,37679
 1974-01-08T07:00:00.000Z,-3.8,31.6,-0.2,1.5,-2.4,3.6,354,7.8,40754
 1974-01-08T08:00:00.000Z,-3.8,31.7,-2.3,1.9,2.2,4.2,343,7.8,39288
 1974-01-08T09:00:00.000Z,-3.8,31.7,-2.5,2.9,0.9,4.3,347,8.4,44234
 1974-01-08T10:00:00.000Z,-3.8,31.8,0.2,3,0.4,4.2,359,8.5,48619
 1974-01-08T11:00:00.000Z,-3.8,31.8,3.4,4.4,-1.1,5.8,369,10.7,47019
 1974-01-08T12:00:00.000Z,-3.8,31.8,-0.7,1.1,-1.8,5.8,332,27.7,168121
 1974-01-08T13:00:00.000Z,-3.8,31.9,-2.8,-2.8,-2.9,6.4,330,20.9,161006
 1974-01-08T14:00:00.000Z,-3.8,31.9,0.5,2.3,-4.9,6.8,367,12.5,66184
 1974-01-08T15:00:00.000Z,-3.9,32,-2.5,-0.6,-6.4,7.3,370,11.3,47158
 1974-01-08T16:00:00.000Z,-3.9,32,-3.8,0,-5.6,6.9,371,11.5,42509
 1974-01-08T17:00:00.000Z,-3.9,32,-5,0.7,-4.6,7,371,16.9,46752
 1974-01-08T18:00:00.000Z,-3.9,32.1,-5.8,1,-3.4,6.9,369,17.4,45329
 1974-01-08T19:00:00.000Z,-3.9,32.1,-6.7,0.8,-2.6,7.4,372,18.2,51517
 1974-01-08T20:00:00.000Z,-3.9,32.2,-6.9,3.1,3.4,9.6,374,28.2,53406
 1974-01-08T21:00:00.000Z,-3.9,32.2,-9.4,0.7,0.1,9.9,370,29.1,26421
 1974-01-08T22:00:00.000Z,-3.9,32.3,-7.7,-0.1,4.8,9.5,376,22.8,41517
 1974-01-08T23:00:00.000Z,-3.9,32.3,-6.7,-0.7,5.4,8.7,376,19.8,41858
 1974-01-09T00:00:00.000Z,-3.9,32.3,-6.4,-3.8,3.3,8.6,361,17.8,50771
 1974-01-09T01:00:00.000Z,-3.9,32.4,-7.2,-2.5,4,8.8,359,16.4,59232
 1974-01-09T02:00:00.000Z,-3.9,32.4,-3.5,-3.3,5.6,8.9,370,18.6,61272
 1974-01-09T03:00:00.000Z,-3.9,32.5,-3.4,0.8,6.2,9.1,375,22.6,77109
 1974-01-09T04:00:00.000Z,-3.9,32.5,-5,-6,3.8,9.6,368,24.7,79834
 1974-01-09T05:00:00.000Z,-3.9,32.6,-7,-8.1,0.1,10.8,368,23.9,77560
 1974-01-09T06:00:00.000Z,-3.9,32.6,-8.2,-5.9,4.3,12,367,18.5,68342
 1974-01-09T07:00:00.000Z,-3.9,32.6,-9.2,-3.2,7.5,12.4,371,14.6,63315
 1974-01-09T08:00:00.000Z,-3.9,32.7,-6,1.4,9.3,11.7,369,14.5,62493
 1974-01-09T09:00:00.000Z,-3.9,32.7,-3.6,3.3,10.3,11.5,369,13.2,70057
 1974-01-09T10:00:00.000Z,-3.9,32.8,-2.4,4.1,10.7,12,372,13.3,77560
 1974-01-09T11:00:00.000Z,-3.9,32.8,-1.9,5.2,10.8,12.6,378,13,47834
 1974-01-09T12:00:00.000Z,-3.9,32.9,-0.6,6.3,9.6,11.7,373,19.6,51144
 1974-01-09T13:00:00.000Z,-4,32.9,3.1,6.3,5.1,8.9,391,15.3,210014
 1974-01-09T14:00:00.000Z,-4,32.9,-3.9,3.6,6,8.5,428,19.9,126929
 1974-01-09T15:00:00.000Z,-4,33,-8.4,-0.7,3.5,10,447,14.2,164722
 1974-01-09T16:00:00.000Z,-4,33,-9.2,-5.5,0.3,10.8,451,11.3,186660
 1974-01-09T17:00:00.000Z,-4,33.1,-9.4,-6.2,0.6,11.4,441,9.5,119972
 1974-01-09T18:00:00.000Z,-4,33.1,-9.6,-6.8,0.1,12,450,5.7,157603
 1974-01-09T19:00:00.000Z,-4,33.1,-7.5,1.4,5.4,9.8,492,7.7,179541
 1974-01-09T20:00:00.000Z,-4,33.2,-8.3,0.4,-0.1,9,494,8,202172
 1974-01-09T21:00:00.000Z,-4,33.2,-6.4,3.6,3.8,8.9,492,7.2,172711
 1974-01-09T22:00:00.000Z,-4,33.3,-5.1,3.8,6.3,9.7,492,6.6,184391
 1974-01-09T23:00:00.000Z,-4,33.3,-7.1,1.6,7.3,10.6,467,5.4,193547
 1974-01-10T00:00:00.000Z,-4,33.4,-7.4,1.6,7,10.5,458,5.6,188937
 1974-01-10T01:00:00.000Z,-4,33.4,-6.9,4.7,3.1,10.6,458,5.9,163769
 1974-01-10T02:00:00.000Z,-4,33.4,-3.1,4.5,1.4,7.7,452,6.5,228370
 1974-01-10T03:00:00.000Z,-4,33.5,-4.3,5.1,0.3,8.6,453,6,176762
 1974-01-10T04:00:00.000Z,-4,33.5,-4.6,4.9,1.1,9,461,5.8,165998
 1974-01-10T05:00:00.000Z,-4,33.6,-3.8,1.3,0.2,6.7,497,6.7,144052
 1974-01-10T06:00:00.000Z,-4,33.6,-3.6,2.9,2.4,6,502,6,141560
 1974-01-10T07:00:00.000Z,-4,33.7,-4,1.8,3.2,6,496,6.1,153566
 1974-01-10T08:00:00.000Z,-4,33.7,-3.1,1.9,0.1,5,502,5.6,145933
 1974-01-10T09:00:00.000Z,-4,33.7,-3.3,1,2.5,5.2,500,5.7,137857
 1974-01-10T10:00:00.000Z,-4,33.8,-2.1,-2.1,0.2,4.7,507,5.7,129387
 1974-01-10T11:00:00.000Z,-4.1,33.8,-2.8,2.6,-2.3,5.1,498,5.8,133593
 1974-01-10T12:00:00.000Z,-4.1,33.9,-1.6,3.6,-1.4,5,505,5.7,139086
 1974-01-10T13:00:00.000Z,-4.1,33.9,0.1,2.2,-2.8,4.3,514,5.9,136022
 1974-01-10T14:00:00.000Z,-4.1,34,-0.7,1.4,-2.3,4.4,506,5.7,152282
 1974-01-10T15:00:00.000Z,-4.1,34,-1,0.3,-0.7,4.4,500,6,172035
 1974-01-10T16:00:00.000Z,-4.1,34,0,-1.8,-3.8,4.7,513,5.9,140321
 1974-01-10T17:00:00.000Z,-4.1,34.1,-0.8,-1,-2.8,4.1,504,6.1,154854
 1974-01-10T18:00:00.000Z,-4.1,34.1,-3.4,-1.3,1,4.6,496,6.3,162685
 1974-01-10T19:00:00.000Z,-4.1,34.2,-3.2,-0.9,-2.5,5.1,491,6,156148
 1974-01-10T20:00:00.000Z,-4.1,34.2,-2.9,-2.9,-1.2,4.9,491,6.1,167332
 1974-01-10T21:00:00.000Z,-4.1,34.2,-4.2,0.5,2.1,5,479,5.9,180230
 1974-01-10T22:00:00.000Z,-4.1,34.3,-3.9,2.1,0.4,4.8,471,5.8,209484
 1974-01-10T23:00:00.000Z,-4.1,34.3,-3.8,1.6,0.5,4.5,471,5.5,215416
 1974-01-11T00:00:00.000Z,-4.1,34.4,-3.6,1.9,0.3,4.4,468,5.2,189297
 1974-01-11T01:00:00.000Z,-4.1,34.4,-2.7,1.4,0.3,4.4,472,5.2,140321
 1974-01-11T02:00:00.000Z,-4.1,34.5,-2.9,1.6,-0.3,4.1,470,5.5,213182
 1974-01-11T03:00:00.000Z,-4.1,34.5,-1.6,2.1,-0.4,3.8,479,5.1,152923
 1974-01-11T04:00:00.000Z,-4.1,34.5,-0.3,1.7,-1,2.6,482,5.8,144052
 1974-01-11T05:00:00.000Z,-4.1,34.6,-1.1,2.6,0.3,3.7,468,5.8,132384
 1974-01-11T06:00:00.000Z,-4.1,34.6,-1.4,3,-0.8,4,463,6,131181
 1974-01-11T07:00:00.000Z,-4.1,34.7,-2.8,1,-2,3.9,457,5.9,127217
 1974-01-11T08:00:00.000Z,-4.1,34.7,-3.2,2.5,-0.9,4.6,453,6.5,108523
 1974-01-11T09:00:00.000Z,-4.1,34.8,-3.2,1.9,0.3,4.3,447,6.3,116197
 1974-01-11T10:00:00.000Z,-4.2,34.8,-4.6,2.1,0.7,5.6,443,6.3,111820
 1974-01-11T11:00:00.000Z,-4.2,34.8,-3.3,3.9,0.1,5.7,446,5.8,116463
 1974-01-11T12:00:00.000Z,-4.2,34.9,-5.1,3.4,0.7,6.3,445,5,153092
 1974-01-11T13:00:00.000Z,-4.2,34.9,-4.5,3.9,0.4,6.2,430,5.8,141426
 1974-01-11T14:00:00.000Z,-4.2,35,-3.7,2.2,1.5,5.3,422,7.5,118029
 1974-01-11T15:00:00.000Z,-4.2,35,-3.8,1.3,1.5,5.2,413,8.2,93606
 1974-01-11T16:00:00.000Z,-4.2,35.1,-3.8,-0.7,1.4,5,425,6.4,115851
 1974-01-11T17:00:00.000Z,-4.2,35.1,-4.9,0,1.2,5.2,427,6,147424
 1974-01-11T18:00:00.000Z,-4.2,35.1,-4.3,-0.1,0.6,4.4,435,5.6,135541
 1974-01-11T19:00:00.000Z,-4.2,35.2,-4.9,-0.5,0.2,4.9,413,5.1,84469
 1974-01-11T20:00:00.000Z,-4.2,35.2,-5,-0.6,0,5.1,401,5.3,74428
 1974-01-11T21:00:00.000Z,-4.2,35.3,-4.5,-1.3,0,4.7,412,4.9,103683
 1974-01-11T22:00:00.000Z,-4.2,35.3,-3,-0.9,0.3,3.7,423,5,162914
 1974-01-11T23:00:00.000Z,-4.2,35.3,-3.6,0.7,1.5,4.3,420,5.2,156633
 1974-01-12T00:00:00.000Z,-4.2,35.4,-4.3,0.1,1,4.7,434,5.3,189840
 1974-01-12T01:00:00.000Z,-4.2,35.4,-3.6,-2.9,-0.9,5.1,446,4.7,120910
 1974-01-12T02:00:00.000Z,-4.2,35.5,-4,-1.7,-0.2,5,435,4.6,133798
 1974-01-12T03:00:00.000Z,-4.2,35.5,-2.3,1.4,-1,3.3,433,4.6,144411
 1974-01-12T04:00:00.000Z,-4.2,35.6,-0.5,0.6,-0.6,2.5,410,4.2,107321
 1974-01-12T05:00:00.000Z,-4.2,35.6,-2.7,0.6,-0.7,3.2,383,6,118576
 1974-01-12T06:00:00.000Z,-4.2,35.6,-1.7,2.9,-0.5,4.1,403,6.1,84580
 1974-01-12T07:00:00.000Z,-4.2,35.7,1.6,0.6,-1.2,3.4,401,5.7,85817
 1974-01-12T08:00:00.000Z,-4.2,35.7,-1.6,0.5,-1.1,4.4,390,5.5,80937
 1974-01-12T09:00:00.000Z,-4.3,35.8,-3.5,-1.6,0,4,375,5.8,93606
 1974-01-12T10:00:00.000Z,-4.3,35.8,-2.1,-2.1,-1.4,3.5,378,6.1,85883
 1974-01-12T11:00:00.000Z,-4.3,35.9,-2.3,-2.6,-0.1,3.7,379,6.5,65806
 1974-01-12T12:00:00.000Z,-4.3,35.9,-3,-0.7,-1.2,3.7,375,7.7,86832
 1974-01-12T13:00:00.000Z,-4.3,35.9,-2.5,-2,-3,4.6,379,8.4,62903
 1974-01-12T14:00:00.000Z,-4.3,36,-3,-2.5,-1.8,4.6,375,8.3,62903
 1974-01-12T15:00:00.000Z,-4.3,36,-1.3,-0.1,-3,4.5,383,7.4,68769
 1974-01-12T16:00:00.000Z,-4.3,36.1,-0.5,0.4,-0.1,4.1,407,6.1,104199
 1974-01-12T17:00:00.000Z,-4.3,36.1,-5.6,-0.4,0.7,5.8,400,4.5,83533
 1974-01-12T18:00:00.000Z,-4.3,36.2,-5.2,0.5,0.3,5.5,403,4,80751
 1974-01-12T19:00:00.000Z,-4.3,36.2,-5.5,-0.1,0.9,5.8,401,4.8,82600
 1974-01-12T20:00:00.000Z,-4.3,36.2,-4.3,0.9,0.8,4.9,395,4.1,75763
 1974-01-12T21:00:00.000Z,-4.3,36.3,-4.1,1.5,0.9,5,392,4.4,55714
 1974-01-12T22:00:00.000Z,-4.3,36.3,-4.2,1.5,-0.7,4.8,381,6.3,98082
 1974-01-12T23:00:00.000Z,-4.3,36.4,-1.9,-0.3,-1,3.5,371,8,79376
 1974-01-13T00:00:00.000Z,-4.3,36.4,-3.2,2.7,0.6,4.5,358,8.9,72903
 1974-01-13T01:00:00.000Z,-4.3,36.5,-1.4,-1.4,-0.7,2.9,364,8.2,60866
 1974-01-13T02:00:00.000Z,-4.3,36.5,-0.6,-0.4,-0.9,2.4,365,8.6,46752
 1974-01-13T03:00:00.000Z,-4.3,36.5,-1.1,0.8,-0.3,1.5,371,11.6,30713
 1974-01-13T04:00:00.000Z,-4.3,36.6,-1.2,0.1,-0.7,1.6,364,12.1,23725
 1974-01-13T05:00:00.000Z,-4.3,36.6,-1.2,0.1,-0.9,1.9,355,10.8,22098
 1974-01-13T06:00:00.000Z,-4.3,36.7,-1.5,0.1,-1.5,2.2,353,12.3,20789
 1974-01-13T07:00:00.000Z,-4.3,36.7,-2.3,-1.2,-0.1,2.8,346,11.9,25725
 1974-01-13T08:00:00.000Z,-4.4,36.7,-1.5,0.2,0.5,2.1,342,14.4,25820
 1974-01-13T09:00:00.000Z,-4.4,36.8,-1.5,0,-0.3,2,336,17.1,21018
 1974-01-13T10:00:00.000Z,-4.4,36.8,-0.1,-0.1,-0.8,1.5,325,20.8,36309
 1974-01-13T11:00:00.000Z,-4.4,36.9,-1.1,0.1,0.1,2.1,346,10.3,43142
 1974-01-13T12:00:00.000Z,-4.4,36.9,0.7,-1.1,-1,3.8,367,7.1,47834
 1974-01-13T13:00:00.000Z,-4.4,37,-0.8,2.8,-2.6,4.5,367,7,43232
 1974-01-13T14:00:00.000Z,-4.4,37,-1.4,3.8,0.7,4.4,361,6.7,48925
 1974-01-13T15:00:00.000Z,-4.4,37,-1.1,4.2,0.1,4.5,358,6.6,45394
 1974-01-13T16:00:00.000Z,-4.4,37.1,-2.1,3.9,-0.3,4.4,358,6.6,47521
 1974-01-13T17:00:00.000Z,-4.4,37.1,-1.6,4.2,-0.5,4.5,361,7,41178
 1974-01-13T18:00:00.000Z,-4.4,37.2,-2.1,3.6,-0.5,4.5,359,7.3,44659
 1974-01-13T19:00:00.000Z,-4.4,37.2,-2.5,3.4,0.8,4.6,360,7.8,47471
 1974-01-13T20:00:00.000Z,-4.4,37.3,-3.9,1.9,-2.2,5.1,355,8.4,54154
 1974-01-13T21:00:00.000Z,-4.4,37.3,-3.9,0.1,-3.1,5.3,354,8.5,63430
 1974-01-13T22:00:00.000Z,-4.4,37.3,-2.9,-1.4,-0.3,3.9,352,9.3,69391
 1974-01-13T23:00:00.000Z,-4.4,37.4,-2.5,3.4,-1.8,4.7,360,9.9,49292
 1974-01-14T00:00:00.000Z,-4.4,37.4,-2.3,3.3,-0.5,4.7,357,9.6,63985
 1974-01-14T01:00:00.000Z,-4.4,37.5,-2.7,0.3,2.7,4.1,369,9.4,73104
 1974-01-14T02:00:00.000Z,-4.4,37.5,-2.3,0.7,3.2,4.4,368,9.5,76660
 1974-01-14T03:00:00.000Z,-4.4,37.6,-2.9,1.4,4,5.6,369,10.3,77109
 1974-01-14T04:00:00.000Z,-4.4,37.6,-2.8,5.2,2.7,6.7,371,9.9,62085
 1974-01-14T05:00:00.000Z,-4.4,37.6,-1.7,3.5,2.8,5.7,371,11.2,77109
 1974-01-14T06:00:00.000Z,-4.4,37.7,-2.4,4.6,2.4,6.3,377,11.1,74428
 1974-01-14T07:00:00.000Z,-4.5,37.7,-3.2,6.2,2.7,7.6,376,10.1,65388
 1974-01-14T08:00:00.000Z,-4.5,37.8,-4.6,4.1,-1.8,6.9,373,11.2,82136
 1974-01-14T09:00:00.000Z,-4.5,37.8,-3.4,3.2,-1.7,6,378,13.8,70922
 1974-01-14T10:00:00.000Z,-4.5,37.8,1.4,-1.4,-0.7,2.4,394,18,55714
 1974-01-14T11:00:00.000Z,-4.5,37.9,-1.9,0.9,0,2.4,386,14,67492
 1974-01-14T12:00:00.000Z,-4.5,37.9,-1,2.8,2.2,3.9,396,14.5,62493
 1974-01-14T13:00:00.000Z,-4.5,38,-1.1,3.1,4.3,5.8,389,12,62903
 1974-01-14T14:00:00.000Z,-4.5,38,1.1,-1.6,0.7,3.9,402,18.4,56103
 1974-01-14T15:00:00.000Z,-4.5,38.1,2.5,-3.6,-0.9,4.9,406,17.3,59259
 1974-01-14T16:00:00.000Z,-4.5,38.1,5.4,-4.2,0,7,442,13.1,101587
 1974-01-14T17:00:00.000Z,-4.5,38.1,4.2,-3.9,-0.1,6.1,454,13.2,128002
 1974-01-14T18:00:00.000Z,-4.5,38.2,4.2,-4.1,-1.6,6.7,459,10.4,157668
 1974-01-14T19:00:00.000Z,-4.5,38.2,5.5,-3.6,-1.7,7.1,456,9.7,135818
 1974-01-14T20:00:00.000Z,-4.5,38.3,7.7,-3.5,0.1,8.5,445,9.7,102814
 1974-01-14T21:00:00.000Z,-4.5,38.3,8.9,-2.7,2.1,9.6,443,9.5,100795
 1974-01-14T22:00:00.000Z,-4.5,38.4,10.5,-1,1.5,10.6,443,10.5,119458
 1974-01-14T23:00:00.000Z,-4.5,38.4,9.2,-3.6,2.1,10.2,440,10.6,147424
 1974-01-15T00:00:00.000Z,-4.5,38.4,8.6,-3.8,3.4,10.3,421,9.3,84940
 1974-01-15T01:00:00.000Z,-4.5,38.5,5.6,-5.7,-0.6,9.4,402,9.8,70488
 1974-01-15T02:00:00.000Z,-4.5,38.5,7.4,-4.5,2,9.1,401,9.9,66647
 1974-01-15T03:00:00.000Z,-4.5,38.6,7.5,-3.6,3.3,9.2,402,9.4,72228
 1974-01-15T04:00:00.000Z,-4.5,38.6,5.8,-4.8,-2.5,8.6,401,9.8,73104
 1974-01-15T05:00:00.000Z,-4.5,38.7,6.7,-4.8,-0.5,8.6,373,14.4,119676
 1974-01-15T06:00:00.000Z,-4.5,38.7,7.6,-2.2,0.1,8.1,385,10.8,159132
 1974-01-15T07:00:00.000Z,-4.6,38.7,6.7,-2.4,0.1,7.4,401,8.7,84052
 1974-01-15T08:00:00.000Z,-4.6,38.8,5.5,-1.6,-2,6.3,405,8.2,92605
 1974-01-15T09:00:00.000Z,-4.6,38.8,5.4,-2.2,-2.2,6.3,394,9.2,70660
 1974-01-15T10:00:00.000Z,-4.6,38.9,1.3,-0.5,-4.1,6.1,401,10.1,67551
 1974-01-15T11:00:00.000Z,-4.6,38.9,-0.5,-3.3,-6.7,8.3,414,11.6,71084
 1974-01-15T12:00:00.000Z,-4.6,38.9,0.4,-5.5,-4.5,9,424,14.6,85877
 1974-01-15T13:00:00.000Z,-4.6,39,-3.9,3.3,-4.5,9,453,12.8,122975
 1974-01-15T14:00:00.000Z,-4.6,39,-1.5,-0.3,-1.6,9.9,469,12.9,158789
 1974-01-15T15:00:00.000Z,-4.6,39.1,5.3,-0.2,4.7,11.3,485,9.4,206252
 1974-01-15T16:00:00.000Z,-4.6,39.1,9.7,-4.1,5.9,14.7,550,5.4,232302
 1974-01-15T17:00:00.000Z,-4.6,39.2,10.3,-8.1,3.6,14.4,563,5.6,283309
 1974-01-15T18:00:00.000Z,-4.6,39.2,8.8,-5.1,4.3,12,564,6.1,381977
 1974-01-15T19:00:00.000Z,-4.6,39.2,9.8,-7.1,0.7,12.3,567,6.2,334875
 1974-01-15T20:00:00.000Z,-4.6,39.3,4.7,-1.7,-0.9,8.4,589,7,396760
 1974-01-15T21:00:00.000Z,-4.6,39.3,6.4,-5.7,-0.6,10.9,589,6.6,486364
 1974-01-15T22:00:00.000Z,-4.6,39.4,11,-7,-0.4,13.5,604,5.2,499548
 1974-01-15T23:00:00.000Z,-4.6,39.4,9.9,-0.7,3.1,11.4,612,3.6,433547
 1974-01-16T00:00:00.000Z,-4.6,39.5,7,1.6,0.3,9,656,3.4,386592
 1974-01-16T01:00:00.000Z,-4.6,39.5,6.7,2.6,-1.3,8.3,659,2.7,438723
 1974-01-16T02:00:00.000Z,-4.6,39.5,6.4,-2.9,-2.2,8.2,673,2.8,524335
 1974-01-16T03:00:00.000Z,-4.6,39.6,7.4,-1.5,-1,8.5,687,2.3,474602
 1974-01-16T04:00:00.000Z,-4.6,39.6,7.2,-1.2,-3.3,8.8,653,2.7,464865
 1974-01-16T05:00:00.000Z,-4.6,39.7,7,3.3,-2,8.7,672,2.8,509216
 1974-01-16T06:00:00.000Z,-4.6,39.7,6.4,-3.3,-0.7,8.2,662,2.8,496282
 1974-01-16T07:00:00.000Z,-4.7,39.8,4.5,-3.8,2.9,7.9,659,3.1,451625
 1974-01-16T08:00:00.000Z,-4.7,39.8,4.9,-5.2,1.3,8.3,654,3.3,431354
 1974-01-16T09:00:00.000Z,-4.7,39.8,5.6,-5.6,2.3,8.6,651,3.3,406505
 1974-01-16T10:00:00.000Z,-4.7,39.9,6.6,-5.4,-0.8,8.9,634,3,394472
 1974-01-16T11:00:00.000Z,-4.7,39.9,5.3,-7.1,-0.5,9.2,634,3.3,365382
 1974-01-16T12:00:00.000Z,-4.7,40,7.7,-5.8,0.6,9.8,626,3.6,381171
 1974-01-16T13:00:00.000Z,-4.7,40,8,-6.3,-0.5,10.4,600,3.3,290779
 1974-01-16T14:00:00.000Z,-4.7,40.1,7.1,-6.8,-1.6,10.4,604,4.2,370139
 1974-01-16T15:00:00.000Z,-4.7,40.1,8.5,-0.9,-2,9.7,624,3.2,413122
 1974-01-16T16:00:00.000Z,-4.7,40.1,7.1,1.1,0.2,7.7,626,3.1,327431
 1974-01-16T17:00:00.000Z,-4.7,40.2,6.6,-0.9,1.8,7.8,625,3.6,339224
 1974-01-16T18:00:00.000Z,-4.7,40.2,4,-2.7,1.4,7.2,633,4,292995
 1974-01-16T19:00:00.000Z,-4.7,40.3,4.9,-3.9,-1.1,7.2,617,4.1,280565
 1974-01-16T20:00:00.000Z,-4.7,40.3,3.7,-4.3,2.9,7.5,595,3.6,259885
 1974-01-16T21:00:00.000Z,-4.7,40.3,5.2,-4,2.4,8,615,4.1,280329
 1974-01-16T22:00:00.000Z,-4.7,40.4,3.7,-6.7,-0.1,8.2,609,3.5,242294
 1974-01-16T23:00:00.000Z,-4.7,40.4,4.3,-3.5,1,7.7,589,3.7,241953
 1974-01-17T00:00:00.000Z,-4.7,40.5,5.6,0.5,-0.3,6.8,605,3.2,234913
 1974-01-17T01:00:00.000Z,-4.7,40.5,4.7,-3.9,-0.9,7.1,600,3,184591
 1974-01-17T02:00:00.000Z,-4.7,40.6,4.6,1.8,-1.4,7.2,594,3.4,185765
 1974-01-17T03:00:00.000Z,-4.7,40.6,-1.00E+31,-1.00E+31,-1.00E+31,-1.00E+31,614,3.4,245958
 1974-01-17T04:00:00.000Z,-4.7,40.6,-1.00E+31,-1.00E+31,-1.00E+31,-1.00E+31,612,2.9,286758
 1974-01-17T05:00:00.000Z,-4.7,40.7,-1.00E+31,-1.00E+31,-1.00E+31,-1.00E+31,591,2.6,251802
 1974-01-17T06:00:00.000Z,-4.7,40.7,-1.00E+31,-1.00E+31,-1.00E+31,-1.00E+31,582,3.1,241790
 1974-01-17T07:00:00.000Z,-4.7,40.8,-1.00E+31,-1.00E+31,-1.00E+31,-1.00E+31,583,3.4,240623
 1974-01-17T08:00:00.000Z,-4.8,40.8,-1.00E+31,-1.00E+31,-1.00E+31,-1.00E+31,567,3.9,191053
 1974-01-17T09:00:00.000Z,-4.8,40.9,-1.00E+31,-1.00E+31,-1.00E+31,-1.00E+31,568,4.1,186145
 1974-01-17T10:00:00.000Z,-4.8,40.9,-1.00E+31,-1.00E+31,-1.00E+31,-1.00E+31,557,4.5,187433
 1974-01-17T11:00:00.000Z,-4.8,40.9,-1.00E+31,-1.00E+31,-1.00E+31,-1.00E+31,552,4.3,183993
 1974-01-17T12:00:00.000Z,-4.8,41,-1.00E+31,-1.00E+31,-1.00E+31,-1.00E+31,565,3.9,178237
 1974-01-17T13:00:00.000Z,-4.8,41,-1.00E+31,-1.00E+31,-1.00E+31,-1.00E+31,550,3.8,149128
 1974-01-17T14:00:00.000Z,-4.8,41.1,-1.00E+31,-1.00E+31,-1.00E+31,-1.00E+31,518,3,114748
 1974-01-17T15:00:00.000Z,-4.8,41.1,-1.00E+31,-1.00E+31,-1.00E+31,-1.00E+31,518,3.4,122046
 1974-01-17T16:00:00.000Z,-4.8,41.2,-1.00E+31,-1.00E+31,-1.00E+31,-1.00E+31,-1.00E+31,-1.00E+31,-1.00E+31
 1974-01-17T17:00:00.000Z,-4.8,41.2,-1.00E+31,-1.00E+31,-1.00E+31,-1.00E+31,498,2.8,137969
 1974-01-17T18:00:00.000Z,-4.8,41.2,-1.00E+31,-1.00E+31,-1.00E+31,-1.00E+31,-1.00E+31,-1.00E+31,-1.00E+31
 1974-01-17T19:00:00.000Z,-4.8,41.3,-1.00E+31,-1.00E+31,-1.00E+31,-1.00E+31,-1.00E+31,-1.00E+31,-1.00E+31
 1974-01-17T20:00:00.000Z,-4.8,41.3,-1.00E+31,-1.00E+31,-1.00E+31,-1.00E+31,506,3.3,129089
 1974-01-17T21:00:00.000Z,-4.8,41.4,-1.00E+31,-1.00E+31,-1.00E+31,-1.00E+31,499,3.3,107682
 1974-01-17T22:00:00.000Z,-4.8,41.4,-1.00E+31,-1.00E+31,-1.00E+31,-1.00E+31,504,3.2,125952
 1974-01-17T23:00:00.000Z,-4.8,41.4,-1.00E+31,-1.00E+31,-1.00E+31,-1.00E+31,512,3.3,136029
 1974-01-18T00:00:00.000Z,-4.8,41.5,-1.00E+31,-1.00E+31,-1.00E+31,-1.00E+31,502,3.9,154075
 1974-01-18T01:00:00.000Z,-4.8,41.5,-1.00E+31,-1.00E+31,-1.00E+31,-1.00E+31,492,4,154197
 1974-01-18T02:00:00.000Z,-4.8,41.6,-1.00E+31,-1.00E+31,-1.00E+31,-1.00E+31,-1.00E+31,-1.00E+31,-1.00E+31
 1974-01-18T03:00:00.000Z,-4.8,41.6,-1.00E+31,-1.00E+31,-1.00E+31,-1.00E+31,521,7.3,162132
 1974-01-18T04:00:00.000Z,-4.8,41.7,2.9,-1,3.5,6.2,523,8.7,137368
 1974-01-18T05:00:00.000Z,-4.8,41.7,-0.5,-1.3,-0.9,4.4,524,9.7,137254
 1974-01-18T06:00:00.000Z,-4.8,41.7,-1.3,-2.1,-3.5,5.6,517,8.9,120053
 1974-01-18T07:00:00.000Z,-4.8,41.8,-0.9,-4.3,-4.2,6.2,513,7.3,110380
 1974-01-18T08:00:00.000Z,-4.8,41.8,0.5,-2,-3.1,5.1,504,8.2,158505
 1974-01-18T09:00:00.000Z,-4.9,41.9,-1.3,-1.4,-2.8,4.5,513,8.9,150204
 1974-01-18T10:00:00.000Z,-4.9,41.9,-2.4,0.4,-2.5,4.2,510,8.3,145819
 1974-01-18T11:00:00.000Z,-4.9,42,-1.8,-1.7,-1.8,3.6,493,7.5,154909
 1974-01-18T12:00:00.000Z,-4.9,42,-2.3,-1.7,-0.9,3.5,496,6.3,154742
 1974-01-18T13:00:00.000Z,-4.9,42,-1.00E+31,-1.00E+31,-1.00E+31,-1.00E+31,-1.00E+31,-1.00E+31,-1.00E+31
 1974-01-18T14:00:00.000Z,-4.9,42.1,-1.00E+31,-1.00E+31,-1.00E+31,-1.00E+31,-1.00E+31,-1.00E+31,-1.00E+31
 1974-01-18T15:00:00.000Z,-4.9,42.1,-2.1,0.8,-3.2,4.5,535,8.2,162654
 1974-01-18T16:00:00.000Z,-4.9,42.2,-3,-1.4,-4.9,6.2,546,8.9,134759
 1974-01-18T17:00:00.000Z,-4.9,42.2,1.2,-2.2,-2,7.1,548,7.7,183008
 1974-01-18T18:00:00.000Z,-4.9,42.3,5.2,-6,2.8,9.2,598,5.1,284169
 1974-01-18T19:00:00.000Z,-4.9,42.3,1.8,-3.8,2.1,7.7,621,6.6,379411
 1974-01-18T20:00:00.000Z,-4.9,42.3,1.7,-6.4,0.6,7.8,622,7.3,398129
 1974-01-18T21:00:00.000Z,-4.9,42.4,2.4,-3.2,0,7.1,630,6.2,452393
 1974-01-18T22:00:00.000Z,-4.9,42.4,0.8,-3.5,-0.4,5.3,666,4.1,313083
 1974-01-18T23:00:00.000Z,-4.9,42.5,0.9,-3.5,-2.3,4.8,659,3.9,259602
 1974-01-19T00:00:00.000Z,-4.9,42.5,1.4,-2.1,-2.1,5,644,3.4,240820
 1974-01-19T01:00:00.000Z,-4.9,42.6,1.7,-3.4,-2.7,5.4,634,3.5,230141
 1974-01-19T02:00:00.000Z,-4.9,42.6,2.7,-3.6,-0.6,5.2,613,3.3,241997
 1974-01-19T03:00:00.000Z,-4.9,42.6,4.9,-2.3,-0.7,5.6,573,3.3,176623
 1974-01-19T04:00:00.000Z,-4.9,42.7,4.7,-1.9,0.4,5.5,565,3.5,195783
 1974-01-19T05:00:00.000Z,-4.9,42.7,4.8,-2.1,1.6,5.7,561,3.5,191835
 1974-01-19T06:00:00.000Z,-4.9,42.8,4.6,-1.4,2.9,5.8,554,3.6,190847
 1974-01-19T07:00:00.000Z,-4.9,42.8,5.1,-1.5,1.2,5.6,553,3.9,194448
 1974-01-19T08:00:00.000Z,-4.9,42.8,5,-1.5,-0.5,5.5,540,4.4,151448
 1974-01-19T09:00:00.000Z,-4.9,42.9,5,-2.1,1.6,5.8,517,3.4,172099
 1974-01-19T10:00:00.000Z,-5,42.9,4.4,-1.5,3.2,6,517,3.4,183460
 1974-01-19T11:00:00.000Z,-5,43,2.7,-1,4.9,5.9,521,3.2,176150
 1974-01-19T12:00:00.000Z,-5,43,1.7,-2.1,3.6,5.9,539,3.8,203461
 1974-01-19T13:00:00.000Z,-5,43.1,1.7,-3.6,2.1,6.2,541,3.9,225831
 1974-01-19T14:00:00.000Z,-5,43.1,1.8,-1.5,2.1,6,532,3.9,237741
 1974-01-19T15:00:00.000Z,-5,43.1,2.9,0.2,2.9,5.8,530,3.7,213559
 1974-01-19T16:00:00.000Z,-5,43.2,4.6,1,-1.5,6,504,4.1,219750
 1974-01-19T17:00:00.000Z,-5,43.2,5.3,-0.8,0.7,6,506,3.9,220169
 1974-01-19T18:00:00.000Z,-5,43.3,3.4,-1.2,-0.2,5.5,534,3.9,226778
 1974-01-19T19:00:00.000Z,-5,43.3,1.3,-2.6,-3.6,5.8,540,3.8,252405
 1974-01-19T20:00:00.000Z,-5,43.4,1.5,-3.9,0.9,5.9,541,3.9,262873
 1974-01-19T21:00:00.000Z,-5,43.4,-0.9,-5.1,4,6.8,562,3.1,207741
 1974-01-19T22:00:00.000Z,-5,43.4,0.4,-6.2,1.4,6.7,563,3,230557
 1974-01-19T23:00:00.000Z,-5,43.5,4.1,-1.7,0.7,6.2,560,2.8,231662
 1974-01-20T00:00:00.000Z,-5,43.5,3.3,-5.6,0.4,6.9,564,3.3,242863
 1974-01-20T01:00:00.000Z,-5,43.6,2.6,-4.3,-2.8,7,572,3,273705
 1974-01-20T02:00:00.000Z,-5,43.6,3.7,-4.4,0,7.1,578,2.8,284766
 1974-01-20T03:00:00.000Z,-5,43.7,2.7,-3.8,-0.4,6.1,608,2.7,367733
 1974-01-20T04:00:00.000Z,-5,43.7,2,-2.1,-3,5.5,626,2.7,409215
 1974-01-20T05:00:00.000Z,-5,43.7,2.6,-3.8,0.1,5.2,628,2.5,397211
 1974-01-20T06:00:00.000Z,-5,43.8,3.7,-1.1,0.8,5.4,631,2.5,339321
 1974-01-20T07:00:00.000Z,-5,43.8,1.5,-3.1,-0.2,4.7,641,2.2,339544
 1974-01-20T08:00:00.000Z,-5,43.9,2.4,-3.6,-0.8,4.7,624,2.2,305042
 1974-01-20T09:00:00.000Z,-5,43.9,3.1,-2.3,-0.7,4.6,625,2.2,291197
 1974-01-20T10:00:00.000Z,-5,44,3,-1.2,-1.6,4.3,623,2.2,289591
 1974-01-20T11:00:00.000Z,-5,44,1.8,-3.2,0.4,4.2,634,2,297741
 1974-01-20T12:00:00.000Z,-5.1,44,1.6,0.1,2.2,3.9,622,1.9,311474
 1974-01-20T13:00:00.000Z,-5.1,44.1,3.5,-0.2,1.6,4.5,608,2.1,305713
 1974-01-20T14:00:00.000Z,-5.1,44.1,3.7,0,0.2,4.2,607,1.9,297048
 1974-01-20T15:00:00.000Z,-5.1,44.2,3.3,1.6,-0.4,4.4,604,2.2,283005
 1974-01-20T16:00:00.000Z,-5.1,44.2,4.9,-0.9,-0.9,5.2,594,2.2,290950
 1974-01-20T17:00:00.000Z,-5.1,44.2,4.6,0.4,-1.4,5.4,620,2.7,247372
 1974-01-20T18:00:00.000Z,-5.1,44.3,4.7,0.4,-1.8,5.4,589,2.4,243264
 1974-01-20T19:00:00.000Z,-5.1,44.3,1,-2.1,-1.3,5.7,621,2.2,276603
 1974-01-20T20:00:00.000Z,-5.1,44.4,3.8,-2.7,-0.9,5.1,579,2.2,254888
 1974-01-20T21:00:00.000Z,-5.1,44.4,4.9,-0.2,0.9,5.3,571,1.9,230067
 1974-01-20T22:00:00.000Z,-5.1,44.5,4.2,-2.6,-1.1,5.5,569,2,256223
 1974-01-20T23:00:00.000Z,-5.1,44.5,3.8,-2.4,-2.1,5.5,584,2.2,271902
 1974-01-21T00:00:00.000Z,-5.1,44.5,2.8,-3,1.4,5.3,590,2.2,278612
 1974-01-21T01:00:00.000Z,-5.1,44.6,3.9,-3.2,-0.8,5.8,583,2.2,270918
 1974-01-21T02:00:00.000Z,-5.1,44.6,3.9,-3.1,-1.6,5.8,572,2.2,262584
 1974-01-21T03:00:00.000Z,-5.1,44.7,3.4,-2.4,-2.7,5.9,568,2,234237
 1974-01-21T04:00:00.000Z,-5.1,44.7,4.2,-2,-0.1,5.9,570,1.9,241115
 1974-01-21T05:00:00.000Z,-5.1,44.8,3.5,-1.6,-3,5.8,564,2,243597
 1974-01-21T06:00:00.000Z,-5.1,44.8,2.9,-2.3,-3,5.8,575,2.1,256775
 1974-01-21T07:00:00.000Z,-5.1,44.8,-1.00E+31,-1.00E+31,-1.00E+31,-1.00E+31,556,1.9,230251
 1974-01-21T08:00:00.000Z,-5.1,44.9,-1.00E+31,-1.00E+31,-1.00E+31,-1.00E+31,570,1.8,265495
 1974-01-21T09:00:00.000Z,-5.1,44.9,-1.00E+31,-1.00E+31,-1.00E+31,-1.00E+31,577,1.9,310341
 1974-01-21T10:00:00.000Z,-5.1,45,-1.00E+31,-1.00E+31,-1.00E+31,-1.00E+31,-1.00E+31,-1.00E+31,-1.00E+31
 1974-01-21T11:00:00.000Z,-5.1,45,-1.00E+31,-1.00E+31,-1.00E+31,-1.00E+31,-1.00E+31,-1.00E+31,-1.00E+31
 1974-01-21T12:00:00.000Z,-5.1,45.1,-1.00E+31,-1.00E+31,-1.00E+31,-1.00E+31,-1.00E+31,-1.00E+31,-1.00E+31
 1974-01-21T13:00:00.000Z,-5.1,45.1,-1.00E+31,-1.00E+31,-1.00E+31,-1.00E+31,-1.00E+31,-1.00E+31,-1.00E+31
 1974-01-21T14:00:00.000Z,-5.2,45.1,-1.00E+31,-1.00E+31,-1.00E+31,-1.00E+31,-1.00E+31,-1.00E+31,-1.00E+31
 1974-01-21T15:00:00.000Z,-5.2,45.2,-1.00E+31,-1.00E+31,-1.00E+31,-1.00E+31,-1.00E+31,-1.00E+31,-1.00E+31
 1974-01-21T16:00:00.000Z,-5.2,45.2,-1.00E+31,-1.00E+31,-1.00E+31,-1.00E+31,-1.00E+31,-1.00E+31,-1.00E+31
 1974-01-21T17:00:00.000Z,-5.2,45.3,-1.00E+31,-1.00E+31,-1.00E+31,-1.00E+31,-1.00E+31,-1.00E+31,-1.00E+31
 1974-01-21T18:00:00.000Z,-5.2,45.3,-1.00E+31,-1.00E+31,-1.00E+31,-1.00E+31,509,2.9,172310
 1974-01-21T19:00:00.000Z,-5.2,45.3,-1.00E+31,-1.00E+31,-1.00E+31,-1.00E+31,504,3,181172
 1974-01-21T20:00:00.000Z,-5.2,45.4,-1.00E+31,-1.00E+31,-1.00E+31,-1.00E+31,501,3.1,169726
 1974-01-21T21:00:00.000Z,-5.2,45.4,-1.00E+31,-1.00E+31,-1.00E+31,-1.00E+31,502,3.2,156538
 1974-01-21T22:00:00.000Z,-5.2,45.5,-1.00E+31,-1.00E+31,-1.00E+31,-1.00E+31,494,3,142901
 1974-01-21T23:00:00.000Z,-5.2,45.5,-1.00E+31,-1.00E+31,-1.00E+31,-1.00E+31,493,2.8,117911
 1974-01-22T00:00:00.000Z,-5.2,45.6,-1.00E+31,-1.00E+31,-1.00E+31,-1.00E+31,498,2.5,102776
 1974-01-22T01:00:00.000Z,-5.2,45.6,-1.00E+31,-1.00E+31,-1.00E+31,-1.00E+31,491,2.9,97086
 1974-01-22T02:00:00.000Z,-5.2,45.6,-1.00E+31,-1.00E+31,-1.00E+31,-1.00E+31,486,2.8,115141
 1974-01-22T03:00:00.000Z,-5.2,45.7,-1.00E+31,-1.00E+31,-1.00E+31,-1.00E+31,486,2.7,107997
 1974-01-22T04:00:00.000Z,-5.2,45.7,-1.00E+31,-1.00E+31,-1.00E+31,-1.00E+31,477,2.5,87804
 1974-01-22T05:00:00.000Z,-5.2,45.8,-1.00E+31,-1.00E+31,-1.00E+31,-1.00E+31,477,2.9,107693
 1974-01-22T06:00:00.000Z,-5.2,45.8,-1.00E+31,-1.00E+31,-1.00E+31,-1.00E+31,479,2.9,98881
 1974-01-22T07:00:00.000Z,-5.2,45.9,-1.00E+31,-1.00E+31,-1.00E+31,-1.00E+31,453,4.1,191877
 1974-01-22T08:00:00.000Z,-5.2,45.9,-1.00E+31,-1.00E+31,-1.00E+31,-1.00E+31,457,4,144773
 1974-01-22T09:00:00.000Z,-5.2,45.9,-0.3,-1.8,-1.8,2.9,462,4.2,93184
 1974-01-22T10:00:00.000Z,-5.2,46,1,-2,0.3,3.2,457,4.3,89028
 1974-01-22T11:00:00.000Z,-5.2,46,0.7,-1,1.2,2.7,462,4.7,97886
 1974-01-22T12:00:00.000Z,-5.2,46.1,1.2,-0.7,0,2.5,457,4.9,92065
 1974-01-22T13:00:00.000Z,-5.2,46.1,1.5,0.9,0.3,2.4,450,5,94696
 1974-01-22T14:00:00.000Z,-5.2,46.2,1.6,1.9,1.1,2.9,448,4.9,85409
 1974-01-22T15:00:00.000Z,-5.2,46.2,1.1,-1.4,1.8,3.2,444,4.9,93444
 1974-01-22T16:00:00.000Z,-5.2,46.2,0.2,-2.2,2.5,3.7,441,5.3,90385
 1974-01-22T17:00:00.000Z,-5.3,46.3,0.1,-3,1.2,4.1,439,5,88743
 1974-01-22T18:00:00.000Z,-5.3,46.3,-1.2,-2.7,-0.4,3.2,433,5.2,87308
 1974-01-22T19:00:00.000Z,-5.3,46.4,-0.8,-2.1,-0.9,2.9,429,5.1,87786
 1974-01-22T20:00:00.000Z,-5.3,46.4,0.5,-1.9,-0.1,2.9,428,5.2,97079
 1974-01-22T21:00:00.000Z,-5.3,46.5,-0.9,-1.6,-0.2,2.9,428,5.2,79376
 1974-01-22T22:00:00.000Z,-5.3,46.5,0.4,-1.9,-1.8,3,415,4.6,58860
 1974-01-22T23:00:00.000Z,-5.3,46.5,0.4,-1.4,-2.1,2.6,413,4.4,53027
 1974-01-23T00:00:00.000Z,-5.3,46.6,0.2,-1.3,-1.9,2.5,414,4.4,56493
 1974-01-23T01:00:00.000Z,-5.3,46.6,2.1,-0.8,-1.8,3,409,4.1,64555
 1974-01-23T02:00:00.000Z,-5.3,46.7,-0.3,-0.9,-0.6,2,399,4.6,63315
 1974-01-23T03:00:00.000Z,-5.3,46.7,0,-0.4,-0.6,1.9,397,5.1,64140
 1974-01-23T04:00:00.000Z,-5.3,46.7,0.3,-0.8,-1.9,2.9,390,5,43577
 1974-01-23T05:00:00.000Z,-5.3,46.8,-1.2,-0.7,0.3,2.8,379,5.1,45329
 1974-01-23T06:00:00.000Z,-5.3,46.8,-2.7,-0.2,0.1,2.8,383,6,35930
 1974-01-23T07:00:00.000Z,-5.3,46.9,-2.2,-0.9,1.4,3.1,376,6.1,39172
 1974-01-23T08:00:00.000Z,-5.3,46.9,-1.9,-1.7,2,3.4,367,6.2,41517
 1974-01-23T09:00:00.000Z,-5.3,47,-2.9,-1.5,1.5,3.7,368,6.4,46752
 1974-01-23T10:00:00.000Z,-5.3,47,-1.8,-2.4,0.3,3.2,364,7.2,38513
 1974-01-23T11:00:00.000Z,-5.3,47,-1.4,-2,1.8,3.5,359,7.6,33805
 1974-01-23T12:00:00.000Z,-5.3,47.1,-3.1,-1.8,1.6,3.9,355,7.1,24152
 1974-01-23T13:00:00.000Z,-5.3,47.1,-3.5,-1.4,1.1,4,355,7.4,24416
 1974-01-23T14:00:00.000Z,-5.3,47.2,-3.6,-1.1,0.8,3.9,351,8.1,24240
 1974-01-23T15:00:00.000Z,-5.3,47.2,-3.5,-0.4,1.5,3.9,348,8.5,21239
 1974-01-23T16:00:00.000Z,-5.3,47.3,-3.5,-0.2,-0.1,3.6,349,8.2,23136
 1974-01-23T17:00:00.000Z,-5.3,47.3,-3.8,-0.2,-1.2,4,351,6.7,23467
 1974-01-23T18:00:00.000Z,-5.3,47.3,0.2,-1.8,0.6,4.1,339,7.2,42131
 1974-01-23T19:00:00.000Z,-5.3,47.4,1.6,-3.4,1.3,4.4,334,6.2,35716
 1974-01-23T20:00:00.000Z,-5.4,47.4,-0.2,-3.2,2.6,4.2,343,5.9,31442
 1974-01-23T21:00:00.000Z,-5.4,47.5,-0.7,-3.3,1.6,3.9,343,6.2,33451
 1974-01-23T22:00:00.000Z,-5.4,47.5,-1.6,-3.1,1.3,3.7,341,6.8,26694
 1974-01-23T23:00:00.000Z,-5.4,47.6,-2.1,-1.2,1.7,3.1,334,8.6,33386
 1974-01-24T00:00:00.000Z,-5.4,47.6,-1.7,-0.6,2,2.8,332,8.7,30842
 1974-01-24T01:00:00.000Z,-5.4,47.6,-1.4,0.4,0.3,2,329,9.7,26783
 1974-01-24T02:00:00.000Z,-5.4,47.7,0.5,-1,-0.6,2.1,319,8.9,29463
 1974-01-24T03:00:00.000Z,-5.4,47.7,1.9,-0.6,0.3,2.4,310,9.4,27842
 1974-01-24T04:00:00.000Z,-5.4,47.8,1,-1,-1.4,2.5,314,9.5,27046
 1974-01-24T05:00:00.000Z,-5.4,47.8,1.5,-1.4,-1.2,2.8,310,9.2,27046
 1974-01-24T06:00:00.000Z,-5.4,47.9,1.7,-1.1,-0.9,2.8,311,10,26783
 1974-01-24T07:00:00.000Z,-5.4,47.9,2.7,-1.2,1.4,3.7,302,9.1,27576
 1974-01-24T08:00:00.000Z,-5.4,47.9,2.6,-0.1,1.7,3.8,301,8.8,22223
 1974-01-24T09:00:00.000Z,-5.4,48,3.2,0.6,0.7,3.5,298,8.5,28110
 1974-01-24T10:00:00.000Z,-5.4,48,1.2,-1.6,2.8,3.9,311,9.8,22467
 1974-01-24T11:00:00.000Z,-5.4,48.1,-0.3,-2.5,2.7,3.8,314,10.6,19147
 1974-01-24T12:00:00.000Z,-5.4,48.1,0.5,-2.7,2.7,4,312,10.3,23455
 1974-01-24T13:00:00.000Z,-5.4,48.1,0.4,0.6,0.9,2.9,311,11.9,24714
 1974-01-24T14:00:00.000Z,-5.4,48.2,0,0.3,-1,1.4,307,10.9,14864
 1974-01-24T15:00:00.000Z,-5.4,48.2,-0.2,-0.2,-0.5,0.9,-1.00E+31,-1.00E+31,-1.00E+31
 1974-01-24T16:00:00.000Z,-5.4,48.3,-0.2,0.4,-0.1,1,307,16.5,11072
 1974-01-24T17:00:00.000Z,-5.4,48.3,-0.4,1.9,-0.3,2,308,18.5,9266
 1974-01-24T18:00:00.000Z,-5.4,48.4,-0.9,1.5,-1.5,2.6,308,18.1,10846
 1974-01-24T19:00:00.000Z,-5.4,48.4,-0.7,0.5,-2.1,2.7,305,19.1,35716
 1974-01-24T20:00:00.000Z,-5.4,48.4,1,-2.2,-2.9,3.8,311,20.4,22467
 1974-01-24T21:00:00.000Z,-5.4,48.5,0.7,-2,-4,4.7,311,23.5,22959
 1974-01-24T22:00:00.000Z,-5.4,48.5,-2.7,-0.8,-5.4,6.1,313,27.1,24207
 1974-01-24T23:00:00.000Z,-5.4,48.6,-4.4,3,-5.9,8,316,31.2,23956
 1974-01-25T00:00:00.000Z,-5.5,48.6,-6,5.7,0.9,8.7,319,38.7,25740
 1974-01-25T01:00:00.000Z,-5.5,48.7,-3.6,4.6,1.8,6.4,325,46.7,35421
 1974-01-25T02:00:00.000Z,-5.5,48.7,-5.9,6.4,-3.8,10.5,326,33.2,34252
 1974-01-25T03:00:00.000Z,-5.5,48.7,-6.9,6.9,-5.1,11.4,331,42.8,44364
 1974-01-25T04:00:00.000Z,-5.5,48.8,-4.9,4.6,-9.1,11.9,340,46.9,48633
 1974-01-25T05:00:00.000Z,-5.5,48.8,-1.8,0.2,-3.5,10.1,357,57.5,94365
 1974-01-25T06:00:00.000Z,-5.5,48.9,-5.1,1.6,-12.6,16.8,377,45.6,108371
 1974-01-25T07:00:00.000Z,-5.5,48.9,-9.7,10.8,5.9,19.2,382,36.9,207883
 1974-01-25T08:00:00.000Z,-5.5,49,-9.4,13.6,-3,18.3,403,26.7,432401
 1974-01-25T09:00:00.000Z,-5.5,49,-7.9,9.4,3.1,17.6,420,31.3,489432
 1974-01-25T10:00:00.000Z,-5.5,49,-10.3,16.7,2.6,20.7,422,29.7,454421
 1974-01-25T11:00:00.000Z,-5.5,49.1,-9.7,19.6,-1.5,22.9,432,28.8,475905
 1974-01-25T12:00:00.000Z,-5.5,49.1,-15.1,16.8,-5.4,23.7,437,25.7,526707
 1974-01-25T13:00:00.000Z,-5.5,49.2,-11.9,17.5,-6.8,23,466,24.2,861728
 1974-01-25T14:00:00.000Z,-5.5,49.2,-9.1,19.9,-1,24,488,21,623705
 1974-01-25T15:00:00.000Z,-5.5,49.3,-9.2,17.7,1.9,22.6,495,19.1,729576
 1974-01-25T16:00:00.000Z,-5.5,49.3,-13,16.6,-1.5,23.4,518,19.2,781280
 1974-01-25T17:00:00.000Z,-5.5,49.3,-11.6,19.5,-0.4,25.3,534,13.9,794448
 1974-01-25T18:00:00.000Z,-5.5,49.4,-10.3,13.1,3.6,22.6,590,11.7,742357
 1974-01-25T19:00:00.000Z,-5.5,49.4,-7.3,9.2,2.8,15.2,671,6.2,456715
 1974-01-25T20:00:00.000Z,-5.5,49.5,-5.3,4.4,-2.7,8.4,721,4.3,490423
 1974-01-25T21:00:00.000Z,-5.5,49.5,-3.4,5.9,-1.7,8.5,743,3.4,447424
 1974-01-25T22:00:00.000Z,-5.5,49.5,-3.7,5,-0.2,8.1,751,3.7,401252
 1974-01-25T23:00:00.000Z,-5.5,49.6,-2.7,2.7,-2.4,6.8,765,3.8,435167
 1974-01-26T00:00:00.000Z,-5.5,49.6,-2.6,3.2,0.7,6.5,766,3.6,396366
 1974-01-26T01:00:00.000Z,-5.5,49.7,-0.8,5.2,-2.5,6.6,794,3.1,344366
 1974-01-26T02:00:00.000Z,-5.5,49.7,-4.1,2.2,0.4,6.2,751,3.3,292180
 1974-01-26T03:00:00.000Z,-5.5,49.8,-4,1.2,-1.8,6,745,3.2,300760
 1974-01-26T04:00:00.000Z,-5.6,49.8,-5.1,1.8,-0.6,6.4,738,3.3,285393
 1974-01-26T05:00:00.000Z,-5.6,49.8,-5.1,0.6,1.6,6.2,730,3.1,239083
 1974-01-26T06:00:00.000Z,-5.6,49.9,-4.9,1.5,0.4,6.4,722,2.9,278678
 1974-01-26T07:00:00.000Z,-5.6,49.9,-3.5,0.7,1.5,5.8,747,2.9,326256
 1974-01-26T08:00:00.000Z,-5.6,50,-3.1,2.9,-0.9,5.6,743,3.1,365722
 1974-01-26T09:00:00.000Z,-5.6,50,-3.3,2.6,-2.1,6.3,728,2.9,348040
 1974-01-26T10:00:00.000Z,-5.6,50.1,-5,2.3,0.5,6.3,704,3,350806
 1974-01-26T11:00:00.000Z,-5.6,50.1,-5.1,3.5,0,6.7,698,2.7,176796
 1974-01-26T12:00:00.000Z,-5.6,50.1,-5.4,2.4,1.2,6.8,680,2.6,132384
 1974-01-26T13:00:00.000Z,-5.6,50.2,-5.4,2.1,-0.3,6.4,680,2.6,176112
 1974-01-26T14:00:00.000Z,-5.6,50.2,-4.3,3.6,0.1,6.2,692,2.7,243001
 1974-01-26T15:00:00.000Z,-5.6,50.3,-4.8,0.3,-0.8,5.8,710,3.1,307702
 1974-01-26T16:00:00.000Z,-5.6,50.3,-3.7,-0.6,-0.5,5.9,725,3.1,347120
 1974-01-26T17:00:00.000Z,-5.6,50.4,-3,1.6,1.3,6,736,2.8,335257
 1974-01-26T18:00:00.000Z,-5.6,50.4,-3.4,-2.2,4.2,6.3,757,2.7,308575
 1974-01-26T19:00:00.000Z,-5.6,50.4,-2.9,0.2,-1.8,5.3,755,2.7,383787
 1974-01-26T20:00:00.000Z,-5.6,50.5,-3.7,0.3,-0.5,5.5,744,2.8,331644
 1974-01-26T21:00:00.000Z,-5.6,50.5,-4.5,-1.4,-1,5.8,733,2.7,282026
 1974-01-26T22:00:00.000Z,-5.6,50.6,-3.2,1.3,-1.8,5.3,753,2.7,275347
 1974-01-26T23:00:00.000Z,-5.6,50.6,-4.2,0.6,0.7,5.6,735,2.7,289627
 1974-01-27T00:00:00.000Z,-5.6,50.7,-3.9,1.9,1.4,5.7,737,2.8,306830
 1974-01-27T01:00:00.000Z,-5.6,50.7,-1.5,4.1,-1.9,5.6,748,2.5,294742
 1974-01-27T02:00:00.000Z,-5.6,50.7,-0.4,3.9,-1.9,5.9,774,2.3,258953
 1974-01-27T03:00:00.000Z,-5.6,50.8,-2.4,3.3,-2,5.4,750,2.3,261383
 1974-01-27T04:00:00.000Z,-5.6,50.8,-2.6,2.3,1.7,5.2,750,2.5,331644
 1974-01-27T05:00:00.000Z,-5.6,50.9,-2.7,1.3,-2.5,4.8,736,2.5,344366
 1974-01-27T06:00:00.000Z,-5.6,50.9,-3.1,2.2,-2.2,5.1,724,2.5,341622
 1974-01-27T07:00:00.000Z,-5.6,50.9,-2,4,0.1,5.7,744,2.6,305960
 1974-01-27T08:00:00.000Z,-5.6,51,-2.8,2.2,2.7,5.8,722,2.7,303355
 1974-01-27T09:00:00.000Z,-5.6,51,-2.3,1,-2.6,4.8,717,2.7,318246
 1974-01-27T10:00:00.000Z,-5.7,51.1,-3.3,2.1,3.1,5.6,727,2.6,278678
 1974-01-27T11:00:00.000Z,-5.7,51.1,-2,3,3.6,5.8,756,2.5,226733
 1974-01-27T12:00:00.000Z,-5.7,51.2,-1.3,2.5,4.4,5.8,770,2.5,226733
 1974-01-27T13:00:00.000Z,-5.7,51.2,-3.5,2.6,1.9,5.7,732,2.3,225209
 1974-01-27T14:00:00.000Z,-5.7,51.2,-3.1,1.9,2.5,5.6,732,2.3,250921
 1974-01-27T15:00:00.000Z,-5.7,51.3,-3.3,2.5,1.8,5.4,729,2.4,305960
 1974-01-27T16:00:00.000Z,-5.7,51.3,-3,2.4,1.6,5.3,718,2.7,389571
 1974-01-27T17:00:00.000Z,-5.7,51.4,-1.9,2.8,-2.2,4.7,724,2.4,359163
 1974-01-27T18:00:00.000Z,-5.7,51.4,-0.7,2.6,-0.2,4.3,730,2,358230
 1974-01-27T19:00:00.000Z,-5.7,51.5,-1.7,1.9,1.7,4.4,724,2.3,380910
 1974-01-27T20:00:00.000Z,-5.7,51.5,-2.5,2.4,0.4,4.5,701,2.6,381867
 1974-01-27T21:00:00.000Z,-5.7,51.5,-2.1,1.9,-2.8,4.5,704,2.3,297315
 1974-01-27T22:00:00.000Z,-5.7,51.6,-0.8,1.8,-2.4,4,689,2.3,261565
 1974-01-27T23:00:00.000Z,-5.7,51.6,-0.6,1.1,-2.7,4.3,678,1.9,252619
 1974-01-28T00:00:00.000Z,-5.7,51.7,0,-0.5,-2.7,4.6,684,1.7,251491
 1974-01-28T01:00:00.000Z,-5.7,51.7,-1.4,0,-1.5,3.5,663,2.1,304982
 1974-01-28T02:00:00.000Z,-5.7,51.8,0.3,-1,-1.6,3.8,618,2.3,207608
 1974-01-28T03:00:00.000Z,-5.7,51.8,-0.2,-1.5,-2.6,4.8,590,3.2,178290
 1974-01-28T04:00:00.000Z,-5.7,51.8,-2.2,1.6,0.6,4.5,603,4.9,212089
 1974-01-28T05:00:00.000Z,-5.7,51.9,-0.4,-3.7,0.8,4.9,599,4.8,214460
 1974-01-28T06:00:00.000Z,-5.7,51.9,-2.4,-2.4,0.3,4.9,599,4.9,273708
 1974-01-28T07:00:00.000Z,-5.7,52,-1.7,1.3,1.7,4.8,595,5.1,311072
 1974-01-28T08:00:00.000Z,-5.7,52,-1.4,3,0.3,5.6,605,5,349330
 1974-01-28T09:00:00.000Z,-5.7,52,-3.7,1,3.4,7.1,605,5.4,352421
 1974-01-28T10:00:00.000Z,-5.7,52.1,-2.6,5.6,3.6,8,607,4.6,291902
 1974-01-28T11:00:00.000Z,-5.7,52.1,-2.6,6,3.4,8.1,615,4.1,296423
 1974-01-28T12:00:00.000Z,-5.7,52.2,-3.6,5.1,1.9,6.8,605,3.9,276197
 1974-01-28T13:00:00.000Z,-5.7,52.2,-4.5,3.5,0.2,6.4,605,3.9,285437
 1974-01-28T14:00:00.000Z,-5.7,52.3,-6,2.6,0.5,6.8,608,3.9,256903
 1974-01-28T15:00:00.000Z,-5.7,52.3,-4,-2.9,0.9,6.5,608,3.3,235473
 1974-01-28T16:00:00.000Z,-5.8,52.3,-5.4,0.6,0.2,6.5,589,4.9,249925
 1974-01-28T17:00:00.000Z,-5.8,52.4,1.6,-3.5,-2.3,5.6,630,5.7,276526
 1974-01-28T18:00:00.000Z,-5.8,52.4,-0.3,-4.2,-0.4,6.9,638,4.9,306575
 1974-01-28T19:00:00.000Z,-5.8,52.5,-3.3,1.8,3,5.7,646,4.9,389947
 1974-01-28T20:00:00.000Z,-5.8,52.5,-1.5,-0.5,3.8,5.5,643,4.9,365585
 1974-01-28T21:00:00.000Z,-5.8,52.6,0.6,-5.3,-1.7,6.1,665,4.6,366657
 1974-01-28T22:00:00.000Z,-5.8,52.6,-0.8,0,-1.6,5.6,676,4.3,337716
 1974-01-28T23:00:00.000Z,-5.8,52.6,-2.3,2.7,-0.8,6,686,3.8,352409
 1974-01-29T00:00:00.000Z,-5.8,52.7,-3.3,3.7,1.4,6.3,678,3.9,387250
 1974-01-29T01:00:00.000Z,-5.8,52.7,-1.8,4.3,0.7,6.3,682,4.1,372412
 1974-01-29T02:00:00.000Z,-5.8,52.8,-1.4,3.7,-0.7,5.8,689,4.1,379296
 1974-01-29T03:00:00.000Z,-5.8,52.8,-1,2.5,1.6,5,698,3.5,343827
 1974-01-29T04:00:00.000Z,-5.8,52.9,-2.9,0.6,-0.8,5.2,685,3.3,314337
 1974-01-29T05:00:00.000Z,-5.8,52.9,-3.3,1.1,1.2,5.3,685,3.2,311926
 1974-01-29T06:00:00.000Z,-5.8,52.9,-4.1,1.4,1.5,5.4,676,3.3,289657
 1974-01-29T07:00:00.000Z,-5.8,53,-4.9,-1,0.5,6,670,3.7,291170
 1974-01-29T08:00:00.000Z,-5.8,53,-5.7,1.5,0.3,6.7,646,3.9,284299
 1974-01-29T09:00:00.000Z,-5.8,53.1,-4.6,2.6,-0.8,6.3,634,3.3,281557
 1974-01-29T10:00:00.000Z,-5.8,53.1,-3.4,4.1,1.3,6.3,655,3.5,314194
 1974-01-29T11:00:00.000Z,-5.8,53.2,-3.1,4.1,0.4,6.6,634,3.4,328424
 1974-01-29T12:00:00.000Z,-5.8,53.2,-3.5,5.7,-0.5,7.1,622,3.6,338925
 1974-01-29T13:00:00.000Z,-5.8,53.2,-6.3,1.8,2.6,7.5,611,3.9,288216
 1974-01-29T14:00:00.000Z,-5.8,53.3,-0.6,5.7,-0.2,7.1,633,3.8,353310
 1974-01-29T15:00:00.000Z,-5.8,53.3,0.3,4.5,-0.8,6.9,630,4.9,334329
 1974-01-29T16:00:00.000Z,-5.8,53.4,-5.8,-0.5,2.5,6.8,635,4.6,354456
 1974-01-29T17:00:00.000Z,-5.8,53.4,-3.5,1.1,-0.8,5.8,600,5.4,288630
 1974-01-29T18:00:00.000Z,-5.8,53.4,-1.9,3.3,-1.4,5.2,598,3.5,223545
 1974-01-29T19:00:00.000Z,-5.8,53.5,-3.8,1.9,-0.5,4.5,589,3.1,184237
 1974-01-29T20:00:00.000Z,-5.8,53.5,-4.4,0.9,-1.3,4.9,583,3.2,177706
 1974-01-29T21:00:00.000Z,-5.8,53.6,-3.3,1.5,-0.2,4.1,-1.00E+31,-1.00E+31,-1.00E+31
 1974-01-29T22:00:00.000Z,-5.8,53.6,-3.6,0.6,1.2,4.2,-1.00E+31,-1.00E+31,-1.00E+31
 1974-01-29T23:00:00.000Z,-5.9,53.7,-3.7,0.6,0.9,4.9,572,2.9,168430
 1974-01-30T00:00:00.000Z,-5.9,53.7,-2.1,1.6,0.5,4.6,578,3.3,166739
 1974-01-30T01:00:00.000Z,-5.9,53.7,0.2,3,-1.5,4.5,573,3.6,154788
 1974-01-30T02:00:00.000Z,-5.9,53.8,-1.6,3.2,0.1,4.4,575,3.3,162577
 1974-01-30T03:00:00.000Z,-5.9,53.8,-2.2,1.1,1.1,4.3,559,3,159801
 1974-01-30T04:00:00.000Z,-5.9,53.9,-2.3,2.8,-1.6,4.5,557,3.6,170964
 1974-01-30T05:00:00.000Z,-5.9,53.9,-3.7,0.9,0.5,4.7,534,3.4,189432
 1974-01-30T06:00:00.000Z,-5.9,54,-3.2,-0.5,0.7,4.5,539,2.9,133458
 1974-01-30T07:00:00.000Z,-5.9,54,-0.3,4.1,-0.5,4.8,533,3,181646
 1974-01-30T08:00:00.000Z,-5.9,54,-1.00E+31,-1.00E+31,-1.00E+31,-1.00E+31,523,4.5,94875
 1974-01-30T09:00:00.000Z,-5.9,54.1,-1.00E+31,-1.00E+31,-1.00E+31,-1.00E+31,534,3.6,128649
 1974-01-30T10:00:00.000Z,-5.9,54.1,-2.9,4.1,0.8,5.4,542,3.6,124085
 1974-01-30T11:00:00.000Z,-5.9,54.2,-3,1.5,-0.9,5.1,-1.00E+31,-1.00E+31,-1.00E+31
 1974-01-30T12:00:00.000Z,-5.9,54.2,-0.5,3.1,-1.8,4.9,558,4.3,156750
 1974-01-30T13:00:00.000Z,-5.9,54.3,-0.6,2.6,-3,4.7,547,3.6,139850
 1974-01-30T14:00:00.000Z,-5.9,54.3,-0.9,2.8,-1.5,4.4,556,3.3,158730
 1974-01-30T15:00:00.000Z,-5.9,54.3,-3.1,2,-0.9,4.2,550,3.3,168393
 1974-01-30T16:00:00.000Z,-5.9,54.4,-4.1,-0.3,1.6,4.8,540,3.6,137689
 1974-01-30T17:00:00.000Z,-5.9,54.4,-4.6,1.4,2.1,5.5,545,3.9,157173
 1974-01-30T18:00:00.000Z,-5.9,54.5,-2.4,2.8,-0.7,5.2,549,5,172011
 1974-01-30T19:00:00.000Z,-5.9,54.5,-1.2,1.6,-0.9,5.6,576,5.4,193243
 1974-01-30T20:00:00.000Z,-5.9,54.6,0.5,1.8,-1.7,5.3,582,5.8,200434
 1974-01-30T21:00:00.000Z,-5.9,54.6,-3.3,2.5,2.3,6,592,4.4,250530
 1974-01-30T22:00:00.000Z,-5.9,54.6,-3.7,0.8,2.2,5.7,632,4.1,280403
 1974-01-30T23:00:00.000Z,-5.9,54.7,-2.4,-1.2,-1.8,4.9,636,4.3,280182
 1974-01-31T00:00:00.000Z,-5.9,54.7,-3.3,2.2,1,5.2,630,4.1,280880
 1974-01-31T01:00:00.000Z,-5.9,54.8,-1.9,-2.3,0.7,5.1,642,4.4,284412
 1974-01-31T02:00:00.000Z,-5.9,54.8,-1.7,-3.1,3.3,5.5,638,4,252322
 1974-01-31T03:00:00.000Z,-5.9,54.8,-2.9,0.6,1.7,4.6,635,3.5,255917
 1974-01-31T04:00:00.000Z,-5.9,54.9,-2.6,-0.4,-1.2,4.1,644,3.3,256679
 1974-01-31T05:00:00.000Z,-5.9,54.9,-1.9,-1.7,-1.3,4,640,3.3,245355
 1974-01-31T06:00:00.000Z,-5.9,55,-2.6,-1,-2.7,4.8,633,3.4,238661
 1974-01-31T07:00:00.000Z,-6,55,-2.2,3.8,-1.1,5.3,628,3.3,225247
 1974-01-31T08:00:00.000Z,-6,55.1,-3,2.7,-0.2,4.9,620,3.3,225344
 1974-01-31T09:00:00.000Z,-6,55.1,-2.4,2.6,2.3,5.1,616,3.2,210877
 1974-01-31T10:00:00.000Z,-6,55.1,0.2,3.5,1.1,4.9,633,3.3,216690
 1974-01-31T11:00:00.000Z,-6,55.2,-2.5,2.7,2.3,4.8,595,3,193166
 1974-01-31T12:00:00.000Z,-6,55.2,0.9,3.6,-1.4,4.8,615,3.1,208222
 1974-01-31T13:00:00.000Z,-6,55.3,-0.5,3,1.3,4.6,584,2.8,201209
 1974-01-31T14:00:00.000Z,-6,55.3,-1.4,2,-1.5,4.8,585,3.1,195283
 1974-01-31T15:00:00.000Z,-6,55.4,-3,1.5,0.5,4.4,574,3.3,206530
 1974-01-31T16:00:00.000Z,-6,55.4,-2.7,1.6,0.2,4.2,570,3.1,188703
 1974-01-31T17:00:00.000Z,-6,55.4,-3.3,-0.1,-0.8,4.2,569,3.6,176415
 1974-01-31T18:00:00.000Z,-6,55.5,-0.2,1,-1.9,4.9,590,3.2,143829
 1974-01-31T19:00:00.000Z,-6,55.5,-1.6,2.4,-0.8,4.7,577,3,173301
 1974-01-31T20:00:00.000Z,-6,55.6,-3.5,-0.3,2,4.9,574,3.1,169882
 1974-01-31T21:00:00.000Z,-6,55.6,-2.6,1.2,2.7,4.7,569,3,182784
 1974-01-31T22:00:00.000Z,-6,55.7,-3.6,-0.9,0.5,4.6,566,3.3,210187
 1974-01-31T23:00:00.000Z,-6,55.7,-3.6,2.2,-0.4,4.7,566,3.3,202945
 1974-02-01T00:00:00.000Z,-6,55.7,-3.3,1.4,-0.4,4.4,560,3.3,188462
