EPOCH_TIME_yyyy-mm-ddThh:mm:ss.sssZ,HELIOGRAPHIC_LATITUDE_deg,HELIOGRAPHIC_LONGITUDE_deg,BULK_FLOW_SPEED_km_s,ION_DENSITY_N_CC,TEMPERATURE_Deg_K
 2015-07-15T00:00:00.000Z,4.2,214.9,539,2.9,429730
 2015-07-15T01:00:00.000Z,4.2,215,557,2.6,324412
 2015-07-15T02:00:00.000Z,4.2,215,546,2.2,331943
 2015-07-15T03:00:00.000Z,4.2,215,552,2.1,267751
 2015-07-15T04:00:00.000Z,4.2,215.1,554,1.9,213528
 2015-07-15T05:00:00.000Z,4.2,215.1,534,1.4,196847
 2015-07-15T06:00:00.000Z,4.2,215.2,524,1.1,211140
 2015-07-15T07:00:00.000Z,4.2,215.2,540,1.6,276404
 2015-07-15T08:00:00.000Z,4.2,215.2,551,2.2,394786
 2015-07-15T09:00:00.000Z,4.2,215.3,523,2.4,342910
 2015-07-15T10:00:00.000Z,4.2,215.3,505,2.7,256215
 2015-07-15T11:00:00.000Z,4.2,215.4,502,2.7,248951
 2015-07-15T12:00:00.000Z,4.2,215.4,492,3.2,246873
 2015-07-15T13:00:00.000Z,4.2,215.4,503,3.5,229802
 2015-07-15T14:00:00.000Z,4.2,215.5,503,3.1,213293
 2015-07-15T15:00:00.000Z,4.2,215.5,488,2.6,213996
 2015-07-15T16:00:00.000Z,4.2,215.6,489,2.4,199829
 2015-07-15T17:00:00.000Z,4.2,215.6,488,2.6,183344
 2015-07-15T18:00:00.000Z,4.2,215.6,485,2.6,174661
 2015-07-15T19:00:00.000Z,4.2,215.7,483,2.1,164662
 2015-07-15T20:00:00.000Z,4.2,215.7,492,2.8,182320
 2015-07-15T21:00:00.000Z,4.3,215.8,490,2.1,152443
 2015-07-15T22:00:00.000Z,4.3,215.8,493,2.1,138232
 2015-07-15T23:00:00.000Z,4.3,215.8,522,3,193353
 2015-07-16T00:00:00.000Z,4.3,215.9,505,3,182987
 2015-07-16T01:00:00.000Z,4.3,215.9,514,3,174831
 2015-07-16T02:00:00.000Z,4.3,216,500,3.4,177079
 2015-07-16T03:00:00.000Z,4.3,216,500,2.8,160402
 2015-07-16T04:00:00.000Z,4.3,216,512,3,187430
 2015-07-16T05:00:00.000Z,4.3,216.1,509,2.9,179101
 2015-07-16T06:00:00.000Z,4.3,216.1,510,2.6,191223
 2015-07-16T07:00:00.000Z,4.3,216.2,506,2.4,203045
 2015-07-16T08:00:00.000Z,4.3,216.2,496,2.1,173508
 2015-07-16T09:00:00.000Z,4.3,216.2,513,2.4,191545
 2015-07-16T10:00:00.000Z,4.3,216.3,499,2.4,174322
 2015-07-16T11:00:00.000Z,4.3,216.3,500,2,162322
 2015-07-16T12:00:00.000Z,4.3,216.4,487,1.9,149103
 2015-07-16T13:00:00.000Z,4.3,216.4,488,1.7,154512
 2015-07-16T14:00:00.000Z,4.3,216.4,494,1.8,183466
 2015-07-16T15:00:00.000Z,4.3,216.5,475,1.3,161810
 2015-07-16T16:00:00.000Z,4.3,216.5,475,1.3,160987
 2015-07-16T17:00:00.000Z,4.3,216.5,480,1.4,128517
 2015-07-16T18:00:00.000Z,4.3,216.6,483,1.2,103818
 2015-07-16T19:00:00.000Z,4.3,216.6,493,1.2,102044
 2015-07-16T20:00:00.000Z,4.3,216.7,496,1.1,85480
 2015-07-16T21:00:00.000Z,4.3,216.7,472,1.4,131189
 2015-07-16T22:00:00.000Z,4.4,216.7,468,1.1,92399
 2015-07-16T23:00:00.000Z,4.4,216.8,466,0.9,70916
 2015-07-17T00:00:00.000Z,4.4,216.8,471,1.3,97320
 2015-07-17T01:00:00.000Z,4.4,216.9,466,1.7,75730
 2015-07-17T02:00:00.000Z,4.4,216.9,471,2,87026
 2015-07-17T03:00:00.000Z,4.4,216.9,459,1.3,94715
 2015-07-17T04:00:00.000Z,4.4,217,460,1.5,106791
 2015-07-17T05:00:00.000Z,4.4,217,467,1.6,109141
 2015-07-17T06:00:00.000Z,4.4,217.1,462,1.6,108186
 2015-07-17T07:00:00.000Z,4.4,217.1,454,1.4,96544
 2015-07-17T08:00:00.000Z,4.4,217.1,466,1.2,62460
 2015-07-17T09:00:00.000Z,4.4,217.2,437,1.3,81260
 2015-07-17T10:00:00.000Z,4.4,217.2,423,1.8,104467
 2015-07-17T11:00:00.000Z,4.4,217.3,410,2.3,78601
 2015-07-17T12:00:00.000Z,4.4,217.3,395,2.5,68005
 2015-07-17T13:00:00.000Z,4.4,217.3,403,3,67168
 2015-07-17T14:00:00.000Z,4.4,217.4,400,2.8,60420
 2015-07-17T15:00:00.000Z,4.4,217.4,393,3.5,75114
 2015-07-17T16:00:00.000Z,4.4,217.5,394,3.4,69309
 2015-07-17T17:00:00.000Z,4.4,217.5,391,3.4,76267
 2015-07-17T18:00:00.000Z,4.4,217.5,377,3.5,68783
 2015-07-17T19:00:00.000Z,4.4,217.6,375,3.2,62581
 2015-07-17T20:00:00.000Z,4.4,217.6,378,3.3,70197
 2015-07-17T21:00:00.000Z,4.4,217.7,373,3.4,62725
 2015-07-17T22:00:00.000Z,4.4,217.7,375,3.6,62695
 2015-07-17T23:00:00.000Z,4.5,217.7,368,3.3,65004
 2015-07-18T00:00:00.000Z,4.5,217.8,373,3.4,62023
 2015-07-18T01:00:00.000Z,4.5,217.8,368,3.4,61463
 2015-07-18T02:00:00.000Z,4.5,217.9,366,3.3,57890
 2015-07-18T03:00:00.000Z,4.5,217.9,358,3.1,57015
 2015-07-18T04:00:00.000Z,4.5,217.9,352,2.7,42212
 2015-07-18T05:00:00.000Z,4.5,218,353,2.7,36237
 2015-07-18T06:00:00.000Z,4.5,218,344,2.6,35480
 2015-07-18T07:00:00.000Z,4.5,218.1,348,2.9,18514
 2015-07-18T08:00:00.000Z,4.5,218.1,346,2.9,25540
 2015-07-18T09:00:00.000Z,4.5,218.1,343,2.9,28048
 2015-07-18T10:00:00.000Z,4.5,218.2,342,3,26154
 2015-07-18T11:00:00.000Z,4.5,218.2,340,2.8,27315
 2015-07-18T12:00:00.000Z,4.5,218.3,333,2.6,27981
 2015-07-18T13:00:00.000Z,4.5,218.3,330,2.4,26222
 2015-07-18T14:00:00.000Z,4.5,218.3,326,2.8,21453
 2015-07-18T15:00:00.000Z,4.5,218.4,321,3,17675
 2015-07-18T16:00:00.000Z,4.5,218.4,317,3.1,19070
 2015-07-18T17:00:00.000Z,4.5,218.5,320,3.4,22176
 2015-07-18T18:00:00.000Z,4.5,218.5,323,3.5,15459
 2015-07-18T19:00:00.000Z,4.5,218.5,318,3,16290
 2015-07-18T20:00:00.000Z,4.5,218.6,317,3.2,19778
 2015-07-18T21:00:00.000Z,4.5,218.6,323,3.8,23882
 2015-07-18T22:00:00.000Z,4.5,218.7,321,3.8,23167
 2015-07-18T23:00:00.000Z,4.5,218.7,327,4,18466
 2015-07-19T00:00:00.000Z,4.6,218.7,322,4,21977
 2015-07-19T01:00:00.000Z,4.6,218.8,312,3.6,17607
 2015-07-19T02:00:00.000Z,4.6,218.8,307,3.4,18284
 2015-07-19T03:00:00.000Z,4.6,218.8,304,2.7,14065
 2015-07-19T04:00:00.000Z,4.6,218.9,304,3.4,16384
 2015-07-19T05:00:00.000Z,4.6,218.9,307,3.8,19696
 2015-07-19T06:00:00.000Z,4.6,219,305,3.8,19359
 2015-07-19T07:00:00.000Z,4.6,219,301,4,20365
 2015-07-19T08:00:00.000Z,4.6,219,307,4.7,20079
 2015-07-19T09:00:00.000Z,4.6,219.1,306,4.8,21572
 2015-07-19T10:00:00.000Z,4.6,219.1,308,5.2,18631
 2015-07-19T11:00:00.000Z,4.6,219.2,301,5.8,18616
 2015-07-19T12:00:00.000Z,4.6,219.2,300,6.1,21473
 2015-07-19T13:00:00.000Z,4.6,219.2,303,7.3,19371
 2015-07-19T14:00:00.000Z,4.6,219.3,305,8.9,17482
 2015-07-19T15:00:00.000Z,4.6,219.3,303,9.2,15300
 2015-07-19T16:00:00.000Z,4.6,219.4,304,9.5,13859
 2015-07-19T17:00:00.000Z,4.6,219.4,300,9.9,11603
 2015-07-19T18:00:00.000Z,4.6,219.4,298,10.1,11651
 2015-07-19T19:00:00.000Z,4.6,219.5,305,11.3,10143
 2015-07-19T20:00:00.000Z,4.6,219.5,303,11.4,9581
 2015-07-19T21:00:00.000Z,4.6,219.6,297,11.4,10022
 2015-07-19T22:00:00.000Z,4.6,219.6,296,11.9,9881
 2015-07-19T23:00:00.000Z,4.6,219.6,289,11,15393
 2015-07-20T00:00:00.000Z,4.6,219.7,285,9.9,15817
 2015-07-20T01:00:00.000Z,4.6,219.7,285,10.8,17556
 2015-07-20T02:00:00.000Z,4.7,219.8,285,11.1,15442
 2015-07-20T03:00:00.000Z,4.7,219.8,282,11.7,13020
 2015-07-20T04:00:00.000Z,4.7,219.8,283,10.4,9815
 2015-07-20T05:00:00.000Z,4.7,219.9,290,10.3,10775
 2015-07-20T06:00:00.000Z,4.7,219.9,295,11.8,11349
 2015-07-20T07:00:00.000Z,4.7,220,294,10.6,14343
 2015-07-20T08:00:00.000Z,4.7,220,292,11,14288
 2015-07-20T09:00:00.000Z,4.7,220,293,13.7,14478
 2015-07-20T10:00:00.000Z,4.7,220.1,291,14.2,16045
 2015-07-20T11:00:00.000Z,4.7,220.1,291,15.8,17168
 2015-07-20T12:00:00.000Z,4.7,220.2,297,15.4,13670
 2015-07-20T13:00:00.000Z,4.7,220.2,297,17.1,14598
 2015-07-20T14:00:00.000Z,4.7,220.2,290,17.7,11911
 2015-07-20T15:00:00.000Z,4.7,220.3,297,24.3,13651
 2015-07-20T16:00:00.000Z,4.7,220.3,298,27.3,16857
 2015-07-20T17:00:00.000Z,4.7,220.4,296,28.4,23622
 2015-07-20T18:00:00.000Z,4.7,220.4,294,26.9,23521
 2015-07-20T19:00:00.000Z,4.7,220.4,295,29.4,21127
 2015-07-20T20:00:00.000Z,4.7,220.5,292,28.7,21022
 2015-07-20T21:00:00.000Z,4.7,220.5,297,32,24588
 2015-07-20T22:00:00.000Z,4.7,220.6,299,28.5,20923
 2015-07-20T23:00:00.000Z,4.7,220.6,301,34.5,24131
 2015-07-21T00:00:00.000Z,4.7,220.6,307,41.5,28592
 2015-07-21T01:00:00.000Z,4.7,220.7,316,40,25058
 2015-07-21T02:00:00.000Z,4.7,220.7,315,24.7,75409
 2015-07-21T03:00:00.000Z,4.7,220.8,319,18.8,121322
 2015-07-21T04:00:00.000Z,4.8,220.8,330,20.3,119668
 2015-07-21T05:00:00.000Z,4.8,220.8,342,15.7,113796
 2015-07-21T06:00:00.000Z,4.8,220.9,390,14.4,207833
 2015-07-21T07:00:00.000Z,4.8,220.9,389,14,189000
 2015-07-21T08:00:00.000Z,4.8,221,390,14.3,173359
 2015-07-21T09:00:00.000Z,4.8,221,390,13.8,151232
 2015-07-21T10:00:00.000Z,4.8,221,372,13.7,108074
 2015-07-21T11:00:00.000Z,4.8,221.1,359,13.9,89108
 2015-07-21T12:00:00.000Z,4.8,221.1,375,14.4,115146
 2015-07-21T13:00:00.000Z,4.8,221.2,383,15,128692
 2015-07-21T14:00:00.000Z,4.8,221.2,380,12.8,122257
 2015-07-21T15:00:00.000Z,4.8,221.2,385,11.4,125924
 2015-07-21T16:00:00.000Z,4.8,221.3,386,9.8,122917
 2015-07-21T17:00:00.000Z,4.8,221.3,389,8.6,119396
 2015-07-21T18:00:00.000Z,4.8,221.4,394,8.2,130915
 2015-07-21T19:00:00.000Z,4.8,221.4,388,7.6,128020
 2015-07-21T20:00:00.000Z,4.8,221.4,391,8.2,125965
 2015-07-21T21:00:00.000Z,4.8,221.5,385,7.2,130630
 2015-07-21T22:00:00.000Z,4.8,221.5,374,7.7,116199
 2015-07-21T23:00:00.000Z,4.8,221.5,391,8.6,119187
 2015-07-22T00:00:00.000Z,4.8,221.6,363,8.6,119803
 2015-07-22T01:00:00.000Z,4.8,221.6,373,8.2,100568
 2015-07-22T02:00:00.000Z,4.8,221.7,366,7.9,94462
 2015-07-22T03:00:00.000Z,4.8,221.7,358,8.4,100051
 2015-07-22T04:00:00.000Z,4.8,221.7,351,8.1,97845
 2015-07-22T05:00:00.000Z,4.8,221.8,351,8,86970
 2015-07-22T06:00:00.000Z,4.8,221.8,352,7.9,74991
 2015-07-22T07:00:00.000Z,4.9,221.9,348,8,61483
 2015-07-22T08:00:00.000Z,4.9,221.9,341,8.2,52318
 2015-07-22T09:00:00.000Z,4.9,221.9,330,8.7,46235
 2015-07-22T10:00:00.000Z,4.9,222,334,9.3,44294
 2015-07-22T11:00:00.000Z,4.9,222,333,11.6,54318
 2015-07-22T12:00:00.000Z,4.9,222.1,332,13.3,57686
 2015-07-22T13:00:00.000Z,4.9,222.1,330,14.6,61154
 2015-07-22T14:00:00.000Z,4.9,222.1,329,15.9,62503
 2015-07-22T15:00:00.000Z,4.9,222.2,327,13,62903
 2015-07-22T16:00:00.000Z,4.9,222.2,335,15.7,87934
 2015-07-22T17:00:00.000Z,4.9,222.3,352,19.5,111372
 2015-07-22T18:00:00.000Z,4.9,222.3,352,16.2,96209
 2015-07-22T19:00:00.000Z,4.9,222.3,377,11.4,184824
 2015-07-22T20:00:00.000Z,4.9,222.4,389,9.9,136779
 2015-07-22T21:00:00.000Z,4.9,222.4,393,8.2,117489
 2015-07-22T22:00:00.000Z,4.9,222.5,398,7.9,101625
 2015-07-22T23:00:00.000Z,4.9,222.5,394,8.1,95416
 2015-07-23T00:00:00.000Z,4.9,222.5,387,8.1,103145
 2015-07-23T01:00:00.000Z,4.9,222.6,385,7.9,81318
 2015-07-23T02:00:00.000Z,4.9,222.6,375,8,59818
 2015-07-23T03:00:00.000Z,4.9,222.7,400,7,86844
 2015-07-23T04:00:00.000Z,4.9,222.7,434,6.2,112291
 2015-07-23T05:00:00.000Z,4.9,222.7,438,5.8,112677
 2015-07-23T06:00:00.000Z,4.9,222.8,459,5.8,115733
 2015-07-23T07:00:00.000Z,4.9,222.8,433,5.9,111433
 2015-07-23T08:00:00.000Z,4.9,222.9,421,6.6,111837
 2015-07-23T09:00:00.000Z,4.9,222.9,417,6.8,99055
 2015-07-23T10:00:00.000Z,5,222.9,428,5.4,126831
 2015-07-23T11:00:00.000Z,5,223,440,4.2,226148
 2015-07-23T12:00:00.000Z,5,223,452,4.5,231843
 2015-07-23T13:00:00.000Z,5,223.1,442,4,201530
 2015-07-23T14:00:00.000Z,5,223.1,463,3.6,199374
 2015-07-23T15:00:00.000Z,5,223.1,487,2.8,218407
 2015-07-23T16:00:00.000Z,5,223.2,491,3,192426
 2015-07-23T17:00:00.000Z,5,223.2,479,2.6,205339
 2015-07-23T18:00:00.000Z,5,223.3,472,2.6,234899
 2015-07-23T19:00:00.000Z,5,223.3,489,3.1,264650
 2015-07-23T20:00:00.000Z,5,223.3,484,3.1,238325
 2015-07-23T21:00:00.000Z,5,223.4,480,3,206450
 2015-07-23T22:00:00.000Z,5,223.4,474,3.1,174595
 2015-07-23T23:00:00.000Z,5,223.5,451,2.8,127064
 2015-07-24T00:00:00.000Z,5,223.5,454,3.1,122062
 2015-07-24T01:00:00.000Z,5,223.5,438,3.2,121404
 2015-07-24T02:00:00.000Z,5,223.6,440,3,102998
 2015-07-24T03:00:00.000Z,5,223.6,445,3.1,102057
 2015-07-24T04:00:00.000Z,5,223.7,450,3.2,102554
 2015-07-24T05:00:00.000Z,5,223.7,445,3,110185
 2015-07-24T06:00:00.000Z,5,223.7,431,2.9,104777
 2015-07-24T07:00:00.000Z,5,223.8,431,3.1,101806
 2015-07-24T08:00:00.000Z,5,223.8,424,3.1,106424
 2015-07-24T09:00:00.000Z,5,223.9,435,3.5,114417
 2015-07-24T10:00:00.000Z,5,223.9,403,2.7,65873
 2015-07-24T11:00:00.000Z,5,223.9,422,-1.00E+31,133661
 2015-07-24T12:00:00.000Z,5,224,433,2.4,59505
 2015-07-24T13:00:00.000Z,5.1,224,423,2.8,62039
 2015-07-24T14:00:00.000Z,5.1,224.1,418,2.8,66735
 2015-07-24T15:00:00.000Z,5.1,224.1,420,3.1,74357
 2015-07-24T16:00:00.000Z,5.1,224.1,399,2.6,63124
 2015-07-24T17:00:00.000Z,5.1,224.2,397,2.5,65754
 2015-07-24T18:00:00.000Z,5.1,224.2,402,2.6,68445
 2015-07-24T19:00:00.000Z,5.1,224.3,411,2.9,89493
 2015-07-24T20:00:00.000Z,5.1,224.3,408,2.8,72917
 2015-07-24T21:00:00.000Z,5.1,224.3,416,3.1,72228
 2015-07-24T22:00:00.000Z,5.1,224.4,421,3.2,66179
 2015-07-24T23:00:00.000Z,5.1,224.4,413,3.3,62220
 2015-07-25T00:00:00.000Z,5.1,224.5,427,3.4,68648
 2015-07-25T01:00:00.000Z,5.1,224.5,437,3.4,78098
 2015-07-25T02:00:00.000Z,5.1,224.5,440,4.1,97891
 2015-07-25T03:00:00.000Z,5.1,224.6,412,3.5,82114
 2015-07-25T04:00:00.000Z,5.1,224.6,408,3.8,70501
 2015-07-25T05:00:00.000Z,5.1,224.7,404,3.6,75810
 2015-07-25T06:00:00.000Z,5.1,224.7,395,2.8,61448
 2015-07-25T07:00:00.000Z,5.1,224.7,400,3,72113
 2015-07-25T08:00:00.000Z,5.1,224.8,393,3,58545
 2015-07-25T09:00:00.000Z,5.1,224.8,394,2.8,56237
 2015-07-25T10:00:00.000Z,5.1,224.9,398,2.9,68722
 2015-07-25T11:00:00.000Z,5.1,224.9,392,2.6,60526
 2015-07-25T12:00:00.000Z,5.1,224.9,392,2.6,68452
 2015-07-25T13:00:00.000Z,5.1,225,397,3.1,76657
 2015-07-25T14:00:00.000Z,5.1,225,394,3,70258
 2015-07-25T15:00:00.000Z,5.1,225,384,2.6,61083
 2015-07-25T16:00:00.000Z,5.1,225.1,388,2.8,59331
 2015-07-25T17:00:00.000Z,5.2,225.1,386,3,60200
 2015-07-25T18:00:00.000Z,5.2,225.2,402,2.8,85147
 2015-07-25T19:00:00.000Z,5.2,225.2,424,2.6,115728
 2015-07-25T20:00:00.000Z,5.2,225.2,451,2.4,132592
 2015-07-25T21:00:00.000Z,5.2,225.3,453,2.3,117393
 2015-07-25T22:00:00.000Z,5.2,225.3,467,2.7,146654
 2015-07-25T23:00:00.000Z,5.2,225.4,482,2.3,123790
 2015-07-26T00:00:00.000Z,5.2,225.4,462,2.1,160101
 2015-07-26T01:00:00.000Z,5.2,225.4,446,2,144226
 2015-07-26T02:00:00.000Z,5.2,225.5,447,1.9,139625
 2015-07-26T03:00:00.000Z,5.2,225.5,446,1.7,127862
 2015-07-26T04:00:00.000Z,5.2,225.6,444,1.6,128880
 2015-07-26T05:00:00.000Z,5.2,225.6,438,1.4,111548
 2015-07-26T06:00:00.000Z,5.2,225.6,434,1.4,91236
 2015-07-26T07:00:00.000Z,5.2,225.7,416,1.9,70927
 2015-07-26T08:00:00.000Z,5.2,225.7,407,2.5,61865
 2015-07-26T09:00:00.000Z,5.2,225.8,415,2.7,53392
 2015-07-26T10:00:00.000Z,5.2,225.8,397,2.9,51053
 2015-07-26T11:00:00.000Z,5.2,225.8,415,3.3,64770
 2015-07-26T12:00:00.000Z,5.2,225.9,409,2.8,66133
 2015-07-26T13:00:00.000Z,5.2,225.9,399,2.8,60426
 2015-07-26T14:00:00.000Z,5.2,226,406,3.2,71236
 2015-07-26T15:00:00.000Z,5.2,226,413,3.4,95014
 2015-07-26T16:00:00.000Z,5.2,226,418,4,152517
 2015-07-26T17:00:00.000Z,5.2,226.1,420,5.3,94443
 2015-07-26T18:00:00.000Z,5.2,226.1,413,7.9,44808
 2015-07-26T19:00:00.000Z,5.2,226.2,416,8.8,49105
 2015-07-26T20:00:00.000Z,5.2,226.2,420,10.1,46961
 2015-07-26T21:00:00.000Z,5.3,226.2,419,9.1,62061
 2015-07-26T22:00:00.000Z,5.3,226.3,420,8.6,88082
 2015-07-26T23:00:00.000Z,5.3,226.3,438,8.4,108629
 2015-07-27T00:00:00.000Z,5.3,226.4,442,8.7,124431
 2015-07-27T01:00:00.000Z,5.3,226.4,452,7.3,128472
 2015-07-27T02:00:00.000Z,5.3,226.4,463,6.2,136796
 2015-07-27T03:00:00.000Z,5.3,226.5,479,5.7,165618
 2015-07-27T04:00:00.000Z,5.3,226.5,477,5.7,177367
 2015-07-27T05:00:00.000Z,5.3,226.6,492,6,157279
 2015-07-27T06:00:00.000Z,5.3,226.6,494,6.2,150390
 2015-07-27T07:00:00.000Z,5.3,226.6,499,6.4,139584
 2015-07-27T08:00:00.000Z,5.3,226.7,494,6.2,133586
 2015-07-27T09:00:00.000Z,5.3,226.7,473,6.8,146537
 2015-07-27T10:00:00.000Z,5.3,226.8,478,7.1,119000
 2015-07-27T11:00:00.000Z,5.3,226.8,479,7.4,118485
 2015-07-27T12:00:00.000Z,5.3,226.8,474,7.1,116051
 2015-07-27T13:00:00.000Z,5.3,226.9,473,7.5,136496
 2015-07-27T14:00:00.000Z,5.3,226.9,480,6.9,137719
 2015-07-27T15:00:00.000Z,5.3,227,482,6.1,138085
 2015-07-27T16:00:00.000Z,5.3,227,476,6.3,143152
 2015-07-27T17:00:00.000Z,5.3,227,468,6.1,141854
 2015-07-27T18:00:00.000Z,5.3,227.1,465,5.9,144499
 2015-07-27T19:00:00.000Z,5.3,227.1,468,5.8,133796
 2015-07-27T20:00:00.000Z,5.3,227.2,458,5.8,136466
 2015-07-27T21:00:00.000Z,5.3,227.2,450,5.7,126791
 2015-07-27T22:00:00.000Z,5.3,227.2,443,5.1,115614
 2015-07-27T23:00:00.000Z,5.3,227.3,451,5.3,113572
 2015-07-28T00:00:00.000Z,5.3,227.3,440,5.2,120476
 2015-07-28T01:00:00.000Z,5.3,227.4,441,4.9,112527
 2015-07-28T02:00:00.000Z,5.3,227.4,449,5,119796
 2015-07-28T03:00:00.000Z,5.4,227.4,456,5,125482
 2015-07-28T04:00:00.000Z,5.4,227.5,469,4.6,125944
 2015-07-28T05:00:00.000Z,5.4,227.5,472,4.7,121014
 2015-07-28T06:00:00.000Z,5.4,227.6,478,4.7,122207
 2015-07-28T07:00:00.000Z,5.4,227.6,477,4.7,110868
 2015-07-28T08:00:00.000Z,5.4,227.6,472,4.7,105586
 2015-07-28T09:00:00.000Z,5.4,227.7,470,4.4,106411
 2015-07-28T10:00:00.000Z,5.4,227.7,467,3.9,106698
 2015-07-28T11:00:00.000Z,5.4,227.8,464,3.8,97825
 2015-07-28T12:00:00.000Z,5.4,227.8,447,4,107927
 2015-07-28T13:00:00.000Z,5.4,227.8,434,4,95356
 2015-07-28T14:00:00.000Z,5.4,227.9,426,3.8,102261
 2015-07-28T15:00:00.000Z,5.4,227.9,421,3.8,93226
 2015-07-28T16:00:00.000Z,5.4,228,424,4,86563
 2015-07-28T17:00:00.000Z,5.4,228,419,3.9,83630
 2015-07-28T18:00:00.000Z,5.4,228,419,4.4,89645
 2015-07-28T19:00:00.000Z,5.4,228.1,415,4.7,92041
 2015-07-28T20:00:00.000Z,5.4,228.1,418,4.9,95179
 2015-07-28T21:00:00.000Z,5.4,228.2,411,4.8,89644
 2015-07-28T22:00:00.000Z,5.4,228.2,424,5.1,87685
 2015-07-28T23:00:00.000Z,5.4,228.2,427,4.9,81138
 2015-07-29T00:00:00.000Z,5.4,228.3,424,4.8,70054
 2015-07-29T01:00:00.000Z,5.4,228.3,427,4.8,64690
 2015-07-29T02:00:00.000Z,5.4,228.4,415,5,62937
 2015-07-29T03:00:00.000Z,5.4,228.4,390,5.2,78322
 2015-07-29T04:00:00.000Z,5.4,228.4,394,5.3,75076
 2015-07-29T05:00:00.000Z,5.4,228.5,398,5.2,67914
 2015-07-29T06:00:00.000Z,5.4,228.5,384,5.4,62485
 2015-07-29T07:00:00.000Z,5.4,228.6,383,5.1,61420
 2015-07-29T08:00:00.000Z,5.5,228.6,376,4.7,58289
 2015-07-29T09:00:00.000Z,5.5,228.6,376,4.7,55414
 2015-07-29T10:00:00.000Z,5.5,228.7,396,4.8,51861
 2015-07-29T11:00:00.000Z,5.5,228.7,395,5.1,44139
 2015-07-29T12:00:00.000Z,5.5,228.8,387,5,54603
 2015-07-29T13:00:00.000Z,5.5,228.8,371,4.8,52090
 2015-07-29T14:00:00.000Z,5.5,228.8,370,4.6,45759
 2015-07-29T15:00:00.000Z,5.5,228.9,371,4.6,43637
 2015-07-29T16:00:00.000Z,5.5,228.9,371,4.9,48358
 2015-07-29T17:00:00.000Z,5.5,229,381,5.3,41964
 2015-07-29T18:00:00.000Z,5.5,229,379,5.4,40338
 2015-07-29T19:00:00.000Z,5.5,229,371,5.2,38289
 2015-07-29T20:00:00.000Z,5.5,229.1,364,4.9,26087
 2015-07-29T21:00:00.000Z,5.5,229.1,365,5.2,23635
 2015-07-29T22:00:00.000Z,5.5,229.2,362,5.5,21394
 2015-07-29T23:00:00.000Z,5.5,229.2,361,5.6,27411
 2015-07-30T00:00:00.000Z,5.5,229.2,364,7.5,36384
 2015-07-30T01:00:00.000Z,5.5,229.3,363,7.2,45346
 2015-07-30T02:00:00.000Z,5.5,229.3,365,7.9,40158
 2015-07-30T03:00:00.000Z,5.5,229.4,362,8.9,44474
 2015-07-30T04:00:00.000Z,5.5,229.4,357,7.2,57345
 2015-07-30T05:00:00.000Z,5.5,229.4,361,9.9,42897
 2015-07-30T06:00:00.000Z,5.5,229.5,357,12.3,28681
 2015-07-30T07:00:00.000Z,5.5,229.5,350,11.9,34404
 2015-07-30T08:00:00.000Z,5.5,229.6,345,13.1,29761
 2015-07-30T09:00:00.000Z,5.5,229.6,347,12,30725
 2015-07-30T10:00:00.000Z,5.5,229.6,348,11.9,31385
 2015-07-30T11:00:00.000Z,5.5,229.7,343,13.5,24133
 2015-07-30T12:00:00.000Z,5.5,229.7,342,16,21674
 2015-07-30T13:00:00.000Z,5.5,229.8,342,17.6,24158
 2015-07-30T14:00:00.000Z,5.5,229.8,343,19.3,38314
 2015-07-30T15:00:00.000Z,5.6,229.8,351,22.9,38191
 2015-07-30T16:00:00.000Z,5.6,229.9,352,31.9,28298
 2015-07-30T17:00:00.000Z,5.6,229.9,366,23.1,59392
 2015-07-30T18:00:00.000Z,5.6,230,381,15.8,70256
 2015-07-30T19:00:00.000Z,5.6,230,382,17,105752
 2015-07-30T20:00:00.000Z,5.6,230,396,13.4,165566
 2015-07-30T21:00:00.000Z,5.6,230.1,403,11,138201
 2015-07-30T22:00:00.000Z,5.6,230.1,407,10.1,126646
 2015-07-30T23:00:00.000Z,5.6,230.1,404,11.3,129135
 2015-07-31T00:00:00.000Z,5.6,230.2,400,10.4,139021
 2015-07-31T01:00:00.000Z,5.6,230.2,387,10.2,146172
 2015-07-31T02:00:00.000Z,5.6,230.3,373,10,159619
 2015-07-31T03:00:00.000Z,5.6,230.3,399,8.6,162435
 2015-07-31T04:00:00.000Z,5.6,230.3,449,8.8,237161
 2015-07-31T05:00:00.000Z,5.6,230.4,440,8.7,221695
 2015-07-31T06:00:00.000Z,5.6,230.4,440,8.6,217251
 2015-07-31T07:00:00.000Z,5.6,230.5,435,9.1,226221
 2015-07-31T08:00:00.000Z,5.6,230.5,428,5.5,148946
 2015-07-31T09:00:00.000Z,5.6,230.5,441,4.4,142964
 2015-07-31T10:00:00.000Z,5.6,230.6,453,4.9,155034
 2015-07-31T11:00:00.000Z,5.6,230.6,476,6.1,221058
 2015-07-31T12:00:00.000Z,5.6,230.7,493,6.2,202770
 2015-07-31T13:00:00.000Z,5.6,230.7,515,6.1,239613
 2015-07-31T14:00:00.000Z,5.6,230.7,544,5.9,314405
 2015-07-31T15:00:00.000Z,5.6,230.8,537,6,348664
 2015-07-31T16:00:00.000Z,5.6,230.8,557,5.8,344677
 2015-07-31T17:00:00.000Z,5.6,230.9,566,5.1,275681
 2015-07-31T18:00:00.000Z,5.6,230.9,568,4.4,252980
 2015-07-31T19:00:00.000Z,5.6,230.9,594,4.7,292198
 2015-07-31T20:00:00.000Z,5.6,231,577,4.9,290827
 2015-07-31T21:00:00.000Z,5.6,231,577,4.5,221532
 2015-07-31T22:00:00.000Z,5.7,231.1,563,3.5,184164
 2015-07-31T23:00:00.000Z,5.7,231.1,563,3.2,174923
 2015-08-01T00:00:00.000Z,5.7,231.1,570,3.1,168722
 2015-08-01T01:00:00.000Z,5.7,231.2,546,2.6,137492
 2015-08-01T02:00:00.000Z,5.7,231.2,534,2.5,141954
 2015-08-01T03:00:00.000Z,5.7,231.3,552,2.7,133716
 2015-08-01T04:00:00.000Z,5.7,231.3,560,2.8,135566
 2015-08-01T05:00:00.000Z,5.7,231.3,567,2.9,122635
 2015-08-01T06:00:00.000Z,5.7,231.4,544,2.8,115101
 2015-08-01T07:00:00.000Z,5.7,231.4,560,2.9,117789
 2015-08-01T08:00:00.000Z,5.7,231.5,546,2.9,127524
 2015-08-01T09:00:00.000Z,5.7,231.5,557,2.9,127440
 2015-08-01T10:00:00.000Z,5.7,231.5,554,3.1,156301
 2015-08-01T11:00:00.000Z,5.7,231.6,556,3.1,154382
 2015-08-01T12:00:00.000Z,5.7,231.6,564,3.4,142057
 2015-08-01T13:00:00.000Z,5.7,231.7,554,3.3,139025
 2015-08-01T14:00:00.000Z,5.7,231.7,556,3.4,171420
 2015-08-01T15:00:00.000Z,5.7,231.7,564,3.3,155570
 2015-08-01T16:00:00.000Z,5.7,231.8,578,3.3,143604
 2015-08-01T17:00:00.000Z,5.7,231.8,557,3.2,140632
 2015-08-01T18:00:00.000Z,5.7,231.9,532,2.9,145148
 2015-08-01T19:00:00.000Z,5.7,231.9,531,2.8,120135
 2015-08-01T20:00:00.000Z,5.7,231.9,546,3.1,142766
 2015-08-01T21:00:00.000Z,5.7,232,569,2.8,185061
 2015-08-01T22:00:00.000Z,5.7,232,584,2.9,231452
 2015-08-01T23:00:00.000Z,5.7,232.1,594,3,230681
 2015-08-02T00:00:00.000Z,5.7,232.1,581,2.6,200007
 2015-08-02T01:00:00.000Z,5.7,232.1,587,2.3,170232
 2015-08-02T02:00:00.000Z,5.7,232.2,591,2.5,173422
 2015-08-02T03:00:00.000Z,5.7,232.2,588,2.5,161730
 2015-08-02T04:00:00.000Z,5.7,232.3,584,2.5,171039
 2015-08-02T05:00:00.000Z,5.7,232.3,569,2.4,186533
 2015-08-02T06:00:00.000Z,5.8,232.3,565,2.1,182398
 2015-08-02T07:00:00.000Z,5.8,232.4,568,2.4,172887
 2015-08-02T08:00:00.000Z,5.8,232.4,595,2.8,227596
 2015-08-02T09:00:00.000Z,5.8,232.5,613,2.5,248319
 2015-08-02T10:00:00.000Z,5.8,232.5,596,2.4,205842
 2015-08-02T11:00:00.000Z,5.8,232.5,603,2.4,220795
 2015-08-02T12:00:00.000Z,5.8,232.6,608,2.5,216640
 2015-08-02T13:00:00.000Z,5.8,232.6,604,2.4,189934
 2015-08-02T14:00:00.000Z,5.8,232.7,578,2.3,175035
 2015-08-02T15:00:00.000Z,5.8,232.7,572,2.4,179822
 2015-08-02T16:00:00.000Z,5.8,232.7,554,2.2,164785
 2015-08-02T17:00:00.000Z,5.8,232.8,563,2.4,157008
 2015-08-02T18:00:00.000Z,5.8,232.8,553,2.3,144695
 2015-08-02T19:00:00.000Z,5.8,232.9,556,2.3,135731
 2015-08-02T20:00:00.000Z,5.8,232.9,551,2.2,132673
 2015-08-02T21:00:00.000Z,5.8,232.9,557,2.3,133689
 2015-08-02T22:00:00.000Z,5.8,233,540,2.1,130564
 2015-08-02T23:00:00.000Z,5.8,233,532,2.1,129184
 2015-08-03T00:00:00.000Z,5.8,233.1,520,2.1,100088
 2015-08-03T01:00:00.000Z,5.8,233.1,515,2.2,105398
 2015-08-03T02:00:00.000Z,5.8,233.1,534,2.6,135999
 2015-08-03T03:00:00.000Z,5.8,233.2,546,2.9,120576
 2015-08-03T04:00:00.000Z,5.8,233.2,550,2.8,91490
 2015-08-03T05:00:00.000Z,5.8,233.3,541,3,116746
 2015-08-03T06:00:00.000Z,5.8,233.3,516,3,137796
 2015-08-03T07:00:00.000Z,5.8,233.3,520,3.2,118006
 2015-08-03T08:00:00.000Z,5.8,233.4,515,3.2,120324
 2015-08-03T09:00:00.000Z,5.8,233.4,515,3.1,99270
 2015-08-03T10:00:00.000Z,5.8,233.5,512,2.9,101755
 2015-08-03T11:00:00.000Z,5.8,233.5,493,3,106480
 2015-08-03T12:00:00.000Z,5.8,233.5,506,2.7,97198
 2015-08-03T13:00:00.000Z,5.8,233.6,494,2,72976
 2015-08-03T14:00:00.000Z,5.8,233.6,479,1.7,74927
 2015-08-03T15:00:00.000Z,5.9,233.7,481,1.8,73467
 2015-08-03T16:00:00.000Z,5.9,233.7,477,1.7,59458
 2015-08-03T17:00:00.000Z,5.9,233.7,466,1.7,60230
 2015-08-03T18:00:00.000Z,5.9,233.8,459,2.3,92871
 2015-08-03T19:00:00.000Z,5.9,233.8,460,3,81348
 2015-08-03T20:00:00.000Z,5.9,233.9,464,3.3,52063
 2015-08-03T21:00:00.000Z,5.9,233.9,462,3.5,61279
 2015-08-03T22:00:00.000Z,5.9,233.9,456,3.6,66831
 2015-08-03T23:00:00.000Z,5.9,234,459,3.7,65475
 2015-08-04T00:00:00.000Z,5.9,234,466,3.5,62160
 2015-08-04T01:00:00.000Z,5.9,234.1,464,3.5,61248
 2015-08-04T02:00:00.000Z,5.9,234.1,453,3.7,74877
 2015-08-04T03:00:00.000Z,5.9,234.1,452,3.8,83830
 2015-08-04T04:00:00.000Z,5.9,234.2,446,3.6,81645
 2015-08-04T05:00:00.000Z,5.9,234.2,433,3.5,88216
 2015-08-04T06:00:00.000Z,5.9,234.3,455,3.2,97514
 2015-08-04T07:00:00.000Z,5.9,234.3,436,2.8,103547
 2015-08-04T08:00:00.000Z,5.9,234.3,434,3.3,96900
 2015-08-04T09:00:00.000Z,5.9,234.4,429,3.6,88805
 2015-08-04T10:00:00.000Z,5.9,234.4,437,3.8,80464
 2015-08-04T11:00:00.000Z,5.9,234.5,451,4,76984
 2015-08-04T12:00:00.000Z,5.9,234.5,442,4.2,73098
 2015-08-04T13:00:00.000Z,5.9,234.5,447,4.3,67787
 2015-08-04T14:00:00.000Z,5.9,234.6,427,4,59430
 2015-08-04T15:00:00.000Z,5.9,234.6,427,4.1,75594
 2015-08-04T16:00:00.000Z,5.9,234.7,431,4.1,71903
 2015-08-04T17:00:00.000Z,5.9,234.7,454,4.2,63834
 2015-08-04T18:00:00.000Z,5.9,234.7,434,4.3,76304
 2015-08-04T19:00:00.000Z,5.9,234.8,433,4.4,79546
 2015-08-04T20:00:00.000Z,5.9,234.8,425,4.1,75615
 2015-08-04T21:00:00.000Z,5.9,234.9,423,4.2,78011
 2015-08-04T22:00:00.000Z,5.9,234.9,426,4.1,68949
 2015-08-04T23:00:00.000Z,5.9,234.9,428,4.1,64687
 2015-08-05T00:00:00.000Z,5.9,235,416,3.7,61733
 2015-08-05T01:00:00.000Z,6,235,426,4.4,63411
 2015-08-05T02:00:00.000Z,6,235.1,429,4.6,60209
 2015-08-05T03:00:00.000Z,6,235.1,423,4.8,62753
 2015-08-05T04:00:00.000Z,6,235.1,417,4.6,56673
 2015-08-05T05:00:00.000Z,6,235.2,402,4,50649
 2015-08-05T06:00:00.000Z,6,235.2,392,3.9,63744
 2015-08-05T07:00:00.000Z,6,235.3,391,4,56387
 2015-08-05T08:00:00.000Z,6,235.3,393,4.1,55441
 2015-08-05T09:00:00.000Z,6,235.3,384,4.1,65704
 2015-08-05T10:00:00.000Z,6,235.4,387,4.3,55418
 2015-08-05T11:00:00.000Z,6,235.4,385,4.3,53642
 2015-08-05T12:00:00.000Z,6,235.5,391,4.4,63962
 2015-08-05T13:00:00.000Z,6,235.5,399,4.6,60488
 2015-08-05T14:00:00.000Z,6,235.5,412,4.9,50304
 2015-08-05T15:00:00.000Z,6,235.6,410,4.9,48670
 2015-08-05T16:00:00.000Z,6,235.6,388,4.9,61206
 2015-08-05T17:00:00.000Z,6,235.7,386,4.8,56482
 2015-08-05T18:00:00.000Z,6,235.7,379,4.7,54209
 2015-08-05T19:00:00.000Z,6,235.7,368,4.5,38604
 2015-08-05T20:00:00.000Z,6,235.8,367,4.6,37696
 2015-08-05T21:00:00.000Z,6,235.8,360,4.6,37150
 2015-08-05T22:00:00.000Z,6,235.9,383,5.2,46207
 2015-08-05T23:00:00.000Z,6,235.9,369,5.2,41883
 2015-08-06T00:00:00.000Z,6,235.9,385,6,43378
 2015-08-06T01:00:00.000Z,6,236,371,6.1,43367
 2015-08-06T02:00:00.000Z,6,236,385,6.8,44296
 2015-08-06T03:00:00.000Z,6,236.1,386,7.7,46844
 2015-08-06T04:00:00.000Z,6,236.1,385,8.2,54303
 2015-08-06T05:00:00.000Z,6,236.1,378,8,50550
 2015-08-06T06:00:00.000Z,6,236.2,402,9.4,53258
 2015-08-06T07:00:00.000Z,6,236.2,474,6.7,116337
 2015-08-06T08:00:00.000Z,6,236.3,478,4,134128
 2015-08-06T09:00:00.000Z,6,236.3,473,2.7,117490
 2015-08-06T10:00:00.000Z,6,236.3,497,2.9,150158
 2015-08-06T11:00:00.000Z,6,236.4,520,2.8,215009
 2015-08-06T12:00:00.000Z,6.1,236.4,516,2.6,243243
 2015-08-06T13:00:00.000Z,6.1,236.5,523,2.9,287596
 2015-08-06T14:00:00.000Z,6.1,236.5,554,3.6,307044
 2015-08-06T15:00:00.000Z,6.1,236.5,559,3.4,273232
 2015-08-06T16:00:00.000Z,6.1,236.6,568,3.1,241916
 2015-08-06T17:00:00.000Z,6.1,236.6,533,2.9,251879
 2015-08-06T18:00:00.000Z,6.1,236.7,542,4.3,295008
 2015-08-06T19:00:00.000Z,6.1,236.7,533,4.9,308839
 2015-08-06T20:00:00.000Z,6.1,236.7,535,5.2,312520
 2015-08-06T21:00:00.000Z,6.1,236.8,539,5.5,308020
 2015-08-06T22:00:00.000Z,6.1,236.8,529,4.9,295086
 2015-08-06T23:00:00.000Z,6.1,236.9,547,4.3,282034
 2015-08-07T00:00:00.000Z,6.1,236.9,544,3.3,223890
 2015-08-07T01:00:00.000Z,6.1,236.9,540,3.1,223081
 2015-08-07T02:00:00.000Z,6.1,237,513,3,179976
 2015-08-07T03:00:00.000Z,6.1,237,480,3.3,130700
 2015-08-07T04:00:00.000Z,6.1,237.1,487,4.4,146043
 2015-08-07T05:00:00.000Z,6.1,237.1,462,4.7,157575
 2015-08-07T06:00:00.000Z,6.1,237.1,496,6.7,163468
 2015-08-07T07:00:00.000Z,6.1,237.2,507,7.9,182381
 2015-08-07T08:00:00.000Z,6.1,237.2,486,6.6,151442
 2015-08-07T09:00:00.000Z,6.1,237.3,480,6.1,172443
 2015-08-07T10:00:00.000Z,6.1,237.3,504,6.4,208208
 2015-08-07T11:00:00.000Z,6.1,237.3,491,5.6,183365
 2015-08-07T12:00:00.000Z,6.1,237.4,491,5.5,168139
 2015-08-07T13:00:00.000Z,6.1,237.4,514,5.6,199552
 2015-08-07T14:00:00.000Z,6.1,237.5,525,5.6,212229
 2015-08-07T15:00:00.000Z,6.1,237.5,536,5.5,138566
 2015-08-07T16:00:00.000Z,6.1,237.5,560,6.9,55948
 2015-08-07T17:00:00.000Z,6.1,237.6,567,8.5,24411
 2015-08-07T18:00:00.000Z,6.1,237.6,559,6.9,23830
 2015-08-07T19:00:00.000Z,6.1,237.7,553,6.7,26929
 2015-08-07T20:00:00.000Z,6.1,237.7,542,5.9,20903
 2015-08-07T21:00:00.000Z,6.1,237.7,539,4.4,22023
 2015-08-07T22:00:00.000Z,6.1,237.8,544,3.4,21573
 2015-08-07T23:00:00.000Z,6.1,237.8,538,4.1,19192
 2015-08-08T00:00:00.000Z,6.1,237.9,521,4.2,21912
 2015-08-08T01:00:00.000Z,6.2,237.9,516,4.1,21114
 2015-08-08T02:00:00.000Z,6.2,237.9,517,4.1,19397
 2015-08-08T03:00:00.000Z,6.2,238,523,4.5,21082
 2015-08-08T04:00:00.000Z,6.2,238,501,4.7,27302
 2015-08-08T05:00:00.000Z,6.2,238.1,491,4.8,36539
 2015-08-08T06:00:00.000Z,6.2,238.1,500,5.2,38932
 2015-08-08T07:00:00.000Z,6.2,238.1,494,5.5,40585
 2015-08-08T08:00:00.000Z,6.2,238.2,488,5.2,55885
 2015-08-08T09:00:00.000Z,6.2,238.2,478,4.7,44156
 2015-08-08T10:00:00.000Z,6.2,238.3,482,4.7,46512
 2015-08-08T11:00:00.000Z,6.2,238.3,490,4.8,47881
 2015-08-08T12:00:00.000Z,6.2,238.3,479,4.5,45790
 2015-08-08T13:00:00.000Z,6.2,238.4,480,3.9,74917
 2015-08-08T14:00:00.000Z,6.2,238.4,492,5.2,127978
 2015-08-08T15:00:00.000Z,6.2,238.5,495,5.4,109257
 2015-08-08T16:00:00.000Z,6.2,238.5,481,5.6,116117
 2015-08-08T17:00:00.000Z,6.2,238.5,475,5.8,100872
 2015-08-08T18:00:00.000Z,6.2,238.6,481,5.6,116854
 2015-08-08T19:00:00.000Z,6.2,238.6,500,6.4,115839
 2015-08-08T20:00:00.000Z,6.2,238.7,498,6.6,150461
 2015-08-08T21:00:00.000Z,6.2,238.7,476,5.3,133571
 2015-08-08T22:00:00.000Z,6.2,238.7,480,6,148076
 2015-08-08T23:00:00.000Z,6.2,238.8,498,6.5,139950
 2015-08-09T00:00:00.000Z,6.2,238.8,485,6.1,141043
 2015-08-09T01:00:00.000Z,6.2,238.9,480,5.8,130601
 2015-08-09T02:00:00.000Z,6.2,238.9,483,6.4,143407
 2015-08-09T03:00:00.000Z,6.2,238.9,488,6.6,145770
 2015-08-09T04:00:00.000Z,6.2,239,488,6.4,162097
 2015-08-09T05:00:00.000Z,6.2,239,503,4.3,151743
 2015-08-09T06:00:00.000Z,6.2,239.1,522,5,211638
 2015-08-09T07:00:00.000Z,6.2,239.1,518,5.4,201985
 2015-08-09T08:00:00.000Z,6.2,239.1,527,5.1,209256
 2015-08-09T09:00:00.000Z,6.2,239.2,527,4.9,197713
 2015-08-09T10:00:00.000Z,6.2,239.2,536,5,174940
 2015-08-09T11:00:00.000Z,6.2,239.3,548,5.7,180340
 2015-08-09T12:00:00.000Z,6.2,239.3,505,5,138055
 2015-08-09T13:00:00.000Z,6.2,239.3,517,5.5,173437
 2015-08-09T14:00:00.000Z,6.2,239.4,528,5.8,153630
 2015-08-09T15:00:00.000Z,6.3,239.4,507,5.5,138315
 2015-08-09T16:00:00.000Z,6.3,239.5,514,5.6,141244
 2015-08-09T17:00:00.000Z,6.3,239.5,522,5.1,129388
 2015-08-09T18:00:00.000Z,6.3,239.5,517,5,143177
 2015-08-09T19:00:00.000Z,6.3,239.6,506,4.9,150433
 2015-08-09T20:00:00.000Z,6.3,239.6,532,5.1,150432
 2015-08-09T21:00:00.000Z,6.3,239.7,524,5.7,151802
 2015-08-09T22:00:00.000Z,6.3,239.7,528,5.7,161953
 2015-08-09T23:00:00.000Z,6.3,239.8,529,5.5,156854
 2015-08-10T00:00:00.000Z,6.3,239.8,533,5.7,153140
 2015-08-10T01:00:00.000Z,6.3,239.8,529,5.1,131892
 2015-08-10T02:00:00.000Z,6.3,239.9,531,4.7,132170
 2015-08-10T03:00:00.000Z,6.3,239.9,552,4.6,121169
 2015-08-10T04:00:00.000Z,6.3,240,541,4.8,128247
 2015-08-10T05:00:00.000Z,6.3,240,550,4.8,115611
 2015-08-10T06:00:00.000Z,6.3,240,540,5,118605
 2015-08-10T07:00:00.000Z,6.3,240.1,543,4.9,110326
 2015-08-10T08:00:00.000Z,6.3,240.1,532,5,121559
 2015-08-10T09:00:00.000Z,6.3,240.2,510,5,146917
 2015-08-10T10:00:00.000Z,6.3,240.2,509,5,148812
 2015-08-10T11:00:00.000Z,6.3,240.2,522,4.9,134962
 2015-08-10T12:00:00.000Z,6.3,240.3,527,5.5,112696
 2015-08-10T13:00:00.000Z,6.3,240.3,508,5.3,119666
 2015-08-10T14:00:00.000Z,6.3,240.4,490,5.2,127941
 2015-08-10T15:00:00.000Z,6.3,240.4,478,5.5,117199
 2015-08-10T16:00:00.000Z,6.3,240.4,458,6.3,100359
 2015-08-10T17:00:00.000Z,6.3,240.5,454,6.8,91206
 2015-08-10T18:00:00.000Z,6.3,240.5,439,6.9,95508
 2015-08-10T19:00:00.000Z,6.3,240.6,433,6.2,89424
 2015-08-10T20:00:00.000Z,6.3,240.6,429,6.4,86113
 2015-08-10T21:00:00.000Z,6.3,240.6,432,6.7,91874
 2015-08-10T22:00:00.000Z,6.3,240.7,439,7,92171
 2015-08-10T23:00:00.000Z,6.3,240.7,442,7.2,94567
 2015-08-11T00:00:00.000Z,6.3,240.8,423,7.1,92272
 2015-08-11T01:00:00.000Z,6.3,240.8,427,5.6,72540
 2015-08-11T02:00:00.000Z,6.3,240.8,420,2.7,73234
 2015-08-11T03:00:00.000Z,6.3,240.9,423,2.9,81366
 2015-08-11T04:00:00.000Z,6.3,240.9,422,3.4,188723
 2015-08-11T05:00:00.000Z,6.3,241,417,3.4,190344
 2015-08-11T06:00:00.000Z,6.3,241,422,3.6,166137
 2015-08-11T07:00:00.000Z,6.4,241,423,2.8,116331
 2015-08-11T08:00:00.000Z,6.4,241.1,455,2.2,76058
 2015-08-11T09:00:00.000Z,6.4,241.1,453,2.1,69948
 2015-08-11T10:00:00.000Z,6.4,241.2,443,1.9,77428
 2015-08-11T11:00:00.000Z,6.4,241.2,437,2.3,87927
 2015-08-11T12:00:00.000Z,6.4,241.2,432,2.2,113590
 2015-08-11T13:00:00.000Z,6.4,241.3,434,2.7,93798
 2015-08-11T14:00:00.000Z,6.4,241.3,442,2.8,73526
 2015-08-11T15:00:00.000Z,6.4,241.4,436,3.3,77814
 2015-08-11T16:00:00.000Z,6.4,241.4,435,3.7,69501
 2015-08-11T17:00:00.000Z,6.4,241.4,426,4.1,58669
 2015-08-11T18:00:00.000Z,6.4,241.5,425,4.4,40197
 2015-08-11T19:00:00.000Z,6.4,241.5,407,4.7,63311
 2015-08-11T20:00:00.000Z,6.4,241.6,389,4.6,61141
 2015-08-11T21:00:00.000Z,6.4,241.6,384,5,61363
 2015-08-11T22:00:00.000Z,6.4,241.6,385,6.1,67258
 2015-08-11T23:00:00.000Z,6.4,241.7,378,5.7,47435
 2015-08-12T00:00:00.000Z,6.4,241.7,391,7.3,54050
 2015-08-12T01:00:00.000Z,6.4,241.8,394,8.4,66417
 2015-08-12T02:00:00.000Z,6.4,241.8,394,8.9,69209
 2015-08-12T03:00:00.000Z,6.4,241.8,389,7.9,67953
 2015-08-12T04:00:00.000Z,6.4,241.9,386,9.5,74336
 2015-08-12T05:00:00.000Z,6.4,241.9,376,8.3,70522
 2015-08-12T06:00:00.000Z,6.4,242,368,7.5,63138
 2015-08-12T07:00:00.000Z,6.4,242,357,7.4,52512
 2015-08-12T08:00:00.000Z,6.4,242,371,6.7,54239
 2015-08-12T09:00:00.000Z,6.4,242.1,386,6.1,64124
 2015-08-12T10:00:00.000Z,6.4,242.1,387,4.9,51773
 2015-08-12T11:00:00.000Z,6.4,242.2,395,4.8,65185
 2015-08-12T12:00:00.000Z,6.4,242.2,401,5.1,82266
 2015-08-12T13:00:00.000Z,6.4,242.2,410,5.4,84869
 2015-08-12T14:00:00.000Z,6.4,242.3,428,5.4,70982
 2015-08-12T15:00:00.000Z,6.4,242.3,405,5,58014
 2015-08-12T16:00:00.000Z,6.4,242.4,392,4.2,47281
 2015-08-12T17:00:00.000Z,6.4,242.4,402,4.6,54209
 2015-08-12T18:00:00.000Z,6.4,242.4,405,4.3,46214
 2015-08-12T19:00:00.000Z,6.4,242.5,401,4.7,39129
 2015-08-12T20:00:00.000Z,6.4,242.5,399,4.8,28128
 2015-08-12T21:00:00.000Z,6.4,242.6,414,7.1,72062
 2015-08-12T22:00:00.000Z,6.4,242.6,419,5.2,34320
 2015-08-12T23:00:00.000Z,6.4,242.6,417,4.5,35393
 2015-08-13T00:00:00.000Z,6.4,242.7,415,5.9,40166
 2015-08-13T01:00:00.000Z,6.5,242.7,411,7.4,47802
 2015-08-13T02:00:00.000Z,6.5,242.8,402,5.9,54085
 2015-08-13T03:00:00.000Z,6.5,242.8,394,5.9,56964
 2015-08-13T04:00:00.000Z,6.5,242.8,395,5.9,75070
 2015-08-13T05:00:00.000Z,6.5,242.9,394,5.5,60939
 2015-08-13T06:00:00.000Z,6.5,242.9,387,4.5,46912
 2015-08-13T07:00:00.000Z,6.5,243,382,4.2,54490
 2015-08-13T08:00:00.000Z,6.5,243,381,4.5,42365
 2015-08-13T09:00:00.000Z,6.5,243,380,4.5,35612
 2015-08-13T10:00:00.000Z,6.5,243.1,382,5.5,41965
 2015-08-13T11:00:00.000Z,6.5,243.1,385,6.7,50624
 2015-08-13T12:00:00.000Z,6.5,243.2,385,7.3,49307
 2015-08-13T13:00:00.000Z,6.5,243.2,377,6.7,49895
 2015-08-13T14:00:00.000Z,6.5,243.2,376,6.3,54103
 2015-08-13T15:00:00.000Z,6.5,243.3,374,6.5,50790
 2015-08-13T16:00:00.000Z,6.5,243.3,362,5.6,42619
 2015-08-13T17:00:00.000Z,6.5,243.4,360,5.4,44654
 2015-08-13T18:00:00.000Z,6.5,243.4,361,5.9,45466
 2015-08-13T19:00:00.000Z,6.5,243.4,361,3.7,33335
 2015-08-13T20:00:00.000Z,6.5,243.5,349,5.1,29231
 2015-08-13T21:00:00.000Z,6.5,243.5,348,4.3,30467
 2015-08-13T22:00:00.000Z,6.5,243.6,352,4.3,27920
 2015-08-13T23:00:00.000Z,6.5,243.6,352,5,27898
 2015-08-14T00:00:00.000Z,6.5,243.6,358,5.5,33603
 2015-08-14T01:00:00.000Z,6.5,243.7,360,6,35221
 2015-08-14T02:00:00.000Z,6.5,243.7,353,5.7,36653
 2015-08-14T03:00:00.000Z,6.5,243.8,338,6.2,50511
 2015-08-14T04:00:00.000Z,6.5,243.8,334,5.7,52748
 2015-08-14T05:00:00.000Z,6.5,243.8,327,5.3,30820
 2015-08-14T06:00:00.000Z,6.5,243.9,323,5.9,32382
 2015-08-14T07:00:00.000Z,6.5,243.9,320,6.1,34549
 2015-08-14T08:00:00.000Z,6.5,244,326,6.1,34618
 2015-08-14T09:00:00.000Z,6.5,244,326,6.2,34276
 2015-08-14T10:00:00.000Z,6.5,244,326,5.8,34456
 2015-08-14T11:00:00.000Z,6.5,244.1,325,5.7,34839
 2015-08-14T12:00:00.000Z,6.5,244.1,352,5.5,43591
 2015-08-14T13:00:00.000Z,6.5,244.2,351,5.4,47427
 2015-08-14T14:00:00.000Z,6.5,244.2,332,5.6,35276
 2015-08-14T15:00:00.000Z,6.5,244.2,326,4.6,29850
 2015-08-14T16:00:00.000Z,6.5,244.3,323,4.5,26913
 2015-08-14T17:00:00.000Z,6.5,244.3,323,4.3,23842
 2015-08-14T18:00:00.000Z,6.5,244.4,338,5,29539
 2015-08-14T19:00:00.000Z,6.5,244.4,362,5.6,24622
 2015-08-14T20:00:00.000Z,6.5,244.4,371,6.2,24107
 2015-08-14T21:00:00.000Z,6.5,244.5,379,7.1,23030
 2015-08-14T22:00:00.000Z,6.6,244.5,364,7.8,29893
 2015-08-14T23:00:00.000Z,6.6,244.6,350,7.5,32168
 2015-08-15T00:00:00.000Z,6.6,244.6,352,8,33315
 2015-08-15T01:00:00.000Z,6.6,244.7,355,8.4,33580
 2015-08-15T02:00:00.000Z,6.6,244.7,350,8,25959
 2015-08-15T03:00:00.000Z,6.6,244.7,348,8.8,33125
 2015-08-15T04:00:00.000Z,6.6,244.8,345,7.3,19367
 2015-08-15T05:00:00.000Z,6.6,244.8,330,7.3,14330
 2015-08-15T06:00:00.000Z,6.6,244.9,337,10.1,15022
 2015-08-15T07:00:00.000Z,6.6,244.9,344,8.4,15031
 2015-08-15T08:00:00.000Z,6.6,244.9,362,13.5,34077
 2015-08-15T09:00:00.000Z,6.6,245,458,21.7,224676
 2015-08-15T10:00:00.000Z,6.6,245,471,24.8,200918
 2015-08-15T11:00:00.000Z,6.6,245.1,469,25.6,71623
 2015-08-15T12:00:00.000Z,6.6,245.1,446,30.7,80175
 2015-08-15T13:00:00.000Z,6.6,245.1,452,34.2,81817
 2015-08-15T14:00:00.000Z,6.6,245.2,450,24.1,148140
 2015-08-15T15:00:00.000Z,6.6,245.2,470,10.6,264041
 2015-08-15T16:00:00.000Z,6.6,245.3,465,13.1,316698
 2015-08-15T17:00:00.000Z,6.6,245.3,465,13.2,293412
 2015-08-15T18:00:00.000Z,6.6,245.3,484,11,240488
 2015-08-15T19:00:00.000Z,6.6,245.4,484,11.3,278664
 2015-08-15T20:00:00.000Z,6.6,245.4,493,10.2,275371
 2015-08-15T21:00:00.000Z,6.6,245.5,505,9,280112
 2015-08-15T22:00:00.000Z,6.6,245.5,494,7.6,173714
 2015-08-15T23:00:00.000Z,6.6,245.5,492,7.2,84022
 2015-08-16T00:00:00.000Z,6.6,245.6,498,6.8,158803
 2015-08-16T01:00:00.000Z,6.6,245.6,503,6.8,154861
 2015-08-16T02:00:00.000Z,6.6,245.7,505,8.2,33926
 2015-08-16T03:00:00.000Z,6.6,245.7,511,4.6,26628
 2015-08-16T04:00:00.000Z,6.6,245.7,514,3.6,40595
 2015-08-16T05:00:00.000Z,6.6,245.8,500,4.1,54495
 2015-08-16T06:00:00.000Z,6.6,245.8,490,4.8,79181
 2015-08-16T07:00:00.000Z,6.6,245.9,508,4.3,82621
 2015-08-16T08:00:00.000Z,6.6,245.9,536,4.5,156887
 2015-08-16T09:00:00.000Z,6.6,245.9,531,5.3,149534
 2015-08-16T10:00:00.000Z,6.6,246,536,6.2,207379
 2015-08-16T11:00:00.000Z,6.6,246,537,7,245266
 2015-08-16T12:00:00.000Z,6.6,246.1,526,7.3,239670
 2015-08-16T13:00:00.000Z,6.6,246.1,540,8.1,351238
 2015-08-16T14:00:00.000Z,6.6,246.1,519,7.3,294144
 2015-08-16T15:00:00.000Z,6.6,246.2,524,7.3,244474
 2015-08-16T16:00:00.000Z,6.6,246.2,517,7.7,230904
 2015-08-16T17:00:00.000Z,6.6,246.3,506,7.9,208462
 2015-08-16T18:00:00.000Z,6.6,246.3,507,8,224009
 2015-08-16T19:00:00.000Z,6.6,246.3,503,8,197499
 2015-08-16T20:00:00.000Z,6.6,246.4,501,6.5,175391
 2015-08-16T21:00:00.000Z,6.7,246.4,534,4,139850
 2015-08-16T22:00:00.000Z,6.7,246.5,534,3.6,131552
 2015-08-16T23:00:00.000Z,6.7,246.5,535,3.6,123261
 2015-08-17T00:00:00.000Z,6.7,246.5,531,3.6,138582
 2015-08-17T01:00:00.000Z,6.7,246.6,547,3.8,132989
 2015-08-17T02:00:00.000Z,6.7,246.6,575,3.9,106137
 2015-08-17T03:00:00.000Z,6.7,246.7,554,3.7,106127
 2015-08-17T04:00:00.000Z,6.7,246.7,551,4.3,114342
 2015-08-17T05:00:00.000Z,6.7,246.7,523,4.3,127712
 2015-08-17T06:00:00.000Z,6.7,246.8,534,4.7,132142
 2015-08-17T07:00:00.000Z,6.7,246.8,540,5,131165
 2015-08-17T08:00:00.000Z,6.7,246.9,533,5,147661
 2015-08-17T09:00:00.000Z,6.7,246.9,554,5.4,174404
 2015-08-17T10:00:00.000Z,6.7,246.9,563,4.6,185465
 2015-08-17T11:00:00.000Z,6.7,247,565,4.9,196895
 2015-08-17T12:00:00.000Z,6.7,247,573,5.2,221412
 2015-08-17T13:00:00.000Z,6.7,247.1,575,4.9,172341
 2015-08-17T14:00:00.000Z,6.7,247.1,568,4.9,174623
 2015-08-17T15:00:00.000Z,6.7,247.1,556,4.6,165126
 2015-08-17T16:00:00.000Z,6.7,247.2,558,3.9,139306
 2015-08-17T17:00:00.000Z,6.7,247.2,567,2.8,163101
 2015-08-17T18:00:00.000Z,6.7,247.3,565,2.8,171249
 2015-08-17T19:00:00.000Z,6.7,247.3,566,2.9,158274
 2015-08-17T20:00:00.000Z,6.7,247.3,561,2.9,134690
 2015-08-17T21:00:00.000Z,6.7,247.4,553,2.4,148526
 2015-08-17T22:00:00.000Z,6.7,247.4,552,2.5,154364
 2015-08-17T23:00:00.000Z,6.7,247.5,533,2.3,159089
 2015-08-18T00:00:00.000Z,6.7,247.5,536,2.4,127255
 2015-08-18T01:00:00.000Z,6.7,247.5,543,2.3,118229
 2015-08-18T02:00:00.000Z,6.7,247.6,534,2,110657
 2015-08-18T03:00:00.000Z,6.7,247.6,528,2.1,124680
 2015-08-18T04:00:00.000Z,6.7,247.7,536,2.2,126851
 2015-08-18T05:00:00.000Z,6.7,247.7,520,2.2,117951
 2015-08-18T06:00:00.000Z,6.7,247.8,524,2.3,110935
 2015-08-18T07:00:00.000Z,6.7,247.8,506,2,109246
 2015-08-18T08:00:00.000Z,6.7,247.8,539,2.1,102134
 2015-08-18T09:00:00.000Z,6.7,247.9,525,2.2,91865
 2015-08-18T10:00:00.000Z,6.7,247.9,503,2.1,90662
 2015-08-18T11:00:00.000Z,6.7,248,484,2.1,81356
 2015-08-18T12:00:00.000Z,6.7,248,483,2.2,93227
 2015-08-18T13:00:00.000Z,6.7,248,469,2.3,86690
 2015-08-18T14:00:00.000Z,6.7,248.1,466,3,82372
 2015-08-18T15:00:00.000Z,6.7,248.1,464,3.3,80604
 2015-08-18T16:00:00.000Z,6.7,248.2,445,3.6,72256
 2015-08-18T17:00:00.000Z,6.7,248.2,459,3.9,70978
 2015-08-18T18:00:00.000Z,6.7,248.2,450,4,72608
 2015-08-18T19:00:00.000Z,6.7,248.3,436,4.7,70555
 2015-08-18T20:00:00.000Z,6.7,248.3,443,4.9,78788
 2015-08-18T21:00:00.000Z,6.7,248.4,424,4.8,54182
 2015-08-18T22:00:00.000Z,6.7,248.4,415,4.6,55275
 2015-08-18T23:00:00.000Z,6.7,248.4,417,4,49529
 2015-08-19T00:00:00.000Z,6.7,248.5,418,4.4,36033
 2015-08-19T01:00:00.000Z,6.8,248.5,435,4.7,63841
 2015-08-19T02:00:00.000Z,6.8,248.6,441,4.4,61976
 2015-08-19T03:00:00.000Z,6.8,248.6,448,3.4,45102
 2015-08-19T04:00:00.000Z,6.8,248.6,450,3.5,61237
 2015-08-19T05:00:00.000Z,6.8,248.7,458,4.3,104723
 2015-08-19T06:00:00.000Z,6.8,248.7,477,5.1,133729
 2015-08-19T07:00:00.000Z,6.8,248.8,473,5.1,128529
 2015-08-19T08:00:00.000Z,6.8,248.8,466,5.1,134235
 2015-08-19T09:00:00.000Z,6.8,248.8,457,4.9,147071
 2015-08-19T10:00:00.000Z,6.8,248.9,462,5,158818
 2015-08-19T11:00:00.000Z,6.8,248.9,458,4.3,116920
 2015-08-19T12:00:00.000Z,6.8,249,460,4.4,117747
 2015-08-19T13:00:00.000Z,6.8,249,461,4.6,113353
 2015-08-19T14:00:00.000Z,6.8,249,456,4.6,117308
 2015-08-19T15:00:00.000Z,6.8,249.1,458,4.4,128505
 2015-08-19T16:00:00.000Z,6.8,249.1,470,4.8,159002
 2015-08-19T17:00:00.000Z,6.8,249.2,492,4.8,188812
 2015-08-19T18:00:00.000Z,6.8,249.2,491,4.7,223119
 2015-08-19T19:00:00.000Z,6.8,249.2,494,4.7,205334
 2015-08-19T20:00:00.000Z,6.8,249.3,486,4.5,196759
 2015-08-19T21:00:00.000Z,6.8,249.3,497,4.9,212950
 2015-08-19T22:00:00.000Z,6.8,249.4,504,4.5,181042
 2015-08-19T23:00:00.000Z,6.8,249.4,501,4.3,168098
 2015-08-20T00:00:00.000Z,6.8,249.4,490,3.9,170483
 2015-08-20T01:00:00.000Z,6.8,249.5,477,3.4,148832
 2015-08-20T02:00:00.000Z,6.8,249.5,490,3.8,160935
 2015-08-20T03:00:00.000Z,6.8,249.6,508,4.2,144260
 2015-08-20T04:00:00.000Z,6.8,249.6,506,4,158759
 2015-08-20T05:00:00.000Z,6.8,249.6,508,4,168161
 2015-08-20T06:00:00.000Z,6.8,249.7,498,4,199743
 2015-08-20T07:00:00.000Z,6.8,249.7,499,3.9,193087
 2015-08-20T08:00:00.000Z,6.8,249.8,490,4,186193
 2015-08-20T09:00:00.000Z,6.8,249.8,515,4.4,174552
 2015-08-20T10:00:00.000Z,6.8,249.8,482,3.7,146665
 2015-08-20T11:00:00.000Z,6.8,249.9,518,4.4,156514
 2015-08-20T12:00:00.000Z,6.8,249.9,511,4.4,147183
 2015-08-20T13:00:00.000Z,6.8,250,476,4,139531
 2015-08-20T14:00:00.000Z,6.8,250,471,3.9,133973
 2015-08-20T15:00:00.000Z,6.8,250,454,3.7,108079
 2015-08-20T16:00:00.000Z,6.8,250.1,468,4.3,101550
 2015-08-20T17:00:00.000Z,6.8,250.1,449,4.2,103869
 2015-08-20T18:00:00.000Z,6.8,250.2,463,4.7,134060
 2015-08-20T19:00:00.000Z,6.8,250.2,456,4.6,139094
 2015-08-20T20:00:00.000Z,6.8,250.3,468,4.4,130532
 2015-08-20T21:00:00.000Z,6.8,250.3,444,4.1,116687
 2015-08-20T22:00:00.000Z,6.8,250.3,462,4.4,132900
 2015-08-20T23:00:00.000Z,6.8,250.4,475,3.3,108845
 2015-08-21T00:00:00.000Z,6.8,250.4,483,3.1,106568
 2015-08-21T01:00:00.000Z,6.8,250.5,487,3.3,120338
 2015-08-21T02:00:00.000Z,6.8,250.5,473,3,119139
 2015-08-21T03:00:00.000Z,6.8,250.5,470,2.9,118580
 2015-08-21T04:00:00.000Z,6.8,250.6,463,2.7,113389
 2015-08-21T05:00:00.000Z,6.8,250.6,476,3,95999
 2015-08-21T06:00:00.000Z,6.8,250.7,470,2.8,80657
 2015-08-21T07:00:00.000Z,6.8,250.7,465,2.7,88727
 2015-08-21T08:00:00.000Z,6.8,250.7,468,2.7,85553
 2015-08-21T09:00:00.000Z,6.8,250.8,463,2.9,84764
 2015-08-21T10:00:00.000Z,6.9,250.8,466,3.2,93276
 2015-08-21T11:00:00.000Z,6.9,250.9,469,3.1,91185
 2015-08-21T12:00:00.000Z,6.9,250.9,474,3.2,81131
 2015-08-21T13:00:00.000Z,6.9,250.9,448,2.8,81677
 2015-08-21T14:00:00.000Z,6.9,251,455,2.7,78100
 2015-08-21T15:00:00.000Z,6.9,251,459,3.1,75826
 2015-08-21T16:00:00.000Z,6.9,251.1,449,3.3,71755
 2015-08-21T17:00:00.000Z,6.9,251.1,447,3.3,85110
 2015-08-21T18:00:00.000Z,6.9,251.1,427,3,79415
 2015-08-21T19:00:00.000Z,6.9,251.2,424,3.2,79977
 2015-08-21T20:00:00.000Z,6.9,251.2,440,3.6,76452
 2015-08-21T21:00:00.000Z,6.9,251.3,446,3.8,82076
 2015-08-21T22:00:00.000Z,6.9,251.3,443,3.7,81089
 2015-08-21T23:00:00.000Z,6.9,251.3,438,4.2,77035
 2015-08-22T00:00:00.000Z,6.9,251.4,419,4,56506
 2015-08-22T01:00:00.000Z,6.9,251.4,408,3.6,46349
 2015-08-22T02:00:00.000Z,6.9,251.5,392,3.4,40408
 2015-08-22T03:00:00.000Z,6.9,251.5,383,3.3,27223
 2015-08-22T04:00:00.000Z,6.9,251.5,375,4.1,21851
 2015-08-22T05:00:00.000Z,6.9,251.6,367,3.9,15089
 2015-08-22T06:00:00.000Z,6.9,251.6,374,4.9,17157
 2015-08-22T07:00:00.000Z,6.9,251.7,374,5.9,11232
 2015-08-22T08:00:00.000Z,6.9,251.7,359,7.1,12536
 2015-08-22T09:00:00.000Z,6.9,251.7,360,7.9,12363
 2015-08-22T10:00:00.000Z,6.9,251.8,363,8.7,10354
 2015-08-22T11:00:00.000Z,6.9,251.8,367,11.1,11787
 2015-08-22T12:00:00.000Z,6.9,251.9,384,8.3,21539
 2015-08-22T13:00:00.000Z,6.9,251.9,373,5.3,52284
 2015-08-22T14:00:00.000Z,6.9,251.9,379,5.9,65282
 2015-08-22T15:00:00.000Z,6.9,252,397,6,107266
 2015-08-22T16:00:00.000Z,6.9,252,391,5,83553
 2015-08-22T17:00:00.000Z,6.9,252.1,398,4.7,69066
 2015-08-22T18:00:00.000Z,6.9,252.1,405,5,63687
 2015-08-22T19:00:00.000Z,6.9,252.1,406,4.6,74033
 2015-08-22T20:00:00.000Z,6.9,252.2,393,4.2,34234
 2015-08-22T21:00:00.000Z,6.9,252.2,379,7.1,37642
 2015-08-22T22:00:00.000Z,6.9,252.3,368,11.6,30850
 2015-08-22T23:00:00.000Z,6.9,252.3,373,12.5,32725
 2015-08-23T00:00:00.000Z,6.9,252.4,373,13.2,32612
 2015-08-23T01:00:00.000Z,6.9,252.4,368,12.9,33727
 2015-08-23T02:00:00.000Z,6.9,252.4,371,14.1,44894
 2015-08-23T03:00:00.000Z,6.9,252.5,375,15.6,49454
 2015-08-23T04:00:00.000Z,6.9,252.5,382,19.1,76476
 2015-08-23T05:00:00.000Z,6.9,252.6,392,23.8,82580
 2015-08-23T06:00:00.000Z,6.9,252.6,372,22.3,81718
 2015-08-23T07:00:00.000Z,6.9,252.6,380,22.1,93493
 2015-08-23T08:00:00.000Z,6.9,252.7,440,15.3,161497
 2015-08-23T09:00:00.000Z,6.9,252.7,520,8.9,381541
 2015-08-23T10:00:00.000Z,6.9,252.8,530,8.6,290882
 2015-08-23T11:00:00.000Z,6.9,252.8,542,8.5,344902
 2015-08-23T12:00:00.000Z,6.9,252.8,553,8.5,287762
 2015-08-23T13:00:00.000Z,6.9,252.9,541,7,194728
 2015-08-23T14:00:00.000Z,6.9,252.9,557,3.9,151811
 2015-08-23T15:00:00.000Z,6.9,253,570,3.3,100037
 2015-08-23T16:00:00.000Z,6.9,253,569,2.6,116133
 2015-08-23T17:00:00.000Z,6.9,253,568,2.6,126261
 2015-08-23T18:00:00.000Z,6.9,253.1,582,2.6,136340
 2015-08-23T19:00:00.000Z,6.9,253.1,562,2.6,135672
 2015-08-23T20:00:00.000Z,6.9,253.2,553,2.7,130145
 2015-08-23T21:00:00.000Z,6.9,253.2,553,2.6,108912
 2015-08-23T22:00:00.000Z,6.9,253.2,554,2.3,114214
 2015-08-23T23:00:00.000Z,6.9,253.3,535,2.2,109036
 2015-08-24T00:00:00.000Z,6.9,253.3,521,2.4,93569
 2015-08-24T01:00:00.000Z,6.9,253.4,514,2.1,77198
 2015-08-24T02:00:00.000Z,7,253.4,511,2.2,71257
 2015-08-24T03:00:00.000Z,7,253.4,506,2.3,67004
 2015-08-24T04:00:00.000Z,7,253.5,501,2.5,87412
 2015-08-24T05:00:00.000Z,7,253.5,484,2.5,84399
 2015-08-24T06:00:00.000Z,7,253.6,492,2.5,82572
 2015-08-24T07:00:00.000Z,7,253.6,485,2.8,84902
 2015-08-24T08:00:00.000Z,7,253.6,481,3.1,85101
 2015-08-24T09:00:00.000Z,7,253.7,463,3.3,84451
 2015-08-24T10:00:00.000Z,7,253.7,470,3.1,76305
 2015-08-24T11:00:00.000Z,7,253.8,465,3.5,81082
 2015-08-24T12:00:00.000Z,7,253.8,465,3.5,74567
 2015-08-24T13:00:00.000Z,7,253.8,456,3.4,81323
 2015-08-24T14:00:00.000Z,7,253.9,450,3.6,81245
 2015-08-24T15:00:00.000Z,7,253.9,439,3.5,83565
 2015-08-24T16:00:00.000Z,7,254,434,3.7,87804
 2015-08-24T17:00:00.000Z,7,254,440,3.8,80559
 2015-08-24T18:00:00.000Z,7,254,436,4.2,78952
 2015-08-24T19:00:00.000Z,7,254.1,435,4.3,78238
 2015-08-24T20:00:00.000Z,7,254.1,434,4.3,72642
 2015-08-24T21:00:00.000Z,7,254.2,413,3.8,73666
 2015-08-24T22:00:00.000Z,7,254.2,419,4.4,76569
 2015-08-24T23:00:00.000Z,7,254.3,414,4.1,69200
 2015-08-25T00:00:00.000Z,7,254.3,421,4.6,77023
 2015-08-25T01:00:00.000Z,7,254.3,426,4.5,75998
 2015-08-25T02:00:00.000Z,7,254.4,414,4.6,72339
 2015-08-25T03:00:00.000Z,7,254.4,411,4.3,63309
 2015-08-25T04:00:00.000Z,7,254.5,413,4.6,57137
 2015-08-25T05:00:00.000Z,7,254.5,401,4.7,63840
 2015-08-25T06:00:00.000Z,7,254.5,415,5,62242
 2015-08-25T07:00:00.000Z,7,254.6,393,4.9,71735
 2015-08-25T08:00:00.000Z,7,254.6,393,5,69448
 2015-08-25T09:00:00.000Z,7,254.7,403,4.8,58420
 2015-08-25T10:00:00.000Z,7,254.7,385,4.6,53095
 2015-08-25T11:00:00.000Z,7,254.7,372,4.1,43089
 2015-08-25T12:00:00.000Z,7,254.8,386,4.3,46913
 2015-08-25T13:00:00.000Z,7,254.8,386,4.3,49047
 2015-08-25T14:00:00.000Z,7,254.9,379,4.5,58650
 2015-08-25T15:00:00.000Z,7,254.9,381,4.6,57727
 2015-08-25T16:00:00.000Z,7,254.9,387,5.2,56384
 2015-08-25T17:00:00.000Z,7,255,385,5.6,50633
 2015-08-25T18:00:00.000Z,7,255,391,6,56467
 2015-08-25T19:00:00.000Z,7,255.1,385,6.4,73802
 2015-08-25T20:00:00.000Z,7,255.1,393,6.9,85864
 2015-08-25T21:00:00.000Z,7,255.1,390,6.8,82389
 2015-08-25T22:00:00.000Z,7,255.2,403,7.2,68992
 2015-08-25T23:00:00.000Z,7,255.2,416,7.4,57900
 2015-08-26T00:00:00.000Z,7,255.3,409,7.5,57311
 2015-08-26T01:00:00.000Z,7,255.3,412,8.2,61037
 2015-08-26T02:00:00.000Z,7,255.3,417,8.6,50396
 2015-08-26T03:00:00.000Z,7,255.4,417,8.8,41345
 2015-08-26T04:00:00.000Z,7,255.4,417,10.6,37039
 2015-08-26T05:00:00.000Z,7,255.5,415,14.5,36276
 2015-08-26T06:00:00.000Z,7,255.5,413,17.3,37135
 2015-08-26T07:00:00.000Z,7,255.5,408,17.8,35159
 2015-08-26T08:00:00.000Z,7,255.6,402,20.7,31400
 2015-08-26T09:00:00.000Z,7,255.6,399,23.6,28677
 2015-08-26T10:00:00.000Z,7,255.7,402,8.3,20552
 2015-08-26T11:00:00.000Z,7,255.7,413,10.4,24307
 2015-08-26T12:00:00.000Z,7,255.7,412,9.4,21675
 2015-08-26T13:00:00.000Z,7,255.8,400,8.1,14576
 2015-08-26T14:00:00.000Z,7,255.8,401,7.5,15637
 2015-08-26T15:00:00.000Z,7,255.9,397,6.4,13805
 2015-08-26T16:00:00.000Z,7,255.9,393,8.7,17648
 2015-08-26T17:00:00.000Z,7,256,387,9.7,16623
 2015-08-26T18:00:00.000Z,7,256,386,7.4,14584
 2015-08-26T19:00:00.000Z,7,256,382,7.3,12707
 2015-08-26T20:00:00.000Z,7,256.1,375,9.4,13719
 2015-08-26T21:00:00.000Z,7,256.1,372,10.4,11022
 2015-08-26T22:00:00.000Z,7,256.2,369,8.3,8689
 2015-08-26T23:00:00.000Z,7,256.2,365,8.6,9303
 2015-08-27T00:00:00.000Z,7,256.2,363,8.6,9346
 2015-08-27T01:00:00.000Z,7,256.3,365,8.5,9193
 2015-08-27T02:00:00.000Z,7,256.3,365,9.2,9649
 2015-08-27T03:00:00.000Z,7,256.4,365,10.5,11832
 2015-08-27T04:00:00.000Z,7,256.4,371,13.6,21319
 2015-08-27T05:00:00.000Z,7,256.4,385,18.1,68711
 2015-08-27T06:00:00.000Z,7.1,256.5,381,16.5,86944
 2015-08-27T07:00:00.000Z,7.1,256.5,373,11.4,94202
 2015-08-27T08:00:00.000Z,7.1,256.6,371,8.2,84545
 2015-08-27T09:00:00.000Z,7.1,256.6,366,8.5,70168
 2015-08-27T10:00:00.000Z,7.1,256.6,361,11.7,37550
 2015-08-27T11:00:00.000Z,7.1,256.7,360,11.1,27183
 2015-08-27T12:00:00.000Z,7.1,256.7,361,10.1,23242
 2015-08-27T13:00:00.000Z,7.1,256.8,362,8.1,30920
 2015-08-27T14:00:00.000Z,7.1,256.8,350,8,32082
 2015-08-27T15:00:00.000Z,7.1,256.8,351,13.4,30371
 2015-08-27T16:00:00.000Z,7.1,256.9,349,14,26501
 2015-08-27T17:00:00.000Z,7.1,256.9,339,10.6,21471
 2015-08-27T18:00:00.000Z,7.1,257,337,12.8,12940
 2015-08-27T19:00:00.000Z,7.1,257,341,9.1,20900
 2015-08-27T20:00:00.000Z,7.1,257,340,10.8,37009
 2015-08-27T21:00:00.000Z,7.1,257.1,343,9.4,27121
 2015-08-27T22:00:00.000Z,7.1,257.1,349,16.8,27057
 2015-08-27T23:00:00.000Z,7.1,257.2,336,14.8,29239
 2015-08-28T00:00:00.000Z,7.1,257.2,347,11.5,26060
 2015-08-28T01:00:00.000Z,7.1,257.2,357,10.2,23284
 2015-08-28T02:00:00.000Z,7.1,257.3,356,11.7,34120
 2015-08-28T03:00:00.000Z,7.1,257.3,351,11.9,23072
 2015-08-28T04:00:00.000Z,7.1,257.4,345,11.2,16645
 2015-08-28T05:00:00.000Z,7.1,257.4,344,10.9,18485
 2015-08-28T06:00:00.000Z,7.1,257.4,346,12.6,18646
 2015-08-28T07:00:00.000Z,7.1,257.5,342,13.2,19455
 2015-08-28T08:00:00.000Z,7.1,257.5,336,15.6,34203
 2015-08-28T09:00:00.000Z,7.1,257.6,336,13.5,27554
 2015-08-28T10:00:00.000Z,7.1,257.6,334,12.6,26849
 2015-08-28T11:00:00.000Z,7.1,257.7,340,15.1,30564
 2015-08-28T12:00:00.000Z,7.1,257.7,340,14.5,49270
 2015-08-28T13:00:00.000Z,7.1,257.7,346,22.9,56018
 2015-08-28T14:00:00.000Z,7.1,257.8,342,32.1,48030
 2015-08-28T15:00:00.000Z,7.1,257.8,352,8.5,45855
 2015-08-28T16:00:00.000Z,7.1,257.9,353,10.4,43425
 2015-08-28T17:00:00.000Z,7.1,257.9,357,11.7,56490
 2015-08-28T18:00:00.000Z,7.1,257.9,375,10.7,76830
 2015-08-28T19:00:00.000Z,7.1,258,390,10.4,124627
 2015-08-28T20:00:00.000Z,7.1,258,396,14,184528
 2015-08-28T21:00:00.000Z,7.1,258.1,401,13.4,135878
 2015-08-28T22:00:00.000Z,7.1,258.1,415,13.4,169713
 2015-08-28T23:00:00.000Z,7.1,258.1,429,14.3,156947
 2015-08-29T00:00:00.000Z,7.1,258.2,443,13.3,160291
 2015-08-29T01:00:00.000Z,7.1,258.2,439,12.1,129234
 2015-08-29T02:00:00.000Z,7.1,258.3,442,12.2,151652
 2015-08-29T03:00:00.000Z,7.1,258.3,452,11.5,170105
 2015-08-29T04:00:00.000Z,7.1,258.3,445,10.6,159577
 2015-08-29T05:00:00.000Z,7.1,258.4,452,9.9,152418
 2015-08-29T06:00:00.000Z,7.1,258.4,449,9.5,142984
 2015-08-29T07:00:00.000Z,7.1,258.5,446,8.8,138679
 2015-08-29T08:00:00.000Z,7.1,258.5,451,8.9,152539
 2015-08-29T09:00:00.000Z,7.1,258.5,443,7.9,135363
 2015-08-29T10:00:00.000Z,7.1,258.6,451,7.8,141372
 2015-08-29T11:00:00.000Z,7.1,258.6,451,6.8,121456
 2015-08-29T12:00:00.000Z,7.1,258.7,458,6.6,125457
 2015-08-29T13:00:00.000Z,7.1,258.7,469,7,171824
 2015-08-29T14:00:00.000Z,7.1,258.7,454,6.8,149788
 2015-08-29T15:00:00.000Z,7.1,258.8,442,7.1,146668
 2015-08-29T16:00:00.000Z,7.1,258.8,441,6.8,134009
 2015-08-29T17:00:00.000Z,7.1,258.9,444,6.6,139515
 2015-08-29T18:00:00.000Z,7.1,258.9,460,5.9,138629
 2015-08-29T19:00:00.000Z,7.1,258.9,450,5.6,128342
 2015-08-29T20:00:00.000Z,7.1,259,442,5.5,127135
 2015-08-29T21:00:00.000Z,7.1,259,464,5.9,126758
 2015-08-29T22:00:00.000Z,7.1,259.1,477,5.5,109941
 2015-08-29T23:00:00.000Z,7.1,259.1,472,5.5,100432
 2015-08-30T00:00:00.000Z,7.1,259.2,457,5.4,98653
 2015-08-30T01:00:00.000Z,7.1,259.2,445,4.8,92425
 2015-08-30T02:00:00.000Z,7.1,259.2,445,4.7,86823
 2015-08-30T03:00:00.000Z,7.1,259.3,440,4.6,83606
 2015-08-30T04:00:00.000Z,7.1,259.3,437,4.4,87495
 2015-08-30T05:00:00.000Z,7.1,259.4,430,3.9,81505
 2015-08-30T06:00:00.000Z,7.1,259.4,429,3.6,70319
 2015-08-30T07:00:00.000Z,7.1,259.4,425,3.5,66171
 2015-08-30T08:00:00.000Z,7.1,259.5,422,3.8,71021
 2015-08-30T09:00:00.000Z,7.1,259.5,420,3.7,67222
 2015-08-30T10:00:00.000Z,7.1,259.6,411,3,54830
 2015-08-30T11:00:00.000Z,7.1,259.6,410,2.8,53419
 2015-08-30T12:00:00.000Z,7.1,259.6,414,3.2,67335
 2015-08-30T13:00:00.000Z,7.1,259.7,422,3.7,75550
 2015-08-30T14:00:00.000Z,7.1,259.7,431,3.7,66027
 2015-08-30T15:00:00.000Z,7.1,259.8,433,4,54915
 2015-08-30T16:00:00.000Z,7.1,259.8,409,3.6,74008
 2015-08-30T17:00:00.000Z,7.1,259.8,407,3.7,75861
 2015-08-30T18:00:00.000Z,7.1,259.9,414,3.7,74057
 2015-08-30T19:00:00.000Z,7.1,259.9,425,3.9,73698
 2015-08-30T20:00:00.000Z,7.1,260,415,4.1,70030
 2015-08-30T21:00:00.000Z,7.1,260,423,3.7,57171
 2015-08-30T22:00:00.000Z,7.1,260,415,3.7,60529
 2015-08-30T23:00:00.000Z,7.1,260.1,402,4.1,56423
 2015-08-31T00:00:00.000Z,7.1,260.1,404,4.2,57767
 2015-08-31T01:00:00.000Z,7.1,260.2,399,4.2,59493
 2015-08-31T02:00:00.000Z,7.1,260.2,384,3.7,54980
 2015-08-31T03:00:00.000Z,7.1,260.2,377,3.6,58199
 2015-08-31T04:00:00.000Z,7.1,260.3,384,3.7,44342
 2015-08-31T05:00:00.000Z,7.1,260.3,398,4,33103
 2015-08-31T06:00:00.000Z,7.1,260.4,409,3.7,25452
 2015-08-31T07:00:00.000Z,7.1,260.4,401,3.3,43793
 2015-08-31T08:00:00.000Z,7.2,260.5,405,3.7,38633
 2015-08-31T09:00:00.000Z,7.2,260.5,392,3.9,47600
 2015-08-31T10:00:00.000Z,7.2,260.5,390,4.3,45884
 2015-08-31T11:00:00.000Z,7.2,260.6,374,3.9,48890
 2015-08-31T12:00:00.000Z,7.2,260.6,383,4,31605
 2015-08-31T13:00:00.000Z,7.2,260.7,398,4,33249
 2015-08-31T14:00:00.000Z,7.2,260.7,388,4.3,37728
 2015-08-31T15:00:00.000Z,7.2,260.7,377,4.8,50871
 2015-08-31T16:00:00.000Z,7.2,260.8,377,4.3,47921
 2015-08-31T17:00:00.000Z,7.2,260.8,379,4.2,46603
 2015-08-31T18:00:00.000Z,7.2,260.9,376,4.1,46598
 2015-08-31T19:00:00.000Z,7.2,260.9,374,4.6,54254
 2015-08-31T20:00:00.000Z,7.2,260.9,368,4.4,61144
 2015-08-31T21:00:00.000Z,7.2,261,369,4.7,59014
 2015-08-31T22:00:00.000Z,7.2,261,375,5,63704
 2015-08-31T23:00:00.000Z,7.2,261.1,374,5.6,61707
 2015-09-01T00:00:00.000Z,7.2,261.1,362,5.5,63348
 2015-09-01T01:00:00.000Z,7.2,261.1,356,5.7,63749
 2015-09-01T02:00:00.000Z,7.2,261.2,364,6.2,61686
 2015-09-01T03:00:00.000Z,7.2,261.2,368,6,60175
 2015-09-01T04:00:00.000Z,7.2,261.3,367,6,58775
 2015-09-01T05:00:00.000Z,7.2,261.3,371,6.4,54669
 2015-09-01T06:00:00.000Z,7.2,261.3,368,6.6,57660
 2015-09-01T07:00:00.000Z,7.2,261.4,377,6.4,53777
 2015-09-01T08:00:00.000Z,7.2,261.4,359,6.4,53346
 2015-09-01T09:00:00.000Z,7.2,261.5,359,6.2,49773
 2015-09-01T10:00:00.000Z,7.2,261.5,352,6.2,48086
 2015-09-01T11:00:00.000Z,7.2,261.5,346,6,44790
 2015-09-01T12:00:00.000Z,7.2,261.6,344,5.8,35932
 2015-09-01T13:00:00.000Z,7.2,261.6,348,5.3,34148
 2015-09-01T14:00:00.000Z,7.2,261.7,348,5.4,35758
 2015-09-01T15:00:00.000Z,7.2,261.7,347,5.7,46694
 2015-09-01T16:00:00.000Z,7.2,261.8,361,6.3,51616
 2015-09-01T17:00:00.000Z,7.2,261.8,367,6.9,53156
 2015-09-01T18:00:00.000Z,7.2,261.8,366,7.2,68661
 2015-09-01T19:00:00.000Z,7.2,261.9,361,7.3,63333
 2015-09-01T20:00:00.000Z,7.2,261.9,350,6.4,54218
 2015-09-01T21:00:00.000Z,7.2,262,352,6.5,55603
 2015-09-01T22:00:00.000Z,7.2,262,354,7.3,49935
 2015-09-01T23:00:00.000Z,7.2,262,344,6.5,43385
 2015-09-02T00:00:00.000Z,7.2,262.1,346,6.7,38241
 2015-09-02T01:00:00.000Z,7.2,262.1,345,7,29445
 2015-09-02T02:00:00.000Z,7.2,262.2,351,9.1,25697
 2015-09-02T03:00:00.000Z,7.2,262.2,356,9.9,30338
 2015-09-02T04:00:00.000Z,7.2,262.2,357,9.8,30907
 2015-09-02T05:00:00.000Z,7.2,262.3,349,7.2,27301
 2015-09-02T06:00:00.000Z,7.2,262.3,350,6.4,24749
 2015-09-02T07:00:00.000Z,7.2,262.4,384,6.2,30196
 2015-09-02T08:00:00.000Z,7.2,262.4,388,5.2,25493
 2015-09-02T09:00:00.000Z,7.2,262.4,384,5.5,32224
 2015-09-02T10:00:00.000Z,7.2,262.5,377,7.3,31066
 2015-09-02T11:00:00.000Z,7.2,262.5,386,9.3,25842
 2015-09-02T12:00:00.000Z,7.2,262.6,386,9.5,26752
 2015-09-02T13:00:00.000Z,7.2,262.6,391,10.7,23145
 2015-09-02T14:00:00.000Z,7.2,262.6,374,8.3,32685
 2015-09-02T15:00:00.000Z,7.2,262.7,377,11,34671
 2015-09-02T16:00:00.000Z,7.2,262.7,384,16.3,25603
 2015-09-02T17:00:00.000Z,7.2,262.8,391,17.6,25991
 2015-09-02T18:00:00.000Z,7.2,262.8,413,4.7,65618
 2015-09-02T19:00:00.000Z,7.2,262.8,416,4.3,71283
 2015-09-02T20:00:00.000Z,7.2,262.9,418,4.9,62619
 2015-09-02T21:00:00.000Z,7.2,262.9,415,4.9,57117
 2015-09-02T22:00:00.000Z,7.2,263,414,4.9,39463
 2015-09-02T23:00:00.000Z,7.2,263,412,4.9,35401
 2015-09-03T00:00:00.000Z,7.2,263.1,401,4.2,28975
 2015-09-03T01:00:00.000Z,7.2,263.1,405,4.5,32604
 2015-09-03T02:00:00.000Z,7.2,263.1,404,5.2,42793
 2015-09-03T03:00:00.000Z,7.2,263.2,413,5.1,61812
 2015-09-03T04:00:00.000Z,7.2,263.2,416,6.2,87514
 2015-09-03T05:00:00.000Z,7.2,263.3,415,5.4,73160
 2015-09-03T06:00:00.000Z,7.2,263.3,411,5.1,74161
 2015-09-03T07:00:00.000Z,7.2,263.3,423,5.6,78030
 2015-09-03T08:00:00.000Z,7.2,263.4,425,5,79430
 2015-09-03T09:00:00.000Z,7.2,263.4,428,4.5,81171
 2015-09-03T10:00:00.000Z,7.2,263.5,441,5.4,103636
 2015-09-03T11:00:00.000Z,7.2,263.5,447,5.9,116260
 2015-09-03T12:00:00.000Z,7.2,263.5,449,4.8,88132
 2015-09-03T13:00:00.000Z,7.2,263.6,438,6.6,83578
 2015-09-03T14:00:00.000Z,7.2,263.6,426,10.5,71831
 2015-09-03T15:00:00.000Z,7.2,263.7,427,11.4,63737
 2015-09-03T16:00:00.000Z,7.2,263.7,424,13.3,64282
 2015-09-03T17:00:00.000Z,7.2,263.7,427,12.5,87909
 2015-09-03T18:00:00.000Z,7.2,263.8,417,9.8,101706
 2015-09-03T19:00:00.000Z,7.2,263.8,402,8.2,102892
 2015-09-03T20:00:00.000Z,7.2,263.9,403,6.7,114984
 2015-09-03T21:00:00.000Z,7.2,263.9,417,12.2,123642
 2015-09-03T22:00:00.000Z,7.2,263.9,412,10.4,164799
 2015-09-03T23:00:00.000Z,7.2,264,433,9.4,189985
 2015-09-04T00:00:00.000Z,7.2,264,438,12.4,234782
 2015-09-04T01:00:00.000Z,7.2,264.1,454,11.6,225195
 2015-09-04T02:00:00.000Z,7.2,264.1,470,6.5,196388
 2015-09-04T03:00:00.000Z,7.2,264.1,483,5.3,192374
 2015-09-04T04:00:00.000Z,7.2,264.2,475,5.1,153353
 2015-09-04T05:00:00.000Z,7.2,264.2,482,5.3,174850
 2015-09-04T06:00:00.000Z,7.2,264.3,523,6,157915
 2015-09-04T07:00:00.000Z,7.2,264.3,443,5.5,152001
 2015-09-04T08:00:00.000Z,7.2,264.4,450,6.5,168639
 2015-09-04T09:00:00.000Z,7.2,264.4,465,8.2,195333
 2015-09-04T10:00:00.000Z,7.2,264.4,461,8.4,211594
 2015-09-04T11:00:00.000Z,7.2,264.5,456,8.2,204366
 2015-09-04T12:00:00.000Z,7.2,264.5,450,8,186321
 2015-09-04T13:00:00.000Z,7.2,264.6,435,6.2,203190
 2015-09-04T14:00:00.000Z,7.2,264.6,448,6.3,210602
 2015-09-04T15:00:00.000Z,7.2,264.6,478,6.1,185309
 2015-09-04T16:00:00.000Z,7.2,264.7,502,4.8,178534
 2015-09-04T17:00:00.000Z,7.2,264.7,496,4.5,189815
 2015-09-04T18:00:00.000Z,7.2,264.8,492,4.3,168179
 2015-09-04T19:00:00.000Z,7.2,264.8,479,4,175464
 2015-09-04T20:00:00.000Z,7.2,264.8,474,3.9,160236
 2015-09-04T21:00:00.000Z,7.2,264.9,477,4.1,116153
 2015-09-04T22:00:00.000Z,7.2,264.9,478,4.2,100933
 2015-09-04T23:00:00.000Z,7.2,265,483,4.3,93350
 2015-09-05T00:00:00.000Z,7.2,265,482,4.2,87922
 2015-09-05T01:00:00.000Z,7.2,265,480,4.1,83236
 2015-09-05T02:00:00.000Z,7.2,265.1,483,4.1,90316
 2015-09-05T03:00:00.000Z,7.2,265.1,479,4.5,117546
 2015-09-05T04:00:00.000Z,7.2,265.2,490,4.5,125908
 2015-09-05T05:00:00.000Z,7.2,265.2,499,4.6,134940
 2015-09-05T06:00:00.000Z,7.2,265.2,470,4,128826
 2015-09-05T07:00:00.000Z,7.2,265.3,464,3.8,102896
 2015-09-05T08:00:00.000Z,7.2,265.3,462,3.8,93732
 2015-09-05T09:00:00.000Z,7.2,265.4,470,4,104980
 2015-09-05T10:00:00.000Z,7.2,265.4,468,4,100261
 2015-09-05T11:00:00.000Z,7.2,265.5,454,3.7,85517
 2015-09-05T12:00:00.000Z,7.2,265.5,453,3.7,74856
 2015-09-05T13:00:00.000Z,7.2,265.5,444,3.9,70721
 2015-09-05T14:00:00.000Z,7.2,265.6,459,4.2,75304
 2015-09-05T15:00:00.000Z,7.2,265.6,458,4,76488
 2015-09-05T16:00:00.000Z,7.2,265.7,466,4.1,83565
 2015-09-05T17:00:00.000Z,7.2,265.7,462,4.2,90830
 2015-09-05T18:00:00.000Z,7.2,265.7,454,4.2,104527
 2015-09-05T19:00:00.000Z,7.2,265.8,478,4.7,112728
 2015-09-05T20:00:00.000Z,7.2,265.8,464,4.5,101825
 2015-09-05T21:00:00.000Z,7.2,265.9,461,4.9,115926
 2015-09-05T22:00:00.000Z,7.2,265.9,452,5.2,135795
 2015-09-05T23:00:00.000Z,7.2,265.9,442,4.7,133259
 2015-09-06T00:00:00.000Z,7.2,266,448,5.2,134497
 2015-09-06T01:00:00.000Z,7.2,266,426,4.6,121429
 2015-09-06T02:00:00.000Z,7.2,266.1,456,5.7,132520
 2015-09-06T03:00:00.000Z,7.2,266.1,434,5.7,116692
 2015-09-06T04:00:00.000Z,7.2,266.1,447,6.2,112395
 2015-09-06T05:00:00.000Z,7.2,266.2,452,6.3,129660
 2015-09-06T06:00:00.000Z,7.2,266.2,442,6.3,125405
 2015-09-06T07:00:00.000Z,7.2,266.3,441,6.1,124564
 2015-09-06T08:00:00.000Z,7.2,266.3,424,4.8,98355
 2015-09-06T09:00:00.000Z,7.2,266.3,442,4.5,107929
 2015-09-06T10:00:00.000Z,7.2,266.4,459,5.1,144394
 2015-09-06T11:00:00.000Z,7.2,266.4,458,5.4,156937
 2015-09-06T12:00:00.000Z,7.2,266.5,491,5.7,153517
 2015-09-06T13:00:00.000Z,7.2,266.5,468,5.3,155147
 2015-09-06T14:00:00.000Z,7.2,266.6,482,4.9,131386
 2015-09-06T15:00:00.000Z,7.2,266.6,486,5.1,159931
 2015-09-06T16:00:00.000Z,7.2,266.6,473,4.3,133376
 2015-09-06T17:00:00.000Z,7.2,266.7,481,4.9,148135
 2015-09-06T18:00:00.000Z,7.2,266.7,495,5.1,174362
 2015-09-06T19:00:00.000Z,7.2,266.8,487,5.7,156056
 2015-09-06T20:00:00.000Z,7.2,266.8,486,5.7,154024
 2015-09-06T21:00:00.000Z,7.2,266.8,474,6.1,136889
 2015-09-06T22:00:00.000Z,7.2,266.9,466,5.3,115852
 2015-09-06T23:00:00.000Z,7.2,266.9,487,5.6,118249
 2015-09-07T00:00:00.000Z,7.2,267,502,5.9,140894
 2015-09-07T01:00:00.000Z,7.2,267,499,6.6,165023
 2015-09-07T02:00:00.000Z,7.2,267,480,5.8,156922
 2015-09-07T03:00:00.000Z,7.2,267.1,498,5.8,157784
 2015-09-07T04:00:00.000Z,7.2,267.1,486,5.8,152295
 2015-09-07T05:00:00.000Z,7.2,267.2,475,5.4,152201
 2015-09-07T06:00:00.000Z,7.2,267.2,478,5.7,158646
 2015-09-07T07:00:00.000Z,7.2,267.2,486,6.2,163011
 2015-09-07T08:00:00.000Z,7.2,267.3,486,5.8,151859
 2015-09-07T09:00:00.000Z,7.2,267.3,486,6,141719
 2015-09-07T10:00:00.000Z,7.2,267.4,489,6.1,148131
 2015-09-07T11:00:00.000Z,7.2,267.4,503,6.2,162429
 2015-09-07T12:00:00.000Z,7.2,267.4,494,6.5,181955
 2015-09-07T13:00:00.000Z,7.2,267.5,514,7.2,212702
 2015-09-07T14:00:00.000Z,7.2,267.5,563,5.5,224745
 2015-09-07T15:00:00.000Z,7.2,267.6,588,4.2,219177
 2015-09-07T16:00:00.000Z,7.2,267.6,576,6.3,224035
 2015-09-07T17:00:00.000Z,7.2,267.7,602,6,196834
 2015-09-07T18:00:00.000Z,7.2,267.7,586,6.5,171256
 2015-09-07T19:00:00.000Z,7.2,267.7,584,8.4,129655
 2015-09-07T20:00:00.000Z,7.2,267.8,593,7.8,108775
 2015-09-07T21:00:00.000Z,7.2,267.8,586,5.9,90955
 2015-09-07T22:00:00.000Z,7.2,267.9,577,4.6,84966
 2015-09-07T23:00:00.000Z,7.2,267.9,569,3.8,61308
 2015-09-08T00:00:00.000Z,7.2,267.9,570,7.1,22174
 2015-09-08T01:00:00.000Z,7.2,268,565,12.2,34483
 2015-09-08T02:00:00.000Z,7.2,268,555,18.2,22364
 2015-09-08T03:00:00.000Z,7.2,268.1,551,10.3,13667
 2015-09-08T04:00:00.000Z,7.2,268.1,546,12.1,19521
 2015-09-08T05:00:00.000Z,7.2,268.1,538,17.2,21884
 2015-09-08T06:00:00.000Z,7.2,268.2,539,12,21927
 2015-09-08T07:00:00.000Z,7.2,268.2,527,16.4,22281
 2015-09-08T08:00:00.000Z,7.2,268.3,527,9.9,36969
 2015-09-08T09:00:00.000Z,7.2,268.3,516,8.6,25844
 2015-09-08T10:00:00.000Z,7.2,268.3,506,10.6,22268
 2015-09-08T11:00:00.000Z,7.2,268.4,504,10.9,25093
 2015-09-08T12:00:00.000Z,7.2,268.4,503,14.1,16841
 2015-09-08T13:00:00.000Z,7.2,268.5,489,16.1,13489
 2015-09-08T14:00:00.000Z,7.2,268.5,481,16,18861
 2015-09-08T15:00:00.000Z,7.2,268.5,477,13.6,11018
 2015-09-08T16:00:00.000Z,7.2,268.6,474,19.4,11789
 2015-09-08T17:00:00.000Z,7.2,268.6,466,18.2,10257
 2015-09-08T18:00:00.000Z,7.2,268.7,459,13.9,8228
 2015-09-08T19:00:00.000Z,7.2,268.7,457,14.9,8491
 2015-09-08T20:00:00.000Z,7.2,268.8,449,16.2,8172
 2015-09-08T21:00:00.000Z,7.2,268.8,445,13.9,7265
 2015-09-08T22:00:00.000Z,7.2,268.8,443,10.8,6817
 2015-09-08T23:00:00.000Z,7.2,268.9,441,12.2,7105
 2015-09-09T00:00:00.000Z,7.2,268.9,436,10.5,18347
 2015-09-09T01:00:00.000Z,7.2,269,433,10,15054
 2015-09-09T02:00:00.000Z,7.2,269,428,8.9,15983
 2015-09-09T03:00:00.000Z,7.2,269,430,10.7,12254
 2015-09-09T04:00:00.000Z,7.2,269.1,433,14,8717
 2015-09-09T05:00:00.000Z,7.2,269.1,433,7.3,11261
 2015-09-09T06:00:00.000Z,7.2,269.2,422,6.4,14534
 2015-09-09T07:00:00.000Z,7.2,269.2,421,15,16396
 2015-09-09T08:00:00.000Z,7.2,269.2,417,7.5,20764
 2015-09-09T09:00:00.000Z,7.2,269.3,414,14,10834
 2015-09-09T10:00:00.000Z,7.2,269.3,408,18.6,9021
 2015-09-09T11:00:00.000Z,7.2,269.4,410,11,11515
 2015-09-09T12:00:00.000Z,7.2,269.4,408,12,28396
 2015-09-09T13:00:00.000Z,7.2,269.4,404,8.6,28657
 2015-09-09T14:00:00.000Z,7.2,269.5,409,9.3,34191
 2015-09-09T15:00:00.000Z,7.2,269.5,416,9.9,38135
 2015-09-09T16:00:00.000Z,7.2,269.6,413,9.8,51237
 2015-09-09T17:00:00.000Z,7.2,269.6,415,8.3,30062
 2015-09-09T18:00:00.000Z,7.2,269.6,414,9.4,27211
 2015-09-09T19:00:00.000Z,7.2,269.7,422,10.6,29576
 2015-09-09T20:00:00.000Z,7.2,269.7,433,10.6,31123
 2015-09-09T21:00:00.000Z,7.3,269.8,435,11.1,49617
 2015-09-09T22:00:00.000Z,7.3,269.8,440,10.6,54758
 2015-09-09T23:00:00.000Z,7.3,269.9,439,10.5,60129
 2015-09-10T00:00:00.000Z,7.3,269.9,439,9.8,58120
 2015-09-10T01:00:00.000Z,7.3,269.9,433,8.9,57447
 2015-09-10T02:00:00.000Z,7.3,270,408,8.1,63823
 2015-09-10T03:00:00.000Z,7.3,270,400,7.5,54918
 2015-09-10T04:00:00.000Z,7.3,270.1,400,6.7,49389
 2015-09-10T05:00:00.000Z,7.3,270.1,392,6.5,56446
 2015-09-10T06:00:00.000Z,7.3,270.1,384,6.4,66258
 2015-09-10T07:00:00.000Z,7.3,270.2,385,6.7,70352
 2015-09-10T08:00:00.000Z,7.3,270.2,385,7,68167
 2015-09-10T09:00:00.000Z,7.2,270.3,415,8.3,59447
 2015-09-10T10:00:00.000Z,7.2,270.3,417,9.3,58607
 2015-09-10T11:00:00.000Z,7.2,270.3,417,10.2,60658
 2015-09-10T12:00:00.000Z,7.2,270.4,421,12.4,63641
 2015-09-10T13:00:00.000Z,7.2,270.4,434,17.1,70310
 2015-09-10T14:00:00.000Z,7.2,270.5,427,16.1,75762
 2015-09-10T15:00:00.000Z,7.2,270.5,417,17,79124
 2015-09-10T16:00:00.000Z,7.2,270.5,431,26.6,74963
 2015-09-10T17:00:00.000Z,7.2,270.6,426,30,76958
 2015-09-10T18:00:00.000Z,7.2,270.6,410,34.9,69710
 2015-09-10T19:00:00.000Z,7.2,270.7,407,26.1,59202
 2015-09-10T20:00:00.000Z,7.2,270.7,413,34.5,43470
 2015-09-10T21:00:00.000Z,7.2,270.8,409,44.6,46923
 2015-09-10T22:00:00.000Z,7.2,270.8,401,32.7,62276
 2015-09-10T23:00:00.000Z,7.2,270.8,397,24.8,68769
 2015-09-11T00:00:00.000Z,7.2,270.9,415,21.5,88338
 2015-09-11T01:00:00.000Z,7.2,270.9,445,13.8,154278
 2015-09-11T02:00:00.000Z,7.2,271,458,13.1,159110
 2015-09-11T03:00:00.000Z,7.2,271,464,12.2,169785
 2015-09-11T04:00:00.000Z,7.2,271,462,15.1,201233
 2015-09-11T05:00:00.000Z,7.2,271.1,448,15.7,199914
 2015-09-11T06:00:00.000Z,7.2,271.1,442,16.1,191650
 2015-09-11T07:00:00.000Z,7.2,271.2,475,13.2,198333
 2015-09-11T08:00:00.000Z,7.2,271.2,547,8.5,293935
 2015-09-11T09:00:00.000Z,7.2,271.2,587,11.1,396474
 2015-09-11T10:00:00.000Z,7.2,271.3,601,7.6,332438
 2015-09-11T11:00:00.000Z,7.2,271.3,612,6.5,297348
 2015-09-11T12:00:00.000Z,7.2,271.4,641,5.5,261691
 2015-09-11T13:00:00.000Z,7.2,271.4,619,5.3,246493
 2015-09-11T14:00:00.000Z,7.2,271.4,617,5.6,250797
 2015-09-11T15:00:00.000Z,7.2,271.5,619,6.1,275393
 2015-09-11T16:00:00.000Z,7.2,271.5,625,6.5,260650
 2015-09-11T17:00:00.000Z,7.2,271.6,613,6.1,268870
 2015-09-11T18:00:00.000Z,7.2,271.6,617,6,255846
 2015-09-11T19:00:00.000Z,7.2,271.6,615,6.3,264066
 2015-09-11T20:00:00.000Z,7.2,271.7,617,7.9,286075
 2015-09-11T21:00:00.000Z,7.2,271.7,613,8,301862
 2015-09-11T22:00:00.000Z,7.2,271.8,607,6.6,281377
 2015-09-11T23:00:00.000Z,7.2,271.8,617,4.3,201988
 2015-09-12T00:00:00.000Z,7.2,271.9,618,3.8,181282
 2015-09-12T01:00:00.000Z,7.2,271.9,587,3.5,192772
 2015-09-12T02:00:00.000Z,7.2,271.9,566,3.3,215695
 2015-09-12T03:00:00.000Z,7.2,272,570,3.3,204049
 2015-09-12T04:00:00.000Z,7.2,272,573,3.4,154440
 2015-09-12T05:00:00.000Z,7.2,272.1,561,3.6,190203
 2015-09-12T06:00:00.000Z,7.2,272.1,549,3.3,168531
 2015-09-12T07:00:00.000Z,7.2,272.1,544,3.1,169092
 2015-09-12T08:00:00.000Z,7.2,272.2,562,3.7,170693
 2015-09-12T09:00:00.000Z,7.2,272.2,558,3.4,165989
 2015-09-12T10:00:00.000Z,7.2,272.3,555,3.5,173652
 2015-09-12T11:00:00.000Z,7.2,272.3,542,3.6,176080
 2015-09-12T12:00:00.000Z,7.2,272.3,547,3.6,168855
 2015-09-12T13:00:00.000Z,7.2,272.4,544,3.4,150004
 2015-09-12T14:00:00.000Z,7.2,272.4,542,3.5,155043
 2015-09-12T15:00:00.000Z,7.2,272.5,559,3.6,107815
 2015-09-12T16:00:00.000Z,7.2,272.5,524,3.5,107273
 2015-09-12T17:00:00.000Z,7.2,272.5,517,3.4,102414
 2015-09-12T18:00:00.000Z,7.2,272.6,511,3.1,104803
 2015-09-12T19:00:00.000Z,7.2,272.6,505,3.3,96396
 2015-09-12T20:00:00.000Z,7.2,272.7,502,3.4,94495
 2015-09-12T21:00:00.000Z,7.2,272.7,505,3.8,81640
 2015-09-12T22:00:00.000Z,7.2,272.8,505,3.7,78398
 2015-09-12T23:00:00.000Z,7.2,272.8,492,3.8,95130
 2015-09-13T00:00:00.000Z,7.2,272.8,487,3.5,76762
 2015-09-13T01:00:00.000Z,7.2,272.9,480,3.9,77228
 2015-09-13T02:00:00.000Z,7.2,272.9,475,4,79481
 2015-09-13T03:00:00.000Z,7.2,273,468,4.5,73320
 2015-09-13T04:00:00.000Z,7.2,273,461,4.5,73090
 2015-09-13T05:00:00.000Z,7.2,273,459,4.5,81718
 2015-09-13T06:00:00.000Z,7.2,273.1,460,5.3,83447
 2015-09-13T07:00:00.000Z,7.2,273.1,463,5.1,72724
 2015-09-13T08:00:00.000Z,7.2,273.2,469,5,48913
 2015-09-13T09:00:00.000Z,7.2,273.2,460,5.4,62460
 2015-09-13T10:00:00.000Z,7.2,273.2,465,5.5,59703
 2015-09-13T11:00:00.000Z,7.2,273.3,475,5.6,51306
 2015-09-13T12:00:00.000Z,7.2,273.3,480,5.3,47700
 2015-09-13T13:00:00.000Z,7.2,273.4,479,5.2,41645
 2015-09-13T14:00:00.000Z,7.2,273.4,472,5.2,37404
 2015-09-13T15:00:00.000Z,7.2,273.4,466,5.2,35268
 2015-09-13T16:00:00.000Z,7.2,273.5,460,5.7,44701
 2015-09-13T17:00:00.000Z,7.2,273.5,458,5.3,71244
 2015-09-13T18:00:00.000Z,7.2,273.6,458,4.8,84552
 2015-09-13T19:00:00.000Z,7.2,273.6,449,5.5,92448
 2015-09-13T20:00:00.000Z,7.2,273.7,445,6.2,93432
 2015-09-13T21:00:00.000Z,7.2,273.7,444,5.5,104643
 2015-09-13T22:00:00.000Z,7.2,273.7,441,5.1,95287
 2015-09-13T23:00:00.000Z,7.2,273.8,439,5.1,90235
 2015-09-14T00:00:00.000Z,7.2,273.8,439,5.2,84006
 2015-09-14T01:00:00.000Z,7.2,273.9,422,4.6,77902
 2015-09-14T02:00:00.000Z,7.2,273.9,424,5.2,83101
 2015-09-14T03:00:00.000Z,7.2,273.9,434,6.1,95614
 2015-09-14T04:00:00.000Z,7.2,274,441,7,91101
 2015-09-14T05:00:00.000Z,7.2,274,426,6.8,86253
 2015-09-14T06:00:00.000Z,7.2,274.1,423,6.5,82566
 2015-09-14T07:00:00.000Z,7.2,274.1,418,5.5,57446
 2015-09-14T08:00:00.000Z,7.2,274.1,406,4.7,43378
 2015-09-14T09:00:00.000Z,7.2,274.2,439,6.1,69093
 2015-09-14T10:00:00.000Z,7.2,274.2,457,8.3,108899
 2015-09-14T11:00:00.000Z,7.2,274.3,481,6.9,187870
 2015-09-14T12:00:00.000Z,7.2,274.3,489,6.9,197035
 2015-09-14T13:00:00.000Z,7.2,274.3,489,6,199811
 2015-09-14T14:00:00.000Z,7.2,274.4,497,5.5,153803
 2015-09-14T15:00:00.000Z,7.2,274.4,482,4.9,158743
 2015-09-14T16:00:00.000Z,7.2,274.5,492,5.1,157465
 2015-09-14T17:00:00.000Z,7.2,274.5,492,4.3,130964
 2015-09-14T18:00:00.000Z,7.2,274.6,481,3.6,117908
 2015-09-14T19:00:00.000Z,7.2,274.6,509,3.6,120571
 2015-09-14T20:00:00.000Z,7.2,274.6,523,4.3,129158
 2015-09-14T21:00:00.000Z,7.2,274.7,508,3.4,95083
 2015-09-14T22:00:00.000Z,7.2,274.7,507,3.5,145676
 2015-09-14T23:00:00.000Z,7.2,274.8,513,3.4,117222
 2015-09-15T00:00:00.000Z,7.2,274.8,506,3.7,94058
