EPOCH_TIME_yyyy-mm-ddThh:mm:ss.sssZ,HELIOGRAPHIC_LATITUDE_deg,HELIOGRAPHIC_LONGITUDE_deg,BULK_FLOW_SPEED_km/s,ION_DENSITY_N/cm3
 2015-01-01T23:00:00.000Z,-3,24,439,5.3
 2015-01-02T00:00:00.000Z,-3,24,433,4.9
 2015-01-02T01:00:00.000Z,-3,24.1,432,4.9
 2015-01-02T02:00:00.000Z,-3,24.1,433,4.3
 2015-01-02T03:00:00.000Z,-3,24.1,433,5.2
 2015-01-02T04:00:00.000Z,-3,24.2,430,5.5
 2015-01-02T05:00:00.000Z,-3,24.2,414,5.6
 2015-01-02T06:00:00.000Z,-3,24.3,415,5.5
 2015-01-02T07:00:00.000Z,-3,24.3,431,7.6
 2015-01-02T08:00:00.000Z,-3,24.3,435,9.6
 2015-01-02T09:00:00.000Z,-3,24.4,456,10.3
 2015-01-02T10:00:00.000Z,-3,24.4,465,11.5
 2015-01-02T11:00:00.000Z,-3,24.5,445,12.5
 2015-01-02T12:00:00.000Z,-3,24.5,433,13.6
 2015-01-02T13:00:00.000Z,-3,24.6,432,14.6
 2015-01-02T14:00:00.000Z,-3,24.6,417,15.8
 2015-01-02T15:00:00.000Z,-3,24.6,420,14.2
 2015-01-02T16:00:00.000Z,-3,24.7,425,10.4
 2015-01-02T17:00:00.000Z,-3,24.7,412,10.9
 2015-01-02T18:00:00.000Z,-3.1,24.8,396,10.2
 2015-01-02T19:00:00.000Z,-3.1,24.8,386,10.9
 2015-01-02T20:00:00.000Z,-3.1,24.9,382,14.4
 2015-01-02T21:00:00.000Z,-3.1,24.9,383,18.5
 2015-01-02T22:00:00.000Z,-3.1,24.9,381,23.2
 2015-01-02T23:00:00.000Z,-3.1,25,378,28.3
 2015-01-03T00:00:00.000Z,-3.1,25,379,33
 2015-01-03T01:00:00.000Z,-3.1,25.1,382,20.3
 2015-01-03T02:00:00.000Z,-3.1,25.1,429,13.2
 2015-01-03T03:00:00.000Z,-3.1,25.2,432,9.7
 2015-01-03T04:00:00.000Z,-3.1,25.2,431,19.3
 2015-01-03T05:00:00.000Z,-3.1,25.2,438,14.3
 2015-01-03T06:00:00.000Z,-3.1,25.3,450,11.6
 2015-01-03T07:00:00.000Z,-3.1,25.3,454,9.2
 2015-01-03T08:00:00.000Z,-3.1,25.4,476,7.1
 2015-01-03T09:00:00.000Z,-3.1,25.4,468,6.5
 2015-01-03T10:00:00.000Z,-3.1,25.4,480,6.8
 2015-01-03T11:00:00.000Z,-3.1,25.5,448,5.9
 2015-01-03T12:00:00.000Z,-3.1,25.5,441,6.5
 2015-01-03T13:00:00.000Z,-3.1,25.6,443,6.1
 2015-01-03T14:00:00.000Z,-3.1,25.6,456,5
 2015-01-03T15:00:00.000Z,-3.2,25.7,459,3.8
 2015-01-03T16:00:00.000Z,-3.2,25.7,459,3.6
 2015-01-03T17:00:00.000Z,-3.2,25.7,455,3.7
 2015-01-03T18:00:00.000Z,-3.2,25.8,459,3.9
 2015-01-03T19:00:00.000Z,-3.2,25.8,462,4.4
 2015-01-03T20:00:00.000Z,-3.2,25.9,459,4.5
 2015-01-03T21:00:00.000Z,-3.2,25.9,463,4
 2015-01-03T22:00:00.000Z,-3.2,26,456,4.1
 2015-01-03T23:00:00.000Z,-3.2,26,450,4.1
 2015-01-04T00:00:00.000Z,-3.2,26,448,4.3
 2015-01-04T01:00:00.000Z,-3.2,26.1,440,4.4
 2015-01-04T02:00:00.000Z,-3.2,26.1,435,3.6
 2015-01-04T03:00:00.000Z,-3.2,26.2,430,4.7
 2015-01-04T04:00:00.000Z,-3.2,26.2,425,5.2
 2015-01-04T05:00:00.000Z,-3.2,26.3,433,6
 2015-01-04T06:00:00.000Z,-3.2,26.3,428,7.2
 2015-01-04T07:00:00.000Z,-3.2,26.3,391,6.6
 2015-01-04T08:00:00.000Z,-3.2,26.4,397,8.2
 2015-01-04T09:00:00.000Z,-3.2,26.4,406,7
 2015-01-04T10:00:00.000Z,-3.2,26.5,400,8.5
 2015-01-04T11:00:00.000Z,-3.2,26.5,401,10
 2015-01-04T12:00:00.000Z,-3.3,26.5,409,11.7
 2015-01-04T13:00:00.000Z,-3.3,26.6,416,9.7
 2015-01-04T14:00:00.000Z,-3.3,26.6,401,6.9
 2015-01-04T15:00:00.000Z,-3.3,26.7,400,7.3
 2015-01-04T16:00:00.000Z,-3.3,26.7,397,6.8
 2015-01-04T17:00:00.000Z,-3.3,26.8,391,7.1
 2015-01-04T18:00:00.000Z,-3.3,26.8,388,6
 2015-01-04T19:00:00.000Z,-3.3,26.8,401,9
 2015-01-04T20:00:00.000Z,-3.3,26.9,410,11.6
 2015-01-04T21:00:00.000Z,-3.3,26.9,395,11.5
 2015-01-04T22:00:00.000Z,-3.3,27,388,12.1
 2015-01-04T23:00:00.000Z,-3.3,27,421,12.2
 2015-01-05T00:00:00.000Z,-3.3,27.1,398,10.5
 2015-01-05T01:00:00.000Z,-3.3,27.1,453,10.6
 2015-01-05T02:00:00.000Z,-3.3,27.1,471,8.3
 2015-01-05T03:00:00.000Z,-3.3,27.2,477,6.7
 2015-01-05T04:00:00.000Z,-3.3,27.2,471,5.4
 2015-01-05T05:00:00.000Z,-3.3,27.3,468,5.9
 2015-01-05T06:00:00.000Z,-3.3,27.3,499,4.9
 2015-01-05T07:00:00.000Z,-3.3,27.3,513,4.9
 2015-01-05T08:00:00.000Z,-3.3,27.4,485,4.9
 2015-01-05T09:00:00.000Z,-3.4,27.4,488,5.1
 2015-01-05T10:00:00.000Z,-3.4,27.5,515,5.1
 2015-01-05T11:00:00.000Z,-3.4,27.5,481,5.1
 2015-01-05T12:00:00.000Z,-3.4,27.6,487,4.5
 2015-01-05T13:00:00.000Z,-3.4,27.6,507,4.8
 2015-01-05T14:00:00.000Z,-3.4,27.6,527,4.6
 2015-01-05T15:00:00.000Z,-3.4,27.7,518,4.2
 2015-01-05T16:00:00.000Z,-3.4,27.7,493,3.6
 2015-01-05T17:00:00.000Z,-3.4,27.8,494,3.5
 2015-01-05T18:00:00.000Z,-3.4,27.8,516,3.7
 2015-01-05T19:00:00.000Z,-3.4,27.9,516,3.6
 2015-01-05T20:00:00.000Z,-3.4,27.9,522,3.6
 2015-01-05T21:00:00.000Z,-3.4,27.9,530,3.5
 2015-01-05T22:00:00.000Z,-3.4,28,521,3.7
 2015-01-05T23:00:00.000Z,-3.4,28,496,3.4
 2015-01-06T00:00:00.000Z,-3.4,28.1,484,3.2
 2015-01-06T01:00:00.000Z,-3.4,28.1,487,2.8
 2015-01-06T02:00:00.000Z,-3.4,28.2,458,2.9
 2015-01-06T03:00:00.000Z,-3.4,28.2,455,3.1
 2015-01-06T04:00:00.000Z,-3.4,28.2,460,4.3
 2015-01-06T05:00:00.000Z,-3.4,28.3,476,5.9
 2015-01-06T06:00:00.000Z,-3.5,28.3,493,5.7
 2015-01-06T07:00:00.000Z,-3.5,28.4,496,5.2
 2015-01-06T08:00:00.000Z,-3.5,28.4,519,5.3
 2015-01-06T09:00:00.000Z,-3.5,28.4,512,5.8
 2015-01-06T10:00:00.000Z,-3.5,28.5,513,5.8
 2015-01-06T11:00:00.000Z,-3.5,28.5,507,5.3
 2015-01-06T12:00:00.000Z,-3.5,28.6,500,5
 2015-01-06T13:00:00.000Z,-3.5,28.6,516,6.9
 2015-01-06T14:00:00.000Z,-3.5,28.7,507,7
 2015-01-06T15:00:00.000Z,-3.5,28.7,512,7
 2015-01-06T16:00:00.000Z,-3.5,28.7,496,9.6
 2015-01-06T17:00:00.000Z,-3.5,28.8,499,8.5
 2015-01-06T18:00:00.000Z,-3.5,28.8,484,4.5
 2015-01-06T19:00:00.000Z,-3.5,28.9,481,9
 2015-01-06T20:00:00.000Z,-3.5,28.9,486,9
 2015-01-06T21:00:00.000Z,-3.5,29,484,5.6
 2015-01-06T22:00:00.000Z,-3.5,29,467,3.5
 2015-01-06T23:00:00.000Z,-3.5,29,457,5.6
 2015-01-07T00:00:00.000Z,-3.5,29.1,454,6.9
 2015-01-07T01:00:00.000Z,-3.5,29.1,446,13.3
 2015-01-07T02:00:00.000Z,-3.5,29.2,438,16.9
 2015-01-07T03:00:00.000Z,-3.6,29.2,440,12.5
 2015-01-07T04:00:00.000Z,-3.6,29.3,439,11.4
 2015-01-07T05:00:00.000Z,-3.6,29.3,437,11.5
 2015-01-07T06:00:00.000Z,-3.6,29.3,461,15.1
 2015-01-07T07:00:00.000Z,-3.6,29.4,475,29.4
 2015-01-07T08:00:00.000Z,-3.6,29.4,472,25.1
 2015-01-07T09:00:00.000Z,-3.6,29.5,469,16.6
 2015-01-07T10:00:00.000Z,-3.6,29.5,475,19.2
 2015-01-07T11:00:00.000Z,-3.6,29.5,461,17
 2015-01-07T12:00:00.000Z,-3.6,29.6,448,9.2
 2015-01-07T13:00:00.000Z,-3.6,29.6,433,10.9
 2015-01-07T14:00:00.000Z,-3.6,29.7,422,9.3
 2015-01-07T15:00:00.000Z,-3.6,29.7,420,9.2
 2015-01-07T16:00:00.000Z,-3.6,29.8,423,8.3
 2015-01-07T17:00:00.000Z,-3.6,29.8,429,10
 2015-01-07T18:00:00.000Z,-3.6,29.8,448,12.1
 2015-01-07T19:00:00.000Z,-3.6,29.9,448,16.6
 2015-01-07T20:00:00.000Z,-3.6,29.9,452,16.8
 2015-01-07T21:00:00.000Z,-3.6,30,460,22.8
 2015-01-07T22:00:00.000Z,-3.6,30,471,12.7
 2015-01-07T23:00:00.000Z,-3.6,30.1,484,11
 2015-01-08T00:00:00.000Z,-3.7,30.1,466,8.6
 2015-01-08T01:00:00.000Z,-3.7,30.1,474,5.8
 2015-01-08T02:00:00.000Z,-3.7,30.2,486,10.2
 2015-01-08T03:00:00.000Z,-3.7,30.2,464,12.3
 2015-01-08T04:00:00.000Z,-3.7,30.3,453,12.9
 2015-01-08T05:00:00.000Z,-3.7,30.3,453,19.8
 2015-01-08T06:00:00.000Z,-3.7,30.4,433,13
 2015-01-08T07:00:00.000Z,-3.7,30.4,435,8.7
 2015-01-08T08:00:00.000Z,-3.7,30.4,457,6.7
 2015-01-08T09:00:00.000Z,-3.7,30.5,439,7.1
 2015-01-08T10:00:00.000Z,-3.7,30.5,453,7.2
 2015-01-08T11:00:00.000Z,-3.7,30.6,466,6.4
 2015-01-08T12:00:00.000Z,-3.7,30.6,472,4.8
 2015-01-08T13:00:00.000Z,-3.7,30.6,479,4.1
 2015-01-08T14:00:00.000Z,-3.7,30.7,469,3.9
 2015-01-08T15:00:00.000Z,-3.7,30.7,479,3.7
 2015-01-08T16:00:00.000Z,-3.7,30.8,488,3.8
 2015-01-08T17:00:00.000Z,-3.7,30.8,479,3.6
 2015-01-08T18:00:00.000Z,-3.7,30.9,482,3.8
 2015-01-08T19:00:00.000Z,-3.7,30.9,471,3.5
 2015-01-08T20:00:00.000Z,-3.7,30.9,494,3.9
 2015-01-08T21:00:00.000Z,-3.7,31,489,3.8
 2015-01-08T22:00:00.000Z,-3.8,31,482,4
 2015-01-08T23:00:00.000Z,-3.8,31.1,486,4
 2015-01-09T00:00:00.000Z,-3.8,31.1,478,4.1
 2015-01-09T01:00:00.000Z,-3.8,31.2,474,4
 2015-01-09T02:00:00.000Z,-3.8,31.2,484,3
 2015-01-09T03:00:00.000Z,-3.8,31.2,491,3.4
 2015-01-09T04:00:00.000Z,-3.8,31.3,508,4.2
 2015-01-09T05:00:00.000Z,-3.8,31.3,486,3.6
 2015-01-09T06:00:00.000Z,-3.8,31.4,476,3.5
 2015-01-09T07:00:00.000Z,-3.8,31.4,480,3.5
 2015-01-09T08:00:00.000Z,-3.8,31.5,473,3
 2015-01-09T09:00:00.000Z,-3.8,31.5,483,2.8
 2015-01-09T10:00:00.000Z,-3.8,31.5,472,2.9
 2015-01-09T11:00:00.000Z,-3.8,31.6,474,2.9
 2015-01-09T12:00:00.000Z,-3.8,31.6,469,2.8
 2015-01-09T13:00:00.000Z,-3.8,31.7,462,2.3
 2015-01-09T14:00:00.000Z,-3.8,31.7,446,2.1
 2015-01-09T15:00:00.000Z,-3.8,31.7,453,2.3
 2015-01-09T16:00:00.000Z,-3.8,31.8,434,2.1
 2015-01-09T17:00:00.000Z,-3.8,31.8,432,2.1
 2015-01-09T18:00:00.000Z,-3.8,31.9,428,3.3
 2015-01-09T19:00:00.000Z,-3.8,31.9,420,3.6
 2015-01-09T20:00:00.000Z,-3.9,32,417,3.6
 2015-01-09T21:00:00.000Z,-3.9,32,413,3.6
 2015-01-09T22:00:00.000Z,-3.9,32,410,3.3
 2015-01-09T23:00:00.000Z,-3.9,32.1,411,3.7
 2015-01-10T00:00:00.000Z,-3.9,32.1,406,4.3
 2015-01-10T01:00:00.000Z,-3.9,32.2,397,3.4
 2015-01-10T02:00:00.000Z,-3.9,32.2,382,3.2
 2015-01-10T03:00:00.000Z,-3.9,32.3,387,3.9
 2015-01-10T04:00:00.000Z,-3.9,32.3,390,3.9
 2015-01-10T05:00:00.000Z,-3.9,32.3,413,4.3
 2015-01-10T06:00:00.000Z,-3.9,32.4,410,4
 2015-01-10T07:00:00.000Z,-3.9,32.4,411,4.2
 2015-01-10T08:00:00.000Z,-3.9,32.5,407,4.5
 2015-01-10T09:00:00.000Z,-3.9,32.5,414,4.7
 2015-01-10T10:00:00.000Z,-3.9,32.6,426,5.4
 2015-01-10T11:00:00.000Z,-3.9,32.6,425,5.6
 2015-01-10T12:00:00.000Z,-3.9,32.6,416,5.4
 2015-01-10T13:00:00.000Z,-3.9,32.7,423,5.6
 2015-01-10T14:00:00.000Z,-3.9,32.7,430,6.4
 2015-01-10T15:00:00.000Z,-3.9,32.8,444,6.6
 2015-01-10T16:00:00.000Z,-3.9,32.8,454,5.6
 2015-01-10T17:00:00.000Z,-3.9,32.8,443,-1.00E+31
 2015-01-10T18:00:00.000Z,-4,32.9,442,4.4
 2015-01-10T19:00:00.000Z,-4,32.9,445,4.1
 2015-01-10T20:00:00.000Z,-4,33,451,4
 2015-01-10T21:00:00.000Z,-4,33,446,3.9
 2015-01-10T22:00:00.000Z,-4,33.1,470,3
 2015-01-10T23:00:00.000Z,-4,33.1,494,2.8
 2015-01-11T00:00:00.000Z,-4,33.1,492,3.3
 2015-01-11T01:00:00.000Z,-4,33.2,489,3.5
 2015-01-11T02:00:00.000Z,-4,33.2,477,2.7
 2015-01-11T03:00:00.000Z,-4,33.3,474,2.7
 2015-01-11T04:00:00.000Z,-4,33.3,490,2.4
 2015-01-11T05:00:00.000Z,-4,33.4,513,2
 2015-01-11T06:00:00.000Z,-4,33.4,545,2
 2015-01-11T07:00:00.000Z,-4,33.4,602,2.1
 2015-01-11T08:00:00.000Z,-4,33.5,540,2
 2015-01-11T09:00:00.000Z,-4,33.5,517,2.1
 2015-01-11T10:00:00.000Z,-4,33.6,503,1.6
 2015-01-11T11:00:00.000Z,-4,33.6,475,1.4
 2015-01-11T12:00:00.000Z,-4,33.7,466,1.4
 2015-01-11T13:00:00.000Z,-4,33.7,489,1.6
 2015-01-11T14:00:00.000Z,-4,33.7,487,1.7
 2015-01-11T15:00:00.000Z,-4,33.8,482,1.7
 2015-01-11T16:00:00.000Z,-4.1,33.8,468,1.7
 2015-01-11T17:00:00.000Z,-4.1,33.9,458,1.7
 2015-01-11T18:00:00.000Z,-4.1,33.9,450,1.6
 2015-01-11T19:00:00.000Z,-4.1,33.9,447,1.6
 2015-01-11T20:00:00.000Z,-4.1,34,445,2.7
 2015-01-11T21:00:00.000Z,-4.1,34,421,2.4
 2015-01-11T22:00:00.000Z,-4.1,34.1,428,2.1
 2015-01-11T23:00:00.000Z,-4.1,34.1,416,2.3
 2015-01-12T00:00:00.000Z,-4.1,34.2,426,2.6
 2015-01-12T01:00:00.000Z,-4.1,34.2,443,3
 2015-01-12T02:00:00.000Z,-4.1,34.2,456,3.4
 2015-01-12T03:00:00.000Z,-4.1,34.3,429,2.8
 2015-01-12T04:00:00.000Z,-4.1,34.3,427,3.1
 2015-01-12T05:00:00.000Z,-4.1,34.4,441,3.4
 2015-01-12T06:00:00.000Z,-4.1,34.4,458,3.7
 2015-01-12T07:00:00.000Z,-4.1,34.5,433,3.8
 2015-01-12T08:00:00.000Z,-4.1,34.5,433,4
 2015-01-12T09:00:00.000Z,-4.1,34.5,432,4.1
 2015-01-12T10:00:00.000Z,-4.1,34.6,435,4.2
 2015-01-12T11:00:00.000Z,-4.1,34.6,420,3.6
 2015-01-12T12:00:00.000Z,-4.1,34.7,459,4.6
 2015-01-12T13:00:00.000Z,-4.1,34.7,445,4.5
 2015-01-12T14:00:00.000Z,-4.1,34.8,436,4.7
 2015-01-12T15:00:00.000Z,-4.2,34.8,436,4.6
 2015-01-12T16:00:00.000Z,-4.2,34.8,416,4
 2015-01-12T17:00:00.000Z,-4.2,34.9,410,4.1
 2015-01-12T18:00:00.000Z,-4.2,34.9,432,5.4
 2015-01-12T19:00:00.000Z,-4.2,35,440,5.6
 2015-01-12T20:00:00.000Z,-4.2,35,436,5.1
 2015-01-12T21:00:00.000Z,-4.2,35,410,5.3
 2015-01-12T22:00:00.000Z,-4.2,35.1,423,5.3
 2015-01-12T23:00:00.000Z,-4.2,35.1,440,5.4
 2015-01-13T00:00:00.000Z,-4.2,35.2,403,4.7
 2015-01-13T01:00:00.000Z,-4.2,35.2,419,5.4
 2015-01-13T02:00:00.000Z,-4.2,35.3,425,5.5
 2015-01-13T03:00:00.000Z,-4.2,35.3,407,4.9
 2015-01-13T04:00:00.000Z,-4.2,35.3,404,4.7
 2015-01-13T05:00:00.000Z,-4.2,35.4,412,5.2
 2015-01-13T06:00:00.000Z,-4.2,35.4,418,4.9
 2015-01-13T07:00:00.000Z,-4.2,35.5,428,4.9
 2015-01-13T08:00:00.000Z,-4.2,35.5,426,4.8
 2015-01-13T09:00:00.000Z,-4.2,35.6,422,4.6
 2015-01-13T10:00:00.000Z,-4.2,35.6,424,4.9
 2015-01-13T11:00:00.000Z,-4.2,35.6,431,5.1
 2015-01-13T12:00:00.000Z,-4.2,35.7,446,5
 2015-01-13T13:00:00.000Z,-4.2,35.7,450,6.3
 2015-01-13T14:00:00.000Z,-4.3,35.8,450,5.8
 2015-01-13T15:00:00.000Z,-4.3,35.8,442,5.5
 2015-01-13T16:00:00.000Z,-4.3,35.9,449,5.8
 2015-01-13T17:00:00.000Z,-4.3,35.9,446,5.5
 2015-01-13T18:00:00.000Z,-4.3,35.9,431,5.3
 2015-01-13T19:00:00.000Z,-4.3,36,426,5.2
 2015-01-13T20:00:00.000Z,-4.3,36,405,4.8
 2015-01-13T21:00:00.000Z,-4.3,36.1,402,4.7
 2015-01-13T22:00:00.000Z,-4.3,36.1,412,5
 2015-01-13T23:00:00.000Z,-4.3,36.1,411,4.9
 2015-01-14T00:00:00.000Z,-4.3,36.2,405,4.8
 2015-01-14T01:00:00.000Z,-4.3,36.2,400,4.3
 2015-01-14T02:00:00.000Z,-4.3,36.3,399,4.2
 2015-01-14T03:00:00.000Z,-4.3,36.3,399,4.3
 2015-01-14T04:00:00.000Z,-4.3,36.4,393,4.1
 2015-01-14T05:00:00.000Z,-4.3,36.4,395,4.4
 2015-01-14T06:00:00.000Z,-4.3,36.4,396,4.7
 2015-01-14T07:00:00.000Z,-4.3,36.5,396,4.7
 2015-01-14T08:00:00.000Z,-4.3,36.5,399,4.6
 2015-01-14T09:00:00.000Z,-4.3,36.6,389,5.1
 2015-01-14T10:00:00.000Z,-4.3,36.6,400,5.4
 2015-01-14T11:00:00.000Z,-4.3,36.7,384,5.3
 2015-01-14T12:00:00.000Z,-4.3,36.7,383,5.5
 2015-01-14T13:00:00.000Z,-4.4,36.7,375,5.4
 2015-01-14T14:00:00.000Z,-4.4,36.8,396,5.6
 2015-01-14T15:00:00.000Z,-4.4,36.8,392,5.6
 2015-01-14T16:00:00.000Z,-4.4,36.9,396,5.6
 2015-01-14T17:00:00.000Z,-4.4,36.9,396,5.6
 2015-01-14T18:00:00.000Z,-4.4,37,390,5.3
 2015-01-14T19:00:00.000Z,-4.4,37,389,4.8
 2015-01-14T20:00:00.000Z,-4.4,37,389,5
 2015-01-14T21:00:00.000Z,-4.4,37.1,395,5.5
 2015-01-14T22:00:00.000Z,-4.4,37.1,401,5.8
 2015-01-14T23:00:00.000Z,-4.4,37.2,402,5.8
 2015-01-15T00:00:00.000Z,-4.4,37.2,401,5.7
 2015-01-15T01:00:00.000Z,-4.4,37.3,388,5.3
 2015-01-15T02:00:00.000Z,-4.4,37.3,382,4.9
 2015-01-15T03:00:00.000Z,-4.4,37.3,392,5.1
 2015-01-15T04:00:00.000Z,-4.4,37.4,416,5.3
 2015-01-15T05:00:00.000Z,-4.4,37.4,422,5.3
 2015-01-15T06:00:00.000Z,-4.4,37.5,417,4.9
 2015-01-15T07:00:00.000Z,-4.4,37.5,405,5.1
 2015-01-15T08:00:00.000Z,-4.4,37.5,426,5.5
 2015-01-15T09:00:00.000Z,-4.4,37.6,414,4.8
 2015-01-15T10:00:00.000Z,-4.4,37.6,420,4.9
 2015-01-15T11:00:00.000Z,-4.4,37.7,408,4.8
 2015-01-15T12:00:00.000Z,-4.5,37.7,417,5.1
 2015-01-15T13:00:00.000Z,-4.5,37.8,415,5.1
 2015-01-15T14:00:00.000Z,-4.5,37.8,401,4.3
 2015-01-15T15:00:00.000Z,-4.5,37.8,385,4
 2015-01-15T16:00:00.000Z,-4.5,37.9,382,4.1
 2015-01-15T17:00:00.000Z,-4.5,37.9,371,3.9
 2015-01-15T18:00:00.000Z,-4.5,38,381,4.1
 2015-01-15T19:00:00.000Z,-4.5,38,392,4.5
 2015-01-15T20:00:00.000Z,-4.5,38.1,389,4.4
 2015-01-15T21:00:00.000Z,-4.5,38.1,385,4.3
 2015-01-15T22:00:00.000Z,-4.5,38.1,399,4.1
 2015-01-15T23:00:00.000Z,-4.5,38.2,395,4.7
 2015-01-16T00:00:00.000Z,-4.5,38.2,402,6.7
 2015-01-16T01:00:00.000Z,-4.5,38.3,428,6.7
 2015-01-16T02:00:00.000Z,-4.5,38.3,407,7.3
 2015-01-16T03:00:00.000Z,-4.5,38.4,421,7.8
 2015-01-16T04:00:00.000Z,-4.5,38.4,402,7.1
 2015-01-16T05:00:00.000Z,-4.5,38.4,390,6.9
 2015-01-16T06:00:00.000Z,-4.5,38.5,408,6.8
 2015-01-16T07:00:00.000Z,-4.5,38.5,391,5.7
 2015-01-16T08:00:00.000Z,-4.5,38.6,390,5.7
 2015-01-16T09:00:00.000Z,-4.5,38.6,391,5.8
 2015-01-16T10:00:00.000Z,-4.5,38.6,394,6.1
 2015-01-16T11:00:00.000Z,-4.5,38.7,396,5.5
 2015-01-16T12:00:00.000Z,-4.6,38.7,375,5.4
 2015-01-16T13:00:00.000Z,-4.6,38.8,370,5.3
 2015-01-16T14:00:00.000Z,-4.6,38.8,371,5
 2015-01-16T15:00:00.000Z,-4.6,38.9,360,5.2
 2015-01-16T16:00:00.000Z,-4.6,38.9,357,5
 2015-01-16T17:00:00.000Z,-4.6,38.9,349,4.9
 2015-01-16T18:00:00.000Z,-4.6,39,353,4.9
 2015-01-16T19:00:00.000Z,-4.6,39,350,4.4
 2015-01-16T20:00:00.000Z,-4.6,39.1,363,4.7
 2015-01-16T21:00:00.000Z,-4.6,39.1,367,4.9
 2015-01-16T22:00:00.000Z,-4.6,39.2,376,5.1
 2015-01-16T23:00:00.000Z,-4.6,39.2,362,4.8
 2015-01-17T00:00:00.000Z,-4.6,39.2,351,4.6
 2015-01-17T01:00:00.000Z,-4.6,39.3,367,5
 2015-01-17T02:00:00.000Z,-4.6,39.3,357,5
 2015-01-17T03:00:00.000Z,-4.6,39.4,357,5.1
 2015-01-17T04:00:00.000Z,-4.6,39.4,366,5.3
 2015-01-17T05:00:00.000Z,-4.6,39.5,334,4.4
 2015-01-17T06:00:00.000Z,-4.6,39.5,346,4.7
 2015-01-17T07:00:00.000Z,-4.6,39.5,343,4.6
 2015-01-17T08:00:00.000Z,-4.6,39.6,336,4.5
 2015-01-17T09:00:00.000Z,-4.6,39.6,342,4.7
 2015-01-17T10:00:00.000Z,-4.6,39.7,352,5
 2015-01-17T11:00:00.000Z,-4.6,39.7,355,5.3
 2015-01-17T12:00:00.000Z,-4.7,39.7,349,5.1
 2015-01-17T13:00:00.000Z,-4.7,39.8,356,5.3
 2015-01-17T14:00:00.000Z,-4.7,39.8,349,5.4
 2015-01-17T15:00:00.000Z,-4.7,39.9,351,5.5
 2015-01-17T16:00:00.000Z,-4.7,39.9,357,5.7
 2015-01-17T17:00:00.000Z,-4.7,40,353,5.7
 2015-01-17T18:00:00.000Z,-4.7,40,348,5.6
 2015-01-17T19:00:00.000Z,-4.7,40,343,5.4
 2015-01-17T20:00:00.000Z,-4.7,40.1,343,5.5
 2015-01-17T21:00:00.000Z,-4.7,40.1,329,4.9
 2015-01-17T22:00:00.000Z,-4.7,40.2,330,5.4
 2015-01-17T23:00:00.000Z,-4.7,40.2,324,5.2
 2015-01-18T00:00:00.000Z,-4.7,40.3,336,5.7
 2015-01-18T01:00:00.000Z,-4.7,40.3,335,6
 2015-01-18T02:00:00.000Z,-4.7,40.3,333,6.1
 2015-01-18T03:00:00.000Z,-4.7,40.4,335,6.2
 2015-01-18T04:00:00.000Z,-4.7,40.4,341,6
 2015-01-18T05:00:00.000Z,-4.7,40.5,349,6
 2015-01-18T06:00:00.000Z,-4.7,40.5,348,6.2
 2015-01-18T07:00:00.000Z,-4.7,40.6,342,6
 2015-01-18T08:00:00.000Z,-4.7,40.6,333,6.1
 2015-01-18T09:00:00.000Z,-4.7,40.6,332,6
 2015-01-18T10:00:00.000Z,-4.7,40.7,336,6.3
 2015-01-18T11:00:00.000Z,-4.7,40.7,333,6.3
 2015-01-18T12:00:00.000Z,-4.7,40.8,329,6.6
 2015-01-18T13:00:00.000Z,-4.8,40.8,327,6.2
 2015-01-18T14:00:00.000Z,-4.8,40.9,323,5.8
 2015-01-18T15:00:00.000Z,-4.8,40.9,311,5.4
 2015-01-18T16:00:00.000Z,-4.8,40.9,315,5.8
 2015-01-18T17:00:00.000Z,-4.8,41,308,5.7
 2015-01-18T18:00:00.000Z,-4.8,41,305,5.7
 2015-01-18T19:00:00.000Z,-4.8,41.1,311,5.9
 2015-01-18T20:00:00.000Z,-4.8,41.1,311,6
 2015-01-18T21:00:00.000Z,-4.8,41.1,311,5.8
 2015-01-18T22:00:00.000Z,-4.8,41.2,307,6
 2015-01-18T23:00:00.000Z,-4.8,41.2,307,5.9
 2015-01-19T00:00:00.000Z,-4.8,41.3,313,5.8
 2015-01-19T01:00:00.000Z,-4.8,41.3,314,6.1
 2015-01-19T02:00:00.000Z,-4.8,41.4,319,6.6
 2015-01-19T03:00:00.000Z,-4.8,41.4,322,6.6
 2015-01-19T04:00:00.000Z,-4.8,41.4,314,6.8
 2015-01-19T05:00:00.000Z,-4.8,41.5,315,7
 2015-01-19T06:00:00.000Z,-4.8,41.5,312,7
 2015-01-19T07:00:00.000Z,-4.8,41.6,305,7.1
 2015-01-19T08:00:00.000Z,-4.8,41.6,299,6.6
 2015-01-19T09:00:00.000Z,-4.8,41.7,306,7.3
 2015-01-19T10:00:00.000Z,-4.8,41.7,304,7.4
 2015-01-19T11:00:00.000Z,-4.8,41.7,306,7
 2015-01-19T12:00:00.000Z,-4.8,41.8,302,6.5
 2015-01-19T13:00:00.000Z,-4.8,41.8,297,6.2
 2015-01-19T14:00:00.000Z,-4.9,41.9,304,6.8
 2015-01-19T15:00:00.000Z,-4.9,41.9,303,7
 2015-01-19T16:00:00.000Z,-4.9,42,305,7.1
 2015-01-19T17:00:00.000Z,-4.9,42,304,6.7
 2015-01-19T18:00:00.000Z,-4.9,42,298,5.7
 2015-01-19T19:00:00.000Z,-4.9,42.1,297,5.9
 2015-01-19T20:00:00.000Z,-4.9,42.1,303,6.1
 2015-01-19T21:00:00.000Z,-4.9,42.2,302,6.3
 2015-01-19T22:00:00.000Z,-4.9,42.2,302,6.5
 2015-01-19T23:00:00.000Z,-4.9,42.2,291,5.7
 2015-01-20T00:00:00.000Z,-4.9,42.3,302,6.6
 2015-01-20T01:00:00.000Z,-4.9,42.3,299,7
 2015-01-20T02:00:00.000Z,-4.9,42.4,297,6.7
 2015-01-20T03:00:00.000Z,-4.9,42.4,288,6.3
 2015-01-20T04:00:00.000Z,-4.9,42.5,290,6.2
 2015-01-20T05:00:00.000Z,-4.9,42.5,297,6.4
 2015-01-20T06:00:00.000Z,-4.9,42.5,299,6.9
 2015-01-20T07:00:00.000Z,-4.9,42.6,300,6.7
 2015-01-20T08:00:00.000Z,-4.9,42.6,309,7
 2015-01-20T09:00:00.000Z,-4.9,42.7,311,7.5
 2015-01-20T10:00:00.000Z,-4.9,42.7,296,7.1
 2015-01-20T11:00:00.000Z,-4.9,42.8,305,7.5
 2015-01-20T12:00:00.000Z,-4.9,42.8,296,7
 2015-01-20T13:00:00.000Z,-4.9,42.8,299,8.2
 2015-01-20T14:00:00.000Z,-4.9,42.9,296,12.5
 2015-01-20T15:00:00.000Z,-5,42.9,296,16.9
 2015-01-20T16:00:00.000Z,-5,43,293,17.7
 2015-01-20T17:00:00.000Z,-5,43,289,17.3
 2015-01-20T18:00:00.000Z,-5,43.1,284,16.2
 2015-01-20T19:00:00.000Z,-5,43.1,284,15.9
 2015-01-20T20:00:00.000Z,-5,43.1,281,16.9
 2015-01-20T21:00:00.000Z,-5,43.2,285,19.8
 2015-01-20T22:00:00.000Z,-5,43.2,292,24.8
 2015-01-20T23:00:00.000Z,-5,43.3,297,42.3
 2015-01-21T00:00:00.000Z,-5,43.3,299,56
 2015-01-21T01:00:00.000Z,-5,43.4,299,36.2
 2015-01-21T02:00:00.000Z,-5,43.4,299,44
 2015-01-21T03:00:00.000Z,-5,43.4,300,56.5
 2015-01-21T04:00:00.000Z,-5,43.5,300,39.3
 2015-01-21T05:00:00.000Z,-5,43.5,294,52.1
 2015-01-21T06:00:00.000Z,-5,43.6,292,44.9
 2015-01-21T07:00:00.000Z,-5,43.6,292,32.3
 2015-01-21T08:00:00.000Z,-5,43.6,312,10.2
 2015-01-21T09:00:00.000Z,-5,43.7,332,8
 2015-01-21T10:00:00.000Z,-5,43.7,392,7.8
 2015-01-21T11:00:00.000Z,-5,43.8,419,-1.00E+31
 2015-01-21T12:00:00.000Z,-5,43.8,432,-1.00E+31
 2015-01-21T13:00:00.000Z,-5,43.9,419,-1.00E+31
 2015-01-21T14:00:00.000Z,-5,43.9,403,-1.00E+31
 2015-01-21T15:00:00.000Z,-5,43.9,395,-1.00E+31
 2015-01-21T16:00:00.000Z,-5,44,408,-1.00E+31
 2015-01-21T17:00:00.000Z,-5.1,44,457,-1.00E+31
 2015-01-21T18:00:00.000Z,-5.1,44.1,463,-1.00E+31
 2015-01-21T19:00:00.000Z,-5.1,44.1,486,-1.00E+31
 2015-01-21T20:00:00.000Z,-5.1,44.2,475,-1.00E+31
 2015-01-21T21:00:00.000Z,-5.1,44.2,486,-1.00E+31
 2015-01-21T22:00:00.000Z,-5.1,44.2,477,6.5
 2015-01-21T23:00:00.000Z,-5.1,44.3,463,5.8
 2015-01-22T00:00:00.000Z,-5.1,44.3,482,7.2
 2015-01-22T01:00:00.000Z,-5.1,44.4,484,7.7
 2015-01-22T02:00:00.000Z,-5.1,44.4,459,6.7
 2015-01-22T03:00:00.000Z,-5.1,44.5,476,7.1
 2015-01-22T04:00:00.000Z,-5.1,44.5,466,7.1
 2015-01-22T05:00:00.000Z,-5.1,44.5,467,7.2
 2015-01-22T06:00:00.000Z,-5.1,44.6,464,8
 2015-01-22T07:00:00.000Z,-5.1,44.6,462,8.7
 2015-01-22T08:00:00.000Z,-5.1,44.7,455,9.1
 2015-01-22T09:00:00.000Z,-5.1,44.7,447,10
 2015-01-22T10:00:00.000Z,-5.1,44.8,443,9.6
 2015-01-22T11:00:00.000Z,-5.1,44.8,450,8.1
 2015-01-22T12:00:00.000Z,-5.1,44.8,477,5.1
 2015-01-22T13:00:00.000Z,-5.1,44.9,472,5.1
 2015-01-22T14:00:00.000Z,-5.1,44.9,479,5.3
 2015-01-22T15:00:00.000Z,-5.1,45,478,4.9
 2015-01-22T16:00:00.000Z,-5.1,45,488,4.7
 2015-01-22T17:00:00.000Z,-5.1,45,462,4.5
 2015-01-22T18:00:00.000Z,-5.1,45.1,448,5
 2015-01-22T19:00:00.000Z,-5.2,45.1,439,5.4
 2015-01-22T20:00:00.000Z,-5.2,45.2,452,6
 2015-01-22T21:00:00.000Z,-5.2,45.2,448,6.6
 2015-01-22T22:00:00.000Z,-5.2,45.3,441,6.8
 2015-01-22T23:00:00.000Z,-5.2,45.3,422,6.8
 2015-01-23T00:00:00.000Z,-5.2,45.3,420,7
 2015-01-23T01:00:00.000Z,-5.2,45.4,433,7.4
 2015-01-23T02:00:00.000Z,-5.2,45.4,418,6.5
 2015-01-23T03:00:00.000Z,-5.2,45.5,407,5.5
 2015-01-23T04:00:00.000Z,-5.2,45.5,402,5.4
 2015-01-23T05:00:00.000Z,-5.2,45.6,389,5.8
 2015-01-23T06:00:00.000Z,-5.2,45.6,398,5.7
 2015-01-23T07:00:00.000Z,-5.2,45.6,406,6
 2015-01-23T08:00:00.000Z,-5.2,45.7,426,6.9
 2015-01-23T09:00:00.000Z,-5.2,45.7,421,6.8
 2015-01-23T10:00:00.000Z,-5.2,45.8,420,6.4
 2015-01-23T11:00:00.000Z,-5.2,45.8,421,6.1
 2015-01-23T12:00:00.000Z,-5.2,45.9,422,5.9
 2015-01-23T13:00:00.000Z,-5.2,45.9,427,5.9
 2015-01-23T14:00:00.000Z,-5.2,45.9,436,5.8
 2015-01-23T15:00:00.000Z,-5.2,46,442,5.4
 2015-01-23T16:00:00.000Z,-5.2,46,436,5.4
 2015-01-23T17:00:00.000Z,-5.2,46.1,445,5.2
 2015-01-23T18:00:00.000Z,-5.2,46.1,434,4.9
 2015-01-23T19:00:00.000Z,-5.2,46.1,434,5.1
 2015-01-23T20:00:00.000Z,-5.2,46.2,433,5.6
 2015-01-23T21:00:00.000Z,-5.2,46.2,430,5.5
 2015-01-23T22:00:00.000Z,-5.3,46.3,430,5.6
 2015-01-23T23:00:00.000Z,-5.3,46.3,427,5.3
 2015-01-24T00:00:00.000Z,-5.3,46.4,425,5.6
 2015-01-24T01:00:00.000Z,-5.3,46.4,401,4.9
 2015-01-24T02:00:00.000Z,-5.3,46.4,401,4.8
 2015-01-24T03:00:00.000Z,-5.3,46.5,394,5.3
 2015-01-24T04:00:00.000Z,-5.3,46.5,382,5
 2015-01-24T05:00:00.000Z,-5.3,46.6,382,5.6
 2015-01-24T06:00:00.000Z,-5.3,46.6,381,5.9
 2015-01-24T07:00:00.000Z,-5.3,46.7,370,5.7
 2015-01-24T08:00:00.000Z,-5.3,46.7,362,5.2
 2015-01-24T09:00:00.000Z,-5.3,46.7,365,5.5
 2015-01-24T10:00:00.000Z,-5.3,46.8,385,6.2
 2015-01-24T11:00:00.000Z,-5.3,46.8,381,6.1
 2015-01-24T12:00:00.000Z,-5.3,46.9,383,6.6
 2015-01-24T13:00:00.000Z,-5.3,46.9,385,6.2
 2015-01-24T14:00:00.000Z,-5.3,47,373,5.9
 2015-01-24T15:00:00.000Z,-5.3,47,366,6
 2015-01-24T16:00:00.000Z,-5.3,47,364,6.3
 2015-01-24T17:00:00.000Z,-5.3,47.1,357,5.9
 2015-01-24T18:00:00.000Z,-5.3,47.1,349,6.2
 2015-01-24T19:00:00.000Z,-5.3,47.2,340,6.3
 2015-01-24T20:00:00.000Z,-5.3,47.2,336,6.2
 2015-01-24T21:00:00.000Z,-5.3,47.3,357,8.1
 2015-01-24T22:00:00.000Z,-5.3,47.3,362,8.5
 2015-01-24T23:00:00.000Z,-5.3,47.3,365,7
 2015-01-25T00:00:00.000Z,-5.3,47.4,355,6.3
 2015-01-25T01:00:00.000Z,-5.4,47.4,356,7.3
 2015-01-25T02:00:00.000Z,-5.4,47.5,367,7.8
 2015-01-25T03:00:00.000Z,-5.4,47.5,365,7.8
 2015-01-25T04:00:00.000Z,-5.4,47.5,359,8.4
 2015-01-25T05:00:00.000Z,-5.4,47.6,364,8.3
 2015-01-25T06:00:00.000Z,-5.4,47.6,350,8.1
 2015-01-25T07:00:00.000Z,-5.4,47.7,348,7.7
 2015-01-25T08:00:00.000Z,-5.4,47.7,359,8
 2015-01-25T09:00:00.000Z,-5.4,47.8,364,8.1
 2015-01-25T10:00:00.000Z,-5.4,47.8,345,7.7
 2015-01-25T11:00:00.000Z,-5.4,47.8,336,7.8
 2015-01-25T12:00:00.000Z,-5.4,47.9,340,8.3
 2015-01-25T13:00:00.000Z,-5.4,47.9,339,8.5
 2015-01-25T14:00:00.000Z,-5.4,48,332,8.3
 2015-01-25T15:00:00.000Z,-5.4,48,329,8.5
 2015-01-25T16:00:00.000Z,-5.4,48.1,332,9.2
 2015-01-25T17:00:00.000Z,-5.4,48.1,322,8.3
 2015-01-25T18:00:00.000Z,-5.4,48.1,330,9
 2015-01-25T19:00:00.000Z,-5.4,48.2,336,9.5
 2015-01-25T20:00:00.000Z,-5.4,48.2,340,9.7
 2015-01-25T21:00:00.000Z,-5.4,48.3,343,11.4
 2015-01-25T22:00:00.000Z,-5.4,48.3,354,14.5
 2015-01-25T23:00:00.000Z,-5.4,48.4,360,14.2
 2015-01-26T00:00:00.000Z,-5.4,48.4,361,14.4
 2015-01-26T01:00:00.000Z,-5.4,48.4,356,14.2
 2015-01-26T02:00:00.000Z,-5.4,48.5,351,14.1
 2015-01-26T03:00:00.000Z,-5.4,48.5,341,13.3
 2015-01-26T04:00:00.000Z,-5.4,48.6,336,13
 2015-01-26T05:00:00.000Z,-5.5,48.6,331,12.9
 2015-01-26T06:00:00.000Z,-5.5,48.7,354,19.9
 2015-01-26T07:00:00.000Z,-5.5,48.7,369,20
 2015-01-26T08:00:00.000Z,-5.5,48.7,364,23
 2015-01-26T09:00:00.000Z,-5.5,48.8,384,30.7
 2015-01-26T10:00:00.000Z,-5.5,48.8,375,27.7
 2015-01-26T11:00:00.000Z,-5.5,48.9,371,24.3
 2015-01-26T12:00:00.000Z,-5.5,48.9,360,18.1
 2015-01-26T13:00:00.000Z,-5.5,48.9,360,19.5
 2015-01-26T14:00:00.000Z,-5.5,49,354,17.3
 2015-01-26T15:00:00.000Z,-5.5,49,349,14.6
 2015-01-26T16:00:00.000Z,-5.5,49.1,359,13.4
 2015-01-26T17:00:00.000Z,-5.5,49.1,366,11.3
 2015-01-26T18:00:00.000Z,-5.5,49.2,357,11
 2015-01-26T19:00:00.000Z,-5.5,49.2,357,10.2
 2015-01-26T20:00:00.000Z,-5.5,49.2,362,9.9
 2015-01-26T21:00:00.000Z,-5.5,49.3,363,11.3
 2015-01-26T22:00:00.000Z,-5.5,49.3,367,11.4
 2015-01-26T23:00:00.000Z,-5.5,49.4,367,10.6
 2015-01-27T00:00:00.000Z,-5.5,49.4,368,11.1
 2015-01-27T01:00:00.000Z,-5.5,49.5,366,12.4
 2015-01-27T02:00:00.000Z,-5.5,49.5,376,12.7
 2015-01-27T03:00:00.000Z,-5.5,49.5,380,15.1
 2015-01-27T04:00:00.000Z,-5.5,49.6,386,10.1
 2015-01-27T05:00:00.000Z,-5.5,49.6,416,9.2
 2015-01-27T06:00:00.000Z,-5.5,49.7,421,7.8
 2015-01-27T07:00:00.000Z,-5.5,49.7,487,8.9
 2015-01-27T08:00:00.000Z,-5.5,49.8,485,9.8
 2015-01-27T09:00:00.000Z,-5.5,49.8,459,8.9
 2015-01-27T10:00:00.000Z,-5.6,49.8,451,9.3
 2015-01-27T11:00:00.000Z,-5.6,49.9,461,8.9
 2015-01-27T12:00:00.000Z,-5.6,49.9,470,7.4
 2015-01-27T13:00:00.000Z,-5.6,50,473,6.6
 2015-01-27T14:00:00.000Z,-5.6,50,484,7.6
 2015-01-27T15:00:00.000Z,-5.6,50.1,491,8
 2015-01-27T16:00:00.000Z,-5.6,50.1,484,7.8
 2015-01-27T17:00:00.000Z,-5.6,50.1,489,7.7
 2015-01-27T18:00:00.000Z,-5.6,50.2,485,7.9
 2015-01-27T19:00:00.000Z,-5.6,50.2,480,10.5
 2015-01-27T20:00:00.000Z,-5.6,50.3,485,12.8
 2015-01-27T21:00:00.000Z,-5.6,50.3,477,12.8
 2015-01-27T22:00:00.000Z,-5.6,50.3,479,12.3
 2015-01-27T23:00:00.000Z,-5.6,50.4,461,9.2
 2015-01-28T00:00:00.000Z,-5.6,50.4,460,9.2
 2015-01-28T01:00:00.000Z,-5.6,50.5,461,6.6
 2015-01-28T02:00:00.000Z,-5.6,50.5,467,7.3
 2015-01-28T03:00:00.000Z,-5.6,50.6,494,9.4
 2015-01-28T04:00:00.000Z,-5.6,50.6,519,9.5
 2015-01-28T05:00:00.000Z,-5.6,50.6,490,8.7
 2015-01-28T06:00:00.000Z,-5.6,50.7,478,9.7
 2015-01-28T07:00:00.000Z,-5.6,50.7,461,8.6
 2015-01-28T08:00:00.000Z,-5.6,50.8,437,8.4
 2015-01-28T09:00:00.000Z,-5.6,50.8,438,7.4
 2015-01-28T10:00:00.000Z,-5.6,50.9,449,7.9
 2015-01-28T11:00:00.000Z,-5.6,50.9,434,6.7
 2015-01-28T12:00:00.000Z,-5.6,50.9,433,6.6
 2015-01-28T13:00:00.000Z,-5.6,51,427,6.8
 2015-01-28T14:00:00.000Z,-5.6,51,430,6.9
 2015-01-28T15:00:00.000Z,-5.7,51.1,431,6.1
 2015-01-28T16:00:00.000Z,-5.7,51.1,439,5.1
 2015-01-28T17:00:00.000Z,-5.7,51.2,436,5.1
 2015-01-28T18:00:00.000Z,-5.7,51.2,436,6.1
 2015-01-28T19:00:00.000Z,-5.7,51.2,435,6.5
 2015-01-28T20:00:00.000Z,-5.7,51.3,423,7.1
 2015-01-28T21:00:00.000Z,-5.7,51.3,415,7.5
 2015-01-28T22:00:00.000Z,-5.7,51.4,413,7.2
 2015-01-28T23:00:00.000Z,-5.7,51.4,401,9.5
 2015-01-29T00:00:00.000Z,-5.7,51.4,402,9.5
 2015-01-29T01:00:00.000Z,-5.7,51.5,395,9.8
 2015-01-29T02:00:00.000Z,-5.7,51.5,385,10.3
 2015-01-29T03:00:00.000Z,-5.7,51.6,386,8.4
 2015-01-29T04:00:00.000Z,-5.7,51.6,383,8.4
 2015-01-29T05:00:00.000Z,-5.7,51.7,372,9.7
 2015-01-29T06:00:00.000Z,-5.7,51.7,375,9.7
 2015-01-29T07:00:00.000Z,-5.7,51.7,384,11.1
 2015-01-29T08:00:00.000Z,-5.7,51.8,387,11.4
 2015-01-29T09:00:00.000Z,-5.7,51.8,381,11.6
 2015-01-29T10:00:00.000Z,-5.7,51.9,391,11.3
 2015-01-29T11:00:00.000Z,-5.7,51.9,394,14.3
 2015-01-29T12:00:00.000Z,-5.7,52,384,13.5
 2015-01-29T13:00:00.000Z,-5.7,52,380,10.4
 2015-01-29T14:00:00.000Z,-5.7,52,372,10.2
 2015-01-29T15:00:00.000Z,-5.7,52.1,384,11.3
 2015-01-29T16:00:00.000Z,-5.7,52.1,395,12
 2015-01-29T17:00:00.000Z,-5.7,52.2,404,14.2
 2015-01-29T18:00:00.000Z,-5.7,52.2,410,13
 2015-01-29T19:00:00.000Z,-5.7,52.3,414,13.7
 2015-01-29T20:00:00.000Z,-5.7,52.3,411,13.7
 2015-01-29T21:00:00.000Z,-5.8,52.3,408,15.6
 2015-01-29T22:00:00.000Z,-5.8,52.4,413,15
 2015-01-29T23:00:00.000Z,-5.8,52.4,403,13.6
 2015-01-30T00:00:00.000Z,-5.8,52.5,401,11.8
 2015-01-30T01:00:00.000Z,-5.8,52.5,394,13.9
 2015-01-30T02:00:00.000Z,-5.8,52.6,385,12.6
 2015-01-30T03:00:00.000Z,-5.8,52.6,381,11.1
 2015-01-30T04:00:00.000Z,-5.8,52.6,396,9.6
 2015-01-30T05:00:00.000Z,-5.8,52.7,407,8.2
 2015-01-30T06:00:00.000Z,-5.8,52.7,414,8.6
 2015-01-30T07:00:00.000Z,-5.8,52.8,418,8.5
 2015-01-30T08:00:00.000Z,-5.8,52.8,418,8.1
 2015-01-30T09:00:00.000Z,-5.8,52.8,426,7.4
 2015-01-30T10:00:00.000Z,-5.8,52.9,430,7.6
 2015-01-30T11:00:00.000Z,-5.8,52.9,427,7.6
 2015-01-30T12:00:00.000Z,-5.8,53,417,6.9
 2015-01-30T13:00:00.000Z,-5.8,53,421,7.3
 2015-01-30T14:00:00.000Z,-5.8,53.1,420,7.4
 2015-01-30T15:00:00.000Z,-5.8,53.1,410,7.7
 2015-01-30T16:00:00.000Z,-5.8,53.1,399,7.3
 2015-01-30T17:00:00.000Z,-5.8,53.2,396,6.6
 2015-01-30T18:00:00.000Z,-5.8,53.2,401,6.8
 2015-01-30T19:00:00.000Z,-5.8,53.3,411,7.6
 2015-01-30T20:00:00.000Z,-5.8,53.3,425,5.3
 2015-01-30T21:00:00.000Z,-5.8,53.4,421,5.3
 2015-01-30T22:00:00.000Z,-5.8,53.4,411,5.3
 2015-01-30T23:00:00.000Z,-5.8,53.4,418,5.9
 2015-01-31T00:00:00.000Z,-5.8,53.5,424,7.6
 2015-01-31T01:00:00.000Z,-5.8,53.5,436,8.7
 2015-01-31T02:00:00.000Z,-5.8,53.6,429,8.4
 2015-01-31T03:00:00.000Z,-5.8,53.6,417,7.5
 2015-01-31T04:00:00.000Z,-5.9,53.7,414,6.7
 2015-01-31T05:00:00.000Z,-5.9,53.7,407,6.5
 2015-01-31T06:00:00.000Z,-5.9,53.7,429,7.3
 2015-01-31T07:00:00.000Z,-5.9,53.8,424,6.9
 2015-01-31T08:00:00.000Z,-5.9,53.8,438,6.5
 2015-01-31T09:00:00.000Z,-5.9,53.9,428,7.1
 2015-01-31T10:00:00.000Z,-5.9,53.9,425,7.3
 2015-01-31T11:00:00.000Z,-5.9,54,424,7.4
 2015-01-31T12:00:00.000Z,-5.9,54,426,6.6
 2015-01-31T13:00:00.000Z,-5.9,54,420,6.8
 2015-01-31T14:00:00.000Z,-5.9,54.1,419,6.7
 2015-01-31T15:00:00.000Z,-5.9,54.1,419,6.5
 2015-01-31T16:00:00.000Z,-5.9,54.2,406,-1.00E+31
 2015-01-31T17:00:00.000Z,-5.9,54.2,421,6.2
 2015-01-31T18:00:00.000Z,-5.9,54.2,415,7
 2015-01-31T19:00:00.000Z,-5.9,54.3,403,8.1
 2015-01-31T20:00:00.000Z,-5.9,54.3,404,10.1
 2015-01-31T21:00:00.000Z,-5.9,54.4,402,13.5
 2015-01-31T22:00:00.000Z,-5.9,54.4,395,16.9
 2015-01-31T23:00:00.000Z,-5.9,54.5,405,20.5
 2015-02-01T00:00:00.000Z,-5.9,54.5,404,18.2
 2015-02-01T01:00:00.000Z,-5.9,54.5,406,15.9
 2015-02-01T02:00:00.000Z,-5.9,54.6,441,10.4
 2015-02-01T03:00:00.000Z,-5.9,54.6,451,11.2
 2015-02-01T04:00:00.000Z,-5.9,54.7,473,8
 2015-02-01T05:00:00.000Z,-5.9,54.7,468,7.2
 2015-02-01T06:00:00.000Z,-5.9,54.8,486,10.9
 2015-02-01T07:00:00.000Z,-5.9,54.8,493,14.5
 2015-02-01T08:00:00.000Z,-5.9,54.8,491,14.4
 2015-02-01T09:00:00.000Z,-5.9,54.9,486,10.6
 2015-02-01T10:00:00.000Z,-5.9,54.9,538,8.2
 2015-02-01T11:00:00.000Z,-5.9,55,544,7.7
 2015-02-01T12:00:00.000Z,-6,55,546,7.7
 2015-02-01T13:00:00.000Z,-6,55.1,563,6.4
 2015-02-01T14:00:00.000Z,-6,55.1,587,6.9
 2015-02-01T15:00:00.000Z,-6,55.1,580,8.1
 2015-02-01T16:00:00.000Z,-6,55.2,588,9
 2015-02-01T17:00:00.000Z,-6,55.2,580,8.5
 2015-02-01T18:00:00.000Z,-6,55.3,608,6.2
 2015-02-01T19:00:00.000Z,-6,55.3,667,5.9
 2015-02-01T20:00:00.000Z,-6,55.4,660,6.4
 2015-02-01T21:00:00.000Z,-6,55.4,673,6.2
 2015-02-01T22:00:00.000Z,-6,55.4,642,6.1
 2015-02-01T23:00:00.000Z,-6,55.5,633,6.8
 2015-02-02T00:00:00.000Z,-6,55.5,622,7.9
 2015-02-02T01:00:00.000Z,-6,55.6,587,7.5
 2015-02-02T02:00:00.000Z,-6,55.6,596,8.9
 2015-02-02T03:00:00.000Z,-6,55.6,601,9.2
 2015-02-02T04:00:00.000Z,-6,55.7,633,9.5
 2015-02-02T05:00:00.000Z,-6,55.7,695,4.7
 2015-02-02T06:00:00.000Z,-6,55.8,683,4.6
 2015-02-02T07:00:00.000Z,-6,55.8,676,4.7
 2015-02-02T08:00:00.000Z,-6,55.9,687,4.6
 2015-02-02T09:00:00.000Z,-6,55.9,658,3.7
 2015-02-02T10:00:00.000Z,-6,55.9,664,3.6
 2015-02-02T11:00:00.000Z,-6,56,683,3.6
 2015-02-02T12:00:00.000Z,-6,56,689,3.2
 2015-02-02T13:00:00.000Z,-6,56.1,687,3
 2015-02-02T14:00:00.000Z,-6,56.1,688,2.7
 2015-02-02T15:00:00.000Z,-6,56.2,679,2.8
 2015-02-02T16:00:00.000Z,-6,56.2,681,2.7
 2015-02-02T17:00:00.000Z,-6,56.2,670,2.7
 2015-02-02T18:00:00.000Z,-6,56.3,673,2.6
 2015-02-02T19:00:00.000Z,-6,56.3,665,2.7
 2015-02-02T20:00:00.000Z,-6,56.4,651,2.6
 2015-02-02T21:00:00.000Z,-6,56.4,643,2.3
 2015-02-02T22:00:00.000Z,-6.1,56.5,640,2.3
 2015-02-02T23:00:00.000Z,-6.1,56.5,652,2.4
 2015-02-03T00:00:00.000Z,-6.1,56.5,679,2.7
 2015-02-03T01:00:00.000Z,-6.1,56.6,660,2.6
 2015-02-03T02:00:00.000Z,-6.1,56.6,664,2.5
 2015-02-03T03:00:00.000Z,-6.1,56.7,672,2.7
 2015-02-03T04:00:00.000Z,-6.1,56.7,651,2.7
 2015-02-03T05:00:00.000Z,-6.1,56.8,646,2.8
 2015-02-03T06:00:00.000Z,-6.1,56.8,658,2.9
 2015-02-03T07:00:00.000Z,-6.1,56.8,648,2.8
 2015-02-03T08:00:00.000Z,-6.1,56.9,624,2.7
 2015-02-03T09:00:00.000Z,-6.1,56.9,596,2.6
 2015-02-03T10:00:00.000Z,-6.1,57,573,2.3
 2015-02-03T11:00:00.000Z,-6.1,57,565,2.4
 2015-02-03T12:00:00.000Z,-6.1,57,566,2.3
 2015-02-03T13:00:00.000Z,-6.1,57.1,565,2
 2015-02-03T14:00:00.000Z,-6.1,57.1,566,2.1
 2015-02-03T15:00:00.000Z,-6.1,57.2,575,2.7
 2015-02-03T16:00:00.000Z,-6.1,57.2,573,2.9
 2015-02-03T17:00:00.000Z,-6.1,57.3,555,2.7
 2015-02-03T18:00:00.000Z,-6.1,57.3,553,2.8
 2015-02-03T19:00:00.000Z,-6.1,57.3,561,3.1
 2015-02-03T20:00:00.000Z,-6.1,57.4,552,3.1
 2015-02-03T21:00:00.000Z,-6.1,57.4,545,3.3
 2015-02-03T22:00:00.000Z,-6.1,57.5,540,3.6
 2015-02-03T23:00:00.000Z,-6.1,57.5,537,3.7
 2015-02-04T00:00:00.000Z,-6.1,57.6,539,3.7
 2015-02-04T01:00:00.000Z,-6.1,57.6,531,3.6
 2015-02-04T02:00:00.000Z,-6.1,57.6,531,3.6
 2015-02-04T03:00:00.000Z,-6.1,57.7,540,3.7
 2015-02-04T04:00:00.000Z,-6.1,57.7,523,3.8
 2015-02-04T05:00:00.000Z,-6.1,57.8,511,3.8
 2015-02-04T06:00:00.000Z,-6.1,57.8,504,3.6
 2015-02-04T07:00:00.000Z,-6.1,57.9,508,3.8
 2015-02-04T08:00:00.000Z,-6.2,57.9,509,3.6
 2015-02-04T09:00:00.000Z,-6.2,57.9,503,3.6
 2015-02-04T10:00:00.000Z,-6.2,58,470,3.2
 2015-02-04T11:00:00.000Z,-6.2,58,469,3.4
 2015-02-04T12:00:00.000Z,-6.2,58.1,457,3.2
 2015-02-04T13:00:00.000Z,-6.2,58.1,458,3.5
 2015-02-04T14:00:00.000Z,-6.2,58.2,456,3.7
 2015-02-04T15:00:00.000Z,-6.2,58.2,447,3.7
 2015-02-04T16:00:00.000Z,-6.2,58.2,443,3.4
 2015-02-04T17:00:00.000Z,-6.2,58.3,444,3.8
 2015-02-04T18:00:00.000Z,-6.2,58.3,447,3.5
 2015-02-04T19:00:00.000Z,-6.2,58.4,437,3.3
 2015-02-04T20:00:00.000Z,-6.2,58.4,434,3.1
 2015-02-04T21:00:00.000Z,-6.2,58.4,433,3.1
 2015-02-04T22:00:00.000Z,-6.2,58.5,430,3.2
 2015-02-04T23:00:00.000Z,-6.2,58.5,427,3.5
 2015-02-05T00:00:00.000Z,-6.2,58.6,423,3.2
 2015-02-05T01:00:00.000Z,-6.2,58.6,419,3.3
 2015-02-05T02:00:00.000Z,-6.2,58.7,421,4
 2015-02-05T03:00:00.000Z,-6.2,58.7,417,5.1
 2015-02-05T04:00:00.000Z,-6.2,58.7,416,8.3
 2015-02-05T05:00:00.000Z,-6.2,58.8,419,10.2
 2015-02-05T06:00:00.000Z,-6.2,58.8,418,9.4
 2015-02-05T07:00:00.000Z,-6.2,58.9,414,8.6
 2015-02-05T08:00:00.000Z,-6.2,58.9,413,9.6
 2015-02-05T09:00:00.000Z,-6.2,59,414,8.4
 2015-02-05T10:00:00.000Z,-6.2,59,412,10.3
 2015-02-05T11:00:00.000Z,-6.2,59,414,11.7
 2015-02-05T12:00:00.000Z,-6.2,59.1,414,12.9
 2015-02-05T13:00:00.000Z,-6.2,59.1,415,17.2
 2015-02-05T14:00:00.000Z,-6.2,59.2,412,7.3
 2015-02-05T15:00:00.000Z,-6.2,59.2,413,11.4
 2015-02-05T16:00:00.000Z,-6.2,59.3,411,12.6
 2015-02-05T17:00:00.000Z,-6.2,59.3,410,10
 2015-02-05T18:00:00.000Z,-6.2,59.3,417,12.2
 2015-02-05T19:00:00.000Z,-6.2,59.4,420,10.4
 2015-02-05T20:00:00.000Z,-6.3,59.4,404,5.5
 2015-02-05T21:00:00.000Z,-6.3,59.5,404,6
 2015-02-05T22:00:00.000Z,-6.3,59.5,402,4.5
 2015-02-05T23:00:00.000Z,-6.3,59.5,395,4.6
 2015-02-06T00:00:00.000Z,-6.3,59.6,396,4.9
 2015-02-06T01:00:00.000Z,-6.3,59.6,401,5.1
 2015-02-06T02:00:00.000Z,-6.3,59.7,393,4.7
 2015-02-06T03:00:00.000Z,-6.3,59.7,407,5.3
 2015-02-06T04:00:00.000Z,-6.3,59.8,405,5.1
 2015-02-06T05:00:00.000Z,-6.3,59.8,404,5.3
 2015-02-06T06:00:00.000Z,-6.3,59.8,403,4.5
 2015-02-06T07:00:00.000Z,-6.3,59.9,417,3.8
 2015-02-06T08:00:00.000Z,-6.3,59.9,436,4.3
 2015-02-06T09:00:00.000Z,-6.3,60,436,4.4
 2015-02-06T10:00:00.000Z,-6.3,60,451,4.8
 2015-02-06T11:00:00.000Z,-6.3,60.1,441,4.6
 2015-02-06T12:00:00.000Z,-6.3,60.1,431,4.2
 2015-02-06T13:00:00.000Z,-6.3,60.1,444,4.3
 2015-02-06T14:00:00.000Z,-6.3,60.2,441,4
 2015-02-06T15:00:00.000Z,-6.3,60.2,437,3.8
 2015-02-06T16:00:00.000Z,-6.3,60.3,444,3.8
 2015-02-06T17:00:00.000Z,-6.3,60.3,423,3.5
 2015-02-06T18:00:00.000Z,-6.3,60.4,432,3.8
 2015-02-06T19:00:00.000Z,-6.3,60.4,421,3.6
 2015-02-06T20:00:00.000Z,-6.3,60.4,431,3.9
 2015-02-06T21:00:00.000Z,-6.3,60.5,433,4
 2015-02-06T22:00:00.000Z,-6.3,60.5,413,4.2
 2015-02-06T23:00:00.000Z,-6.3,60.6,419,5
 2015-02-07T00:00:00.000Z,-6.3,60.6,420,4.9
 2015-02-07T01:00:00.000Z,-6.3,60.7,417,5
 2015-02-07T02:00:00.000Z,-6.3,60.7,409,5.1
 2015-02-07T03:00:00.000Z,-6.3,60.7,399,5.1
 2015-02-07T04:00:00.000Z,-6.3,60.8,405,5.4
 2015-02-07T05:00:00.000Z,-6.3,60.8,411,5.7
 2015-02-07T06:00:00.000Z,-6.3,60.9,418,6.4
 2015-02-07T07:00:00.000Z,-6.3,60.9,411,6.8
 2015-02-07T08:00:00.000Z,-6.3,60.9,408,6.7
 2015-02-07T09:00:00.000Z,-6.3,61,403,6.3
 2015-02-07T10:00:00.000Z,-6.4,61,402,6.1
 2015-02-07T11:00:00.000Z,-6.4,61.1,395,6.2
 2015-02-07T12:00:00.000Z,-6.4,61.1,408,6.8
 2015-02-07T13:00:00.000Z,-6.4,61.2,414,7.7
 2015-02-07T14:00:00.000Z,-6.4,61.2,408,7
 2015-02-07T15:00:00.000Z,-6.4,61.2,401,7.3
 2015-02-07T16:00:00.000Z,-6.4,61.3,407,7.4
 2015-02-07T17:00:00.000Z,-6.4,61.3,402,7.6
 2015-02-07T18:00:00.000Z,-6.4,61.4,416,7.5
 2015-02-07T19:00:00.000Z,-6.4,61.4,409,7.2
 2015-02-07T20:00:00.000Z,-6.4,61.5,399,6.7
 2015-02-07T21:00:00.000Z,-6.4,61.5,400,7.7
 2015-02-07T22:00:00.000Z,-6.4,61.5,400,7.2
 2015-02-07T23:00:00.000Z,-6.4,61.6,407,6.5
 2015-02-08T00:00:00.000Z,-6.4,61.6,416,6.7
 2015-02-08T01:00:00.000Z,-6.4,61.7,416,6.2
 2015-02-08T02:00:00.000Z,-6.4,61.7,410,5.9
 2015-02-08T03:00:00.000Z,-6.4,61.8,421,6.3
 2015-02-08T04:00:00.000Z,-6.4,61.8,427,5.2
 2015-02-08T05:00:00.000Z,-6.4,61.8,432,3.6
 2015-02-08T06:00:00.000Z,-6.4,61.9,448,3.7
 2015-02-08T07:00:00.000Z,-6.4,61.9,459,2.9
 2015-02-08T08:00:00.000Z,-6.4,62,490,2
 2015-02-08T09:00:00.000Z,-6.4,62,517,2.2
 2015-02-08T10:00:00.000Z,-6.4,62.1,514,2.4
 2015-02-08T11:00:00.000Z,-6.4,62.1,495,2.5
 2015-02-08T12:00:00.000Z,-6.4,62.1,492,2.3
 2015-02-08T13:00:00.000Z,-6.4,62.2,531,1.5
 2015-02-08T14:00:00.000Z,-6.4,62.2,542,1.6
 2015-02-08T15:00:00.000Z,-6.4,62.3,556,1.6
 2015-02-08T16:00:00.000Z,-6.4,62.3,554,1.5
 2015-02-08T17:00:00.000Z,-6.4,62.3,541,1.4
 2015-02-08T18:00:00.000Z,-6.4,62.4,549,1.7
 2015-02-08T19:00:00.000Z,-6.4,62.4,533,1.8
 2015-02-08T20:00:00.000Z,-6.4,62.5,526,-1.00E+31
 2015-02-08T21:00:00.000Z,-6.4,62.5,514,2.5
 2015-02-08T22:00:00.000Z,-6.4,62.6,515,2.4
 2015-02-08T23:00:00.000Z,-6.4,62.6,517,2.7
 2015-02-09T00:00:00.000Z,-6.4,62.6,500,2.6
 2015-02-09T01:00:00.000Z,-6.4,62.7,478,2.2
 2015-02-09T02:00:00.000Z,-6.5,62.7,476,3.4
 2015-02-09T03:00:00.000Z,-6.5,62.8,469,3.4
 2015-02-09T04:00:00.000Z,-6.5,62.8,462,3
 2015-02-09T05:00:00.000Z,-6.5,62.9,454,2.6
 2015-02-09T06:00:00.000Z,-6.5,62.9,454,3.5
 2015-02-09T07:00:00.000Z,-6.5,62.9,456,3.2
 2015-02-09T08:00:00.000Z,-6.5,63,444,3.1
 2015-02-09T09:00:00.000Z,-6.5,63,435,2.6
 2015-02-09T10:00:00.000Z,-6.5,63.1,451,3.2
 2015-02-09T11:00:00.000Z,-6.5,63.1,428,3.4
 2015-02-09T12:00:00.000Z,-6.5,63.2,401,3.1
 2015-02-09T13:00:00.000Z,-6.5,63.2,393,2.8
 2015-02-09T14:00:00.000Z,-6.5,63.2,409,3.1
 2015-02-09T15:00:00.000Z,-6.5,63.3,413,3.5
 2015-02-09T16:00:00.000Z,-6.5,63.3,406,3.5
 2015-02-09T17:00:00.000Z,-6.5,63.4,406,3.7
 2015-02-09T18:00:00.000Z,-6.5,63.4,386,3.4
 2015-02-09T19:00:00.000Z,-6.5,63.4,399,4.3
 2015-02-09T20:00:00.000Z,-6.5,63.5,388,4.4
 2015-02-09T21:00:00.000Z,-6.5,63.5,386,4.8
 2015-02-09T22:00:00.000Z,-6.5,63.6,388,4.7
 2015-02-09T23:00:00.000Z,-6.5,63.6,387,4.6
 2015-02-10T00:00:00.000Z,-6.5,63.7,381,4.4
 2015-02-10T01:00:00.000Z,-6.5,63.7,377,4.1
 2015-02-10T02:00:00.000Z,-6.5,63.7,373,4.1
 2015-02-10T03:00:00.000Z,-6.5,63.8,381,3.8
 2015-02-10T04:00:00.000Z,-6.5,63.8,379,3.7
 2015-02-10T05:00:00.000Z,-6.5,63.9,380,3.3
 2015-02-10T06:00:00.000Z,-6.5,63.9,376,3
 2015-02-10T07:00:00.000Z,-6.5,64,380,2.9
 2015-02-10T08:00:00.000Z,-6.5,64,383,3.2
 2015-02-10T09:00:00.000Z,-6.5,64,374,3.1
 2015-02-10T10:00:00.000Z,-6.5,64.1,371,3.1
 2015-02-10T11:00:00.000Z,-6.5,64.1,388,3.4
 2015-02-10T12:00:00.000Z,-6.5,64.2,382,3.5
 2015-02-10T13:00:00.000Z,-6.5,64.2,391,3.7
 2015-02-10T14:00:00.000Z,-6.5,64.3,394,3.5
 2015-02-10T15:00:00.000Z,-6.5,64.3,392,3.6
 2015-02-10T16:00:00.000Z,-6.5,64.3,383,3.5
 2015-02-10T17:00:00.000Z,-6.5,64.4,373,3.5
 2015-02-10T18:00:00.000Z,-6.5,64.4,373,3.9
 2015-02-10T19:00:00.000Z,-6.5,64.5,386,4.4
 2015-02-10T20:00:00.000Z,-6.6,64.5,383,4.2
 2015-02-10T21:00:00.000Z,-6.6,64.6,381,4.2
 2015-02-10T22:00:00.000Z,-6.6,64.6,386,4.1
 2015-02-10T23:00:00.000Z,-6.6,64.6,392,3.9
 2015-02-11T00:00:00.000Z,-6.6,64.7,385,4
 2015-02-11T01:00:00.000Z,-6.6,64.7,387,4.4
 2015-02-11T02:00:00.000Z,-6.6,64.8,386,4.2
 2015-02-11T03:00:00.000Z,-6.6,64.8,371,3.8
 2015-02-11T04:00:00.000Z,-6.6,64.8,367,3.4
 2015-02-11T05:00:00.000Z,-6.6,64.9,385,2.9
 2015-02-11T06:00:00.000Z,-6.6,64.9,383,3.6
 2015-02-11T07:00:00.000Z,-6.6,65,389,3.8
 2015-02-11T08:00:00.000Z,-6.6,65,393,4.1
 2015-02-11T09:00:00.000Z,-6.6,65.1,382,4.1
 2015-02-11T10:00:00.000Z,-6.6,65.1,385,3.9
 2015-02-11T11:00:00.000Z,-6.6,65.1,375,4.7
 2015-02-11T12:00:00.000Z,-6.6,65.2,355,4
 2015-02-11T13:00:00.000Z,-6.6,65.2,374,4.6
 2015-02-11T14:00:00.000Z,-6.6,65.3,372,4.4
 2015-02-11T15:00:00.000Z,-6.6,65.3,376,4.6
 2015-02-11T16:00:00.000Z,-6.6,65.4,373,4.6
 2015-02-11T17:00:00.000Z,-6.6,65.4,363,4.5
 2015-02-11T18:00:00.000Z,-6.6,65.4,366,-1.00E+31
 2015-02-11T19:00:00.000Z,-6.6,65.5,364,-1.00E+31
 2015-02-11T20:00:00.000Z,-6.6,65.5,358,-1.00E+31
 2015-02-11T21:00:00.000Z,-6.6,65.6,358,-1.00E+31
 2015-02-11T22:00:00.000Z,-6.6,65.6,352,-1.00E+31
 2015-02-11T23:00:00.000Z,-6.6,65.7,367,-1.00E+31
 2015-02-12T00:00:00.000Z,-6.6,65.7,357,-1.00E+31
 2015-02-12T01:00:00.000Z,-6.6,65.7,351,-1.00E+31
 2015-02-12T02:00:00.000Z,-6.6,65.8,335,-1.00E+31
 2015-02-12T03:00:00.000Z,-6.6,65.8,333,-1.00E+31
 2015-02-12T04:00:00.000Z,-6.6,65.9,330,-1.00E+31
 2015-02-12T05:00:00.000Z,-6.6,65.9,365,-1.00E+31
 2015-02-12T06:00:00.000Z,-6.6,65.9,363,-1.00E+31
 2015-02-12T07:00:00.000Z,-6.6,66,355,-1.00E+31
 2015-02-12T08:00:00.000Z,-6.6,66,361,-1.00E+31
 2015-02-12T09:00:00.000Z,-6.6,66.1,352,-1.00E+31
 2015-02-12T10:00:00.000Z,-6.6,66.1,356,5.8
 2015-02-12T11:00:00.000Z,-6.6,66.2,356,5.9
 2015-02-12T12:00:00.000Z,-6.6,66.2,350,5.7
 2015-02-12T13:00:00.000Z,-6.6,66.2,353,6.5
 2015-02-12T14:00:00.000Z,-6.6,66.3,354,6.5
 2015-02-12T15:00:00.000Z,-6.6,66.3,353,6
 2015-02-12T16:00:00.000Z,-6.6,66.4,349,5.7
 2015-02-12T17:00:00.000Z,-6.7,66.4,335,5.6
 2015-02-12T18:00:00.000Z,-6.7,66.5,332,5.7
 2015-02-12T19:00:00.000Z,-6.7,66.5,333,5.8
 2015-02-12T20:00:00.000Z,-6.7,66.5,334,5.3
 2015-02-12T21:00:00.000Z,-6.7,66.6,331,5.5
 2015-02-12T22:00:00.000Z,-6.7,66.6,328,5.4
 2015-02-12T23:00:00.000Z,-6.7,66.7,318,5.1
 2015-02-13T00:00:00.000Z,-6.7,66.7,332,5.5
 2015-02-13T01:00:00.000Z,-6.7,66.8,337,5.2
 2015-02-13T02:00:00.000Z,-6.7,66.8,340,5.5
 2015-02-13T03:00:00.000Z,-6.7,66.8,337,5.4
 2015-02-13T04:00:00.000Z,-6.7,66.9,319,5
 2015-02-13T05:00:00.000Z,-6.7,66.9,323,5
 2015-02-13T06:00:00.000Z,-6.7,67,323,4.8
 2015-02-13T07:00:00.000Z,-6.7,67,327,5
 2015-02-13T08:00:00.000Z,-6.7,67.1,320,4.9
 2015-02-13T09:00:00.000Z,-6.7,67.1,322,5
 2015-02-13T10:00:00.000Z,-6.7,67.1,328,5.8
 2015-02-13T11:00:00.000Z,-6.7,67.2,334,6
 2015-02-13T12:00:00.000Z,-6.7,67.2,328,6.5
 2015-02-13T13:00:00.000Z,-6.7,67.3,342,6.7
 2015-02-13T14:00:00.000Z,-6.7,67.3,336,7
 2015-02-13T15:00:00.000Z,-6.7,67.3,332,6.8
 2015-02-13T16:00:00.000Z,-6.7,67.4,334,6.9
 2015-02-13T17:00:00.000Z,-6.7,67.4,330,6.3
 2015-02-13T18:00:00.000Z,-6.7,67.5,343,6.4
 2015-02-13T19:00:00.000Z,-6.7,67.5,326,6.1
 2015-02-13T20:00:00.000Z,-6.7,67.6,324,6.3
 2015-02-13T21:00:00.000Z,-6.7,67.6,325,6.4
 2015-02-13T22:00:00.000Z,-6.7,67.6,329,6.6
 2015-02-13T23:00:00.000Z,-6.7,67.7,326,6.8
 2015-02-14T00:00:00.000Z,-6.7,67.7,336,8.6
 2015-02-14T01:00:00.000Z,-6.7,67.8,334,9.4
 2015-02-14T02:00:00.000Z,-6.7,67.8,330,9.6
 2015-02-14T03:00:00.000Z,-6.7,67.9,320,9.1
 2015-02-14T04:00:00.000Z,-6.7,67.9,326,9.7
 2015-02-14T05:00:00.000Z,-6.7,67.9,312,8.7
 2015-02-14T06:00:00.000Z,-6.7,68,314,8.2
 2015-02-14T07:00:00.000Z,-6.7,68,314,8.3
 2015-02-14T08:00:00.000Z,-6.7,68.1,324,8.8
 2015-02-14T09:00:00.000Z,-6.7,68.1,337,9.4
 2015-02-14T10:00:00.000Z,-6.7,68.2,322,9.4
 2015-02-14T11:00:00.000Z,-6.7,68.2,334,9.9
 2015-02-14T12:00:00.000Z,-6.7,68.2,303,7.7
 2015-02-14T13:00:00.000Z,-6.7,68.3,302,9.4
 2015-02-14T14:00:00.000Z,-6.7,68.3,307,9.8
 2015-02-14T15:00:00.000Z,-6.7,68.4,320,9.6
 2015-02-14T16:00:00.000Z,-6.7,68.4,314,8.9
 2015-02-14T17:00:00.000Z,-6.7,68.4,321,8.6
 2015-02-14T18:00:00.000Z,-6.7,68.5,330,9
 2015-02-14T19:00:00.000Z,-6.8,68.5,331,9.7
 2015-02-14T20:00:00.000Z,-6.8,68.6,329,10.6
 2015-02-14T21:00:00.000Z,-6.8,68.6,327,10.4
 2015-02-14T22:00:00.000Z,-6.8,68.7,321,10.5
 2015-02-14T23:00:00.000Z,-6.8,68.7,325,12.8
 2015-02-15T00:00:00.000Z,-6.8,68.7,324,13.7
 2015-02-15T01:00:00.000Z,-6.8,68.8,316,12.7
 2015-02-15T02:00:00.000Z,-6.8,68.8,319,13.8
 2015-02-15T03:00:00.000Z,-6.8,68.9,321,19.6
 2015-02-15T04:00:00.000Z,-6.8,68.9,315,21.9
 2015-02-15T05:00:00.000Z,-6.8,69,313,17.5
 2015-02-15T06:00:00.000Z,-6.8,69,308,15.2
 2015-02-15T07:00:00.000Z,-6.8,69,315,6.9
 2015-02-15T08:00:00.000Z,-6.8,69.1,312,7.9
 2015-02-15T09:00:00.000Z,-6.8,69.1,310,7.2
 2015-02-15T10:00:00.000Z,-6.8,69.2,317,8.9
 2015-02-15T11:00:00.000Z,-6.8,69.2,318,8.2
 2015-02-15T12:00:00.000Z,-6.8,69.3,334,5.5
 2015-02-15T13:00:00.000Z,-6.8,69.3,343,3.9
 2015-02-15T14:00:00.000Z,-6.8,69.3,338,3.3
 2015-02-15T15:00:00.000Z,-6.8,69.4,335,4.4
 2015-02-15T16:00:00.000Z,-6.8,69.4,334,4.8
 2015-02-15T17:00:00.000Z,-6.8,69.5,337,5.2
 2015-02-15T18:00:00.000Z,-6.8,69.5,335,5.9
 2015-02-15T19:00:00.000Z,-6.8,69.5,327,6.4
 2015-02-15T20:00:00.000Z,-6.8,69.6,325,7.2
 2015-02-15T21:00:00.000Z,-6.8,69.6,330,8.1
 2015-02-15T22:00:00.000Z,-6.8,69.7,334,7.9
 2015-02-15T23:00:00.000Z,-6.8,69.7,333,8.4
 2015-02-16T00:00:00.000Z,-6.8,69.8,337,9.4
 2015-02-16T01:00:00.000Z,-6.8,69.8,335,10.8
 2015-02-16T02:00:00.000Z,-6.8,69.8,327,11.2
 2015-02-16T03:00:00.000Z,-6.8,69.9,332,10.6
 2015-02-16T04:00:00.000Z,-6.8,69.9,343,11.6
 2015-02-16T05:00:00.000Z,-6.8,70,339,11.8
 2015-02-16T06:00:00.000Z,-6.8,70,335,13.5
 2015-02-16T07:00:00.000Z,-6.8,70.1,335,14.4
 2015-02-16T08:00:00.000Z,-6.8,70.1,339,14.3
 2015-02-16T09:00:00.000Z,-6.8,70.1,341,14.9
 2015-02-16T10:00:00.000Z,-6.8,70.2,337,15.5
 2015-02-16T11:00:00.000Z,-6.8,70.2,332,13.9
 2015-02-16T12:00:00.000Z,-6.8,70.3,330,14
 2015-02-16T13:00:00.000Z,-6.8,70.3,339,15.5
 2015-02-16T14:00:00.000Z,-6.8,70.4,363,5
 2015-02-16T15:00:00.000Z,-6.8,70.4,343,5.7
 2015-02-16T16:00:00.000Z,-6.8,70.4,346,5.1
 2015-02-16T17:00:00.000Z,-6.8,70.5,341,4.6
 2015-02-16T18:00:00.000Z,-6.8,70.5,338,5.7
 2015-02-16T19:00:00.000Z,-6.8,70.6,342,7.1
 2015-02-16T20:00:00.000Z,-6.8,70.6,322,14.3
 2015-02-16T21:00:00.000Z,-6.8,70.7,328,13.7
 2015-02-16T22:00:00.000Z,-6.8,70.7,336,13.4
 2015-02-16T23:00:00.000Z,-6.8,70.7,341,7.5
 2015-02-17T00:00:00.000Z,-6.8,70.8,346,10.2
 2015-02-17T01:00:00.000Z,-6.9,70.8,343,11.6
 2015-02-17T02:00:00.000Z,-6.9,70.9,337,12
 2015-02-17T03:00:00.000Z,-6.9,70.9,342,15.5
 2015-02-17T04:00:00.000Z,-6.9,70.9,338,16.8
 2015-02-17T05:00:00.000Z,-6.9,71,360,14.3
 2015-02-17T06:00:00.000Z,-6.9,71,376,10.8
 2015-02-17T07:00:00.000Z,-6.9,71.1,366,10.5
 2015-02-17T08:00:00.000Z,-6.9,71.1,367,9.6
 2015-02-17T09:00:00.000Z,-6.9,71.2,366,8.1
 2015-02-17T10:00:00.000Z,-6.9,71.2,382,11.9
 2015-02-17T11:00:00.000Z,-6.9,71.2,367,11.8
 2015-02-17T12:00:00.000Z,-6.9,71.3,373,11.7
 2015-02-17T13:00:00.000Z,-6.9,71.3,410,10.5
 2015-02-17T14:00:00.000Z,-6.9,71.4,405,10.9
 2015-02-17T15:00:00.000Z,-6.9,71.4,380,10.8
 2015-02-17T16:00:00.000Z,-6.9,71.5,387,9.8
 2015-02-17T17:00:00.000Z,-6.9,71.5,379,9.2
 2015-02-17T18:00:00.000Z,-6.9,71.5,358,9
 2015-02-17T19:00:00.000Z,-6.9,71.6,371,9.2
 2015-02-17T20:00:00.000Z,-6.9,71.6,372,8.5
 2015-02-17T21:00:00.000Z,-6.9,71.7,378,7.5
 2015-02-17T22:00:00.000Z,-6.9,71.7,379,7.1
 2015-02-17T23:00:00.000Z,-6.9,71.8,388,7.4
 2015-02-18T00:00:00.000Z,-6.9,71.8,418,9.7
 2015-02-18T01:00:00.000Z,-6.9,71.8,434,8.9
 2015-02-18T02:00:00.000Z,-6.9,71.9,436,8.1
 2015-02-18T03:00:00.000Z,-6.9,71.9,451,8
 2015-02-18T04:00:00.000Z,-6.9,72,440,6.4
 2015-02-18T05:00:00.000Z,-6.9,72,447,6.9
 2015-02-18T06:00:00.000Z,-6.9,72,433,7.3
 2015-02-18T07:00:00.000Z,-6.9,72.1,430,7.3
 2015-02-18T08:00:00.000Z,-6.9,72.1,436,6.7
 2015-02-18T09:00:00.000Z,-6.9,72.2,420,6.2
 2015-02-18T10:00:00.000Z,-6.9,72.2,418,6.2
 2015-02-18T11:00:00.000Z,-6.9,72.3,436,6.4
 2015-02-18T12:00:00.000Z,-6.9,72.3,461,6.4
 2015-02-18T13:00:00.000Z,-6.9,72.3,454,6.4
 2015-02-18T14:00:00.000Z,-6.9,72.4,460,6.3
 2015-02-18T15:00:00.000Z,-6.9,72.4,439,5.8
 2015-02-18T16:00:00.000Z,-6.9,72.5,429,5.3
 2015-02-18T17:00:00.000Z,-6.9,72.5,423,5
 2015-02-18T18:00:00.000Z,-6.9,72.6,416,4.6
 2015-02-18T19:00:00.000Z,-6.9,72.6,416,4.9
 2015-02-18T20:00:00.000Z,-6.9,72.6,415,5
 2015-02-18T21:00:00.000Z,-6.9,72.7,415,5.3
 2015-02-18T22:00:00.000Z,-6.9,72.7,439,6.1
 2015-02-18T23:00:00.000Z,-6.9,72.8,447,6.1
 2015-02-19T00:00:00.000Z,-6.9,72.8,415,6
 2015-02-19T01:00:00.000Z,-6.9,72.9,406,6
 2015-02-19T02:00:00.000Z,-6.9,72.9,401,5.9
 2015-02-19T03:00:00.000Z,-6.9,72.9,406,5.6
 2015-02-19T04:00:00.000Z,-6.9,73,402,5.8
 2015-02-19T05:00:00.000Z,-6.9,73,412,5.9
 2015-02-19T06:00:00.000Z,-6.9,73.1,404,5.9
 2015-02-19T07:00:00.000Z,-6.9,73.1,427,5.9
 2015-02-19T08:00:00.000Z,-6.9,73.1,403,5.9
 2015-02-19T09:00:00.000Z,-6.9,73.2,406,5.9
 2015-02-19T10:00:00.000Z,-6.9,73.2,402,5.8
 2015-02-19T11:00:00.000Z,-6.9,73.3,394,5.6
 2015-02-19T12:00:00.000Z,-6.9,73.3,396,5.6
 2015-02-19T13:00:00.000Z,-6.9,73.4,387,5
 2015-02-19T14:00:00.000Z,-7,73.4,384,5.1
 2015-02-19T15:00:00.000Z,-7,73.4,374,5.1
 2015-02-19T16:00:00.000Z,-7,73.5,359,4.6
 2015-02-19T17:00:00.000Z,-7,73.5,369,5.2
 2015-02-19T18:00:00.000Z,-7,73.6,383,5.4
 2015-02-19T19:00:00.000Z,-7,73.6,381,5.1
 2015-02-19T20:00:00.000Z,-7,73.7,378,5.1
 2015-02-19T21:00:00.000Z,-7,73.7,377,4.9
 2015-02-19T22:00:00.000Z,-7,73.7,358,4.8
 2015-02-19T23:00:00.000Z,-7,73.8,355,4.7
 2015-02-20T00:00:00.000Z,-7,73.8,353,4.7
 2015-02-20T01:00:00.000Z,-7,73.9,352,5
 2015-02-20T02:00:00.000Z,-7,73.9,358,5.3
 2015-02-20T03:00:00.000Z,-7,74,362,5.2
 2015-02-20T04:00:00.000Z,-7,74,356,5.3
 2015-02-20T05:00:00.000Z,-7,74,349,5
 2015-02-20T06:00:00.000Z,-7,74.1,359,5.6
 2015-02-20T07:00:00.000Z,-7,74.1,346,5.5
 2015-02-20T08:00:00.000Z,-7,74.2,351,5.8
 2015-02-20T09:00:00.000Z,-7,74.2,362,6.5
 2015-02-20T10:00:00.000Z,-7,74.2,348,6.2
 2015-02-20T11:00:00.000Z,-7,74.3,355,6.6
 2015-02-20T12:00:00.000Z,-7,74.3,345,6.7
 2015-02-20T13:00:00.000Z,-7,74.4,336,6.6
 2015-02-20T14:00:00.000Z,-7,74.4,342,7.1
 2015-02-20T15:00:00.000Z,-7,74.5,340,7.1
 2015-02-20T16:00:00.000Z,-7,74.5,343,7.4
 2015-02-20T17:00:00.000Z,-7,74.5,344,7.5
 2015-02-20T18:00:00.000Z,-7,74.6,339,6.7
 2015-02-20T19:00:00.000Z,-7,74.6,350,7.6
 2015-02-20T20:00:00.000Z,-7,74.7,350,8
 2015-02-20T21:00:00.000Z,-7,74.7,355,8.4
 2015-02-20T22:00:00.000Z,-7,74.8,361,8.6
 2015-02-20T23:00:00.000Z,-7,74.8,356,8.7
 2015-02-21T00:00:00.000Z,-7,74.8,352,8.9
 2015-02-21T01:00:00.000Z,-7,74.9,356,8.8
 2015-02-21T02:00:00.000Z,-7,74.9,344,8.1
 2015-02-21T03:00:00.000Z,-7,75,337,7.5
 2015-02-21T04:00:00.000Z,-7,75,330,7.4
 2015-02-21T05:00:00.000Z,-7,75.1,329,7.4
 2015-02-21T06:00:00.000Z,-7,75.1,325,7.2
 2015-02-21T07:00:00.000Z,-7,75.1,326,7.4
 2015-02-21T08:00:00.000Z,-7,75.2,322,6.7
 2015-02-21T09:00:00.000Z,-7,75.2,336,7.7
 2015-02-21T10:00:00.000Z,-7,75.3,332,6.2
 2015-02-21T11:00:00.000Z,-7,75.3,330,5.4
 2015-02-21T12:00:00.000Z,-7,75.3,335,5.9
 2015-02-21T13:00:00.000Z,-7,75.4,343,6.8
 2015-02-21T14:00:00.000Z,-7,75.4,342,8.1
 2015-02-21T15:00:00.000Z,-7,75.5,346,8.9
 2015-02-21T16:00:00.000Z,-7,75.5,346,8.9
 2015-02-21T17:00:00.000Z,-7,75.6,331,8.4
 2015-02-21T18:00:00.000Z,-7,75.6,329,8.7
 2015-02-21T19:00:00.000Z,-7,75.6,333,9.4
 2015-02-21T20:00:00.000Z,-7,75.7,333,8.4
 2015-02-21T21:00:00.000Z,-7,75.7,326,8.4
 2015-02-21T22:00:00.000Z,-7,75.8,331,9.6
 2015-02-21T23:00:00.000Z,-7,75.8,333,11
 2015-02-22T00:00:00.000Z,-7,75.9,333,10.6
 2015-02-22T01:00:00.000Z,-7,75.9,337,10.8
 2015-02-22T02:00:00.000Z,-7,75.9,331,10.4
 2015-02-22T03:00:00.000Z,-7,76,332,9.7
 2015-02-22T04:00:00.000Z,-7,76,339,9.3
 2015-02-22T05:00:00.000Z,-7,76.1,325,9.3
 2015-02-22T06:00:00.000Z,-7,76.1,314,9.7
 2015-02-22T07:00:00.000Z,-7,76.1,317,10.6
 2015-02-22T08:00:00.000Z,-7,76.2,312,11.6
 2015-02-22T09:00:00.000Z,-7,76.2,307,12.2
 2015-02-22T10:00:00.000Z,-7,76.3,306,12.6
 2015-02-22T11:00:00.000Z,-7,76.3,311,13.3
 2015-02-22T12:00:00.000Z,-7,76.4,307,13.2
 2015-02-22T13:00:00.000Z,-7,76.4,306,13.8
 2015-02-22T14:00:00.000Z,-7.1,76.4,305,14.3
 2015-02-22T15:00:00.000Z,-7.1,76.5,305,14.6
 2015-02-22T16:00:00.000Z,-7.1,76.5,305,14
 2015-02-22T17:00:00.000Z,-7.1,76.6,305,12.6
 2015-02-22T18:00:00.000Z,-7.1,76.6,306,11
 2015-02-22T19:00:00.000Z,-7.1,76.7,310,10.5
 2015-02-22T20:00:00.000Z,-7.1,76.7,325,12.2
 2015-02-22T21:00:00.000Z,-7.1,76.7,333,11.9
 2015-02-22T22:00:00.000Z,-7.1,76.8,339,12.7
 2015-02-22T23:00:00.000Z,-7.1,76.8,334,14
 2015-02-23T00:00:00.000Z,-7.1,76.9,335,13.5
 2015-02-23T01:00:00.000Z,-7.1,76.9,332,15.2
 2015-02-23T02:00:00.000Z,-7.1,77,332,15.4
 2015-02-23T03:00:00.000Z,-7.1,77,334,20.3
 2015-02-23T04:00:00.000Z,-7.1,77,340,17.8
 2015-02-23T05:00:00.000Z,-7.1,77.1,344,12.7
 2015-02-23T06:00:00.000Z,-7.1,77.1,346,11.8
 2015-02-23T07:00:00.000Z,-7.1,77.2,363,13
 2015-02-23T08:00:00.000Z,-7.1,77.2,376,20
 2015-02-23T09:00:00.000Z,-7.1,77.2,379,22.5
 2015-02-23T10:00:00.000Z,-7.1,77.3,377,20
 2015-02-23T11:00:00.000Z,-7.1,77.3,378,25.5
 2015-02-23T12:00:00.000Z,-7.1,77.4,389,31.7
 2015-02-23T13:00:00.000Z,-7.1,77.4,395,22
 2015-02-23T14:00:00.000Z,-7.1,77.5,399,15.4
 2015-02-23T15:00:00.000Z,-7.1,77.5,417,12.5
 2015-02-23T16:00:00.000Z,-7.1,77.5,428,12.4
 2015-02-23T17:00:00.000Z,-7.1,77.6,426,15.2
 2015-02-23T18:00:00.000Z,-7.1,77.6,429,25
 2015-02-23T19:00:00.000Z,-7.1,77.7,438,22.6
 2015-02-23T20:00:00.000Z,-7.1,77.7,425,26.3
 2015-02-23T21:00:00.000Z,-7.1,77.8,407,26.7
 2015-02-23T22:00:00.000Z,-7.1,77.8,418,23.9
 2015-02-23T23:00:00.000Z,-7.1,77.8,417,24.3
 2015-02-24T00:00:00.000Z,-7.1,77.9,420,22.2
 2015-02-24T01:00:00.000Z,-7.1,77.9,444,11.6
 2015-02-24T02:00:00.000Z,-7.1,78,466,11.5
 2015-02-24T03:00:00.000Z,-7.1,78,469,12.3
 2015-02-24T04:00:00.000Z,-7.1,78.1,469,9.8
 2015-02-24T05:00:00.000Z,-7.1,78.1,492,8.9
 2015-02-24T06:00:00.000Z,-7.1,78.1,487,8.9
 2015-02-24T07:00:00.000Z,-7.1,78.2,473,9.4
 2015-02-24T08:00:00.000Z,-7.1,78.2,480,9.2
 2015-02-24T09:00:00.000Z,-7.1,78.3,486,9.4
 2015-02-24T10:00:00.000Z,-7.1,78.3,482,8.6
 2015-02-24T11:00:00.000Z,-7.1,78.3,478,8.8
 2015-02-24T12:00:00.000Z,-7.1,78.4,463,7.5
 2015-02-24T13:00:00.000Z,-7.1,78.4,460,9.5
 2015-02-24T14:00:00.000Z,-7.1,78.5,460,8.9
 2015-02-24T15:00:00.000Z,-7.1,78.5,444,8.6
 2015-02-24T16:00:00.000Z,-7.1,78.6,453,6.9
 2015-02-24T17:00:00.000Z,-7.1,78.6,473,5.7
 2015-02-24T18:00:00.000Z,-7.1,78.6,477,6.1
 2015-02-24T19:00:00.000Z,-7.1,78.7,477,4
 2015-02-24T20:00:00.000Z,-7.1,78.7,471,4.2
 2015-02-24T21:00:00.000Z,-7.1,78.8,474,3.6
 2015-02-24T22:00:00.000Z,-7.1,78.8,473,3.2
 2015-02-24T23:00:00.000Z,-7.1,78.9,474,3.2
 2015-02-25T00:00:00.000Z,-7.1,78.9,479,3.4
 2015-02-25T01:00:00.000Z,-7.1,78.9,479,3.3
 2015-02-25T02:00:00.000Z,-7.1,79,479,3.3
 2015-02-25T03:00:00.000Z,-7.1,79,474,3.6
 2015-02-25T04:00:00.000Z,-7.1,79.1,466,4
 2015-02-25T05:00:00.000Z,-7.1,79.1,444,3.4
 2015-02-25T06:00:00.000Z,-7.1,79.1,452,3.6
 2015-02-25T07:00:00.000Z,-7.1,79.2,468,3.8
 2015-02-25T08:00:00.000Z,-7.1,79.2,453,3.4
 2015-02-25T09:00:00.000Z,-7.1,79.3,476,4.5
 2015-02-25T10:00:00.000Z,-7.1,79.3,488,4.9
 2015-02-25T11:00:00.000Z,-7.1,79.4,474,4.5
 2015-02-25T12:00:00.000Z,-7.1,79.4,462,4.3
 2015-02-25T13:00:00.000Z,-7.1,79.4,470,4.3
 2015-02-25T14:00:00.000Z,-7.1,79.5,465,4.4
 2015-02-25T15:00:00.000Z,-7.1,79.5,483,4.3
 2015-02-25T16:00:00.000Z,-7.1,79.6,487,4.2
 2015-02-25T17:00:00.000Z,-7.1,79.6,473,4.2
 2015-02-25T18:00:00.000Z,-7.1,79.7,470,3.9
 2015-02-25T19:00:00.000Z,-7.1,79.7,477,4.1
 2015-02-25T20:00:00.000Z,-7.1,79.7,462,3.9
 2015-02-25T21:00:00.000Z,-7.1,79.8,467,3.8
 2015-02-25T22:00:00.000Z,-7.1,79.8,463,3.7
 2015-02-25T23:00:00.000Z,-7.1,79.9,466,3.6
 2015-02-26T00:00:00.000Z,-7.1,79.9,462,4.2
 2015-02-26T01:00:00.000Z,-7.1,80,462,4
 2015-02-26T02:00:00.000Z,-7.1,80,458,4
 2015-02-26T03:00:00.000Z,-7.1,80,456,4.2
 2015-02-26T04:00:00.000Z,-7.1,80.1,445,3.7
 2015-02-26T05:00:00.000Z,-7.1,80.1,447,4
 2015-02-26T06:00:00.000Z,-7.1,80.2,444,3.6
 2015-02-26T07:00:00.000Z,-7.1,80.2,438,3.8
 2015-02-26T08:00:00.000Z,-7.1,80.2,424,3.8
 2015-02-26T09:00:00.000Z,-7.1,80.3,429,4
 2015-02-26T10:00:00.000Z,-7.1,80.3,419,3.9
 2015-02-26T11:00:00.000Z,-7.1,80.4,408,3.8
 2015-02-26T12:00:00.000Z,-7.1,80.4,399,3.9
 2015-02-26T13:00:00.000Z,-7.2,80.5,395,3.8
 2015-02-26T14:00:00.000Z,-7.2,80.5,391,3.8
 2015-02-26T15:00:00.000Z,-7.2,80.5,384,3.6
 2015-02-26T16:00:00.000Z,-7.2,80.6,379,3.4
 2015-02-26T17:00:00.000Z,-7.2,80.6,380,3.8
 2015-02-26T18:00:00.000Z,-7.2,80.7,371,3.6
 2015-02-26T19:00:00.000Z,-7.2,80.7,375,4.2
 2015-02-26T20:00:00.000Z,-7.2,80.8,371,4
 2015-02-26T21:00:00.000Z,-7.2,80.8,370,4.4
 2015-02-26T22:00:00.000Z,-7.2,80.8,363,5
 2015-02-26T23:00:00.000Z,-7.2,80.9,369,5.8
 2015-02-27T00:00:00.000Z,-7.2,80.9,367,6.2
 2015-02-27T01:00:00.000Z,-7.2,81,367,7
 2015-02-27T02:00:00.000Z,-7.2,81,361,6.8
 2015-02-27T03:00:00.000Z,-7.2,81,358,6.8
 2015-02-27T04:00:00.000Z,-7.2,81.1,355,6.8
 2015-02-27T05:00:00.000Z,-7.2,81.1,355,7.3
 2015-02-27T06:00:00.000Z,-7.2,81.2,358,8.2
 2015-02-27T07:00:00.000Z,-7.2,81.2,351,8.2
 2015-02-27T08:00:00.000Z,-7.2,81.3,351,8.9
 2015-02-27T09:00:00.000Z,-7.2,81.3,359,10.6
 2015-02-27T10:00:00.000Z,-7.2,81.3,358,10.6
 2015-02-27T11:00:00.000Z,-7.2,81.4,351,12.2
 2015-02-27T12:00:00.000Z,-7.2,81.4,345,13.1
 2015-02-27T13:00:00.000Z,-7.2,81.5,343,13.7
 2015-02-27T14:00:00.000Z,-7.2,81.5,340,12.6
 2015-02-27T15:00:00.000Z,-7.2,81.6,337,11.4
 2015-02-27T16:00:00.000Z,-7.2,81.6,333,12.1
 2015-02-27T17:00:00.000Z,-7.2,81.6,332,11.3
 2015-02-27T18:00:00.000Z,-7.2,81.7,332,9.5
 2015-02-27T19:00:00.000Z,-7.2,81.7,331,10.3
 2015-02-27T20:00:00.000Z,-7.2,81.8,327,10.8
 2015-02-27T21:00:00.000Z,-7.2,81.8,325,11.3
 2015-02-27T22:00:00.000Z,-7.2,81.8,323,11.6
 2015-02-27T23:00:00.000Z,-7.2,81.9,328,12.5
 2015-02-28T00:00:00.000Z,-7.2,81.9,338,13.7
 2015-02-28T01:00:00.000Z,-7.2,82,342,13.7
 2015-02-28T02:00:00.000Z,-7.2,82,348,14.9
 2015-02-28T03:00:00.000Z,-7.2,82.1,345,14.5
 2015-02-28T04:00:00.000Z,-7.2,82.1,344,14.9
 2015-02-28T05:00:00.000Z,-7.2,82.1,347,16.7
 2015-02-28T06:00:00.000Z,-7.2,82.2,349,18.4
 2015-02-28T07:00:00.000Z,-7.2,82.2,349,18.5
 2015-02-28T08:00:00.000Z,-7.2,82.3,354,19
 2015-02-28T09:00:00.000Z,-7.2,82.3,353,17.7
 2015-02-28T10:00:00.000Z,-7.2,82.4,354,21.1
 2015-02-28T11:00:00.000Z,-7.2,82.4,355,23.8
 2015-02-28T12:00:00.000Z,-7.2,82.4,360,21.2
 2015-02-28T13:00:00.000Z,-7.2,82.5,364,18
 2015-02-28T14:00:00.000Z,-7.2,82.5,368,15.8
 2015-02-28T15:00:00.000Z,-7.2,82.6,392,18.7
 2015-02-28T16:00:00.000Z,-7.2,82.6,394,20.8
 2015-02-28T17:00:00.000Z,-7.2,82.7,395,18.3
 2015-02-28T18:00:00.000Z,-7.2,82.7,396,16.5
 2015-02-28T19:00:00.000Z,-7.2,82.7,406,14.3
 2015-02-28T20:00:00.000Z,-7.2,82.8,427,17
 2015-02-28T21:00:00.000Z,-7.2,82.8,450,19.7
 2015-02-28T22:00:00.000Z,-7.2,82.9,465,14.4
 2015-02-28T23:00:00.000Z,-7.2,82.9,474,11.2
 2015-03-01T00:00:00.000Z,-7.2,82.9,479,9.8
 2015-03-01T01:00:00.000Z,-7.2,83,484,9.1
 2015-03-01T02:00:00.000Z,-7.2,83,484,8.8
 2015-03-01T03:00:00.000Z,-7.2,83.1,499,9.2
 2015-03-01T04:00:00.000Z,-7.2,83.1,523,9.6
 2015-03-01T05:00:00.000Z,-7.2,83.2,553,8.5
 2015-03-01T06:00:00.000Z,-7.2,83.2,546,7.3
 2015-03-01T07:00:00.000Z,-7.2,83.2,538,8.1
 2015-03-01T08:00:00.000Z,-7.2,83.3,540,7.8
 2015-03-01T09:00:00.000Z,-7.2,83.3,566,7.2
 2015-03-01T10:00:00.000Z,-7.2,83.4,550,6.8
 2015-03-01T11:00:00.000Z,-7.2,83.4,546,6.1
 2015-03-01T12:00:00.000Z,-7.2,83.5,533,5.3
 2015-03-01T13:00:00.000Z,-7.2,83.5,527,5.6
 2015-03-01T14:00:00.000Z,-7.2,83.5,522,5.9
 2015-03-01T15:00:00.000Z,-7.2,83.6,516,6
 2015-03-01T16:00:00.000Z,-7.2,83.6,514,5.6
 2015-03-01T17:00:00.000Z,-7.2,83.7,511,5.5
 2015-03-01T18:00:00.000Z,-7.2,83.7,516,4.7
 2015-03-01T19:00:00.000Z,-7.2,83.7,519,5
 2015-03-01T20:00:00.000Z,-7.2,83.8,506,8
 2015-03-01T21:00:00.000Z,-7.2,83.8,502,8.6
 2015-03-01T22:00:00.000Z,-7.2,83.9,475,7
 2015-03-01T23:00:00.000Z,-7.2,83.9,457,9.4
