EPOCH_TIME_yyyy-mm-ddThh:mm:ss.sssZ,HELIOGRAPHIC_LATITUDE_deg,HELIOGRAPHIC_LONGITUDE_deg,BULK_FLOW_SPEED_km_s,ION_DENSITY_N_cm3,
 2019-07-15T00:00:00.000Z,4.2,214.8,434,5.9,
 2019-07-15T01:00:00.000Z,4.2,214.9,432,6.3,
 2019-07-15T02:00:00.000Z,4.2,214.9,432,6.6,
 2019-07-15T03:00:00.000Z,4.2,214.9,432,6.5,
 2019-07-15T04:00:00.000Z,4.2,215,434,6.8,
 2019-07-15T05:00:00.000Z,4.2,215,435,6.8,
 2019-07-15T06:00:00.000Z,4.2,215.1,435,6.7,
 2019-07-15T07:00:00.000Z,4.2,215.1,447,5.8,
 2019-07-15T08:00:00.000Z,4.2,215.1,444,5,
 2019-07-15T09:00:00.000Z,4.2,215.2,460,5.7,
 2019-07-15T10:00:00.000Z,4.2,215.2,455,8.3,
 2019-07-15T11:00:00.000Z,4.2,215.3,450,8.9,
 2019-07-15T12:00:00.000Z,4.2,215.3,-1.00E+31,-1.00E+31,
 2019-07-15T13:00:00.000Z,4.2,215.3,477,6.2,
 2019-07-15T14:00:00.000Z,4.2,215.4,475,6.3,
 2019-07-15T15:00:00.000Z,4.2,215.4,460,6.2,
 2019-07-15T16:00:00.000Z,4.2,215.5,443,5.9,
 2019-07-15T17:00:00.000Z,4.2,215.5,444,5.6,
 2019-07-15T18:00:00.000Z,4.2,215.5,440,5,
 2019-07-15T19:00:00.000Z,4.2,215.6,435,5.8,
 2019-07-15T20:00:00.000Z,4.2,215.6,433,5.9,
 2019-07-15T21:00:00.000Z,4.2,215.7,416,5.3,
 2019-07-15T22:00:00.000Z,4.2,215.7,410,5.9,
 2019-07-15T23:00:00.000Z,4.2,215.7,402,5.7,
 2019-07-16T00:00:00.000Z,4.3,215.8,414,5.5,
 2019-07-16T01:00:00.000Z,4.3,215.8,422,4.5,
 2019-07-16T02:00:00.000Z,4.3,215.9,426,3.9,
 2019-07-16T03:00:00.000Z,4.3,215.9,425,3.3,
 2019-07-16T04:00:00.000Z,4.3,215.9,425,3.4,
 2019-07-16T05:00:00.000Z,4.3,216,408,4.2,
 2019-07-16T06:00:00.000Z,4.3,216,404,4.3,
 2019-07-16T07:00:00.000Z,4.3,216.1,405,4.4,
 2019-07-16T08:00:00.000Z,4.3,216.1,394,5,
 2019-07-16T09:00:00.000Z,4.3,216.1,388,5.1,
 2019-07-16T10:00:00.000Z,4.3,216.2,382,5.3,
 2019-07-16T11:00:00.000Z,4.3,216.2,377,5.6,
 2019-07-16T12:00:00.000Z,4.3,216.3,382,5.5,
 2019-07-16T13:00:00.000Z,4.3,216.3,-1.00E+31,-1.00E+31,
 2019-07-16T14:00:00.000Z,4.3,216.3,-1.00E+31,-1.00E+31,
 2019-07-16T15:00:00.000Z,4.3,216.4,-1.00E+31,-1.00E+31,
 2019-07-16T16:00:00.000Z,4.3,216.4,-1.00E+31,-1.00E+31,
 2019-07-16T17:00:00.000Z,4.3,216.5,-1.00E+31,-1.00E+31,
 2019-07-16T18:00:00.000Z,4.3,216.5,-1.00E+31,-1.00E+31,
 2019-07-16T19:00:00.000Z,4.3,216.5,-1.00E+31,-1.00E+31,
 2019-07-16T20:00:00.000Z,4.3,216.6,-1.00E+31,-1.00E+31,
 2019-07-16T21:00:00.000Z,4.3,216.6,-1.00E+31,-1.00E+31,
 2019-07-16T22:00:00.000Z,4.3,216.7,-1.00E+31,-1.00E+31,
 2019-07-16T23:00:00.000Z,4.3,216.7,-1.00E+31,-1.00E+31,
 2019-07-17T00:00:00.000Z,4.4,216.7,-1.00E+31,-1.00E+31,
 2019-07-17T01:00:00.000Z,4.4,216.8,-1.00E+31,-1.00E+31,
 2019-07-17T02:00:00.000Z,4.4,216.8,-1.00E+31,-1.00E+31,
 2019-07-17T03:00:00.000Z,4.4,216.9,-1.00E+31,-1.00E+31,
 2019-07-17T04:00:00.000Z,4.4,216.9,-1.00E+31,-1.00E+31,
 2019-07-17T05:00:00.000Z,4.4,216.9,-1.00E+31,-1.00E+31,
 2019-07-17T06:00:00.000Z,4.4,217,-1.00E+31,-1.00E+31,
 2019-07-17T07:00:00.000Z,4.4,217,-1.00E+31,-1.00E+31,
 2019-07-17T08:00:00.000Z,4.4,217.1,-1.00E+31,-1.00E+31,
 2019-07-17T09:00:00.000Z,4.4,217.1,-1.00E+31,-1.00E+31,
 2019-07-17T10:00:00.000Z,4.4,217.1,-1.00E+31,-1.00E+31,
 2019-07-17T11:00:00.000Z,4.4,217.2,-1.00E+31,-1.00E+31,
 2019-07-17T12:00:00.000Z,4.4,217.2,-1.00E+31,-1.00E+31,
 2019-07-17T13:00:00.000Z,4.4,217.2,-1.00E+31,-1.00E+31,
 2019-07-17T14:00:00.000Z,4.4,217.3,-1.00E+31,-1.00E+31,
 2019-07-17T15:00:00.000Z,4.4,217.3,-1.00E+31,-1.00E+31,
 2019-07-17T16:00:00.000Z,4.4,217.4,-1.00E+31,-1.00E+31,
 2019-07-17T17:00:00.000Z,4.4,217.4,-1.00E+31,-1.00E+31,
 2019-07-17T18:00:00.000Z,4.4,217.4,-1.00E+31,-1.00E+31,
 2019-07-17T19:00:00.000Z,4.4,217.5,-1.00E+31,-1.00E+31,
 2019-07-17T20:00:00.000Z,4.4,217.5,417,3.3,
 2019-07-17T21:00:00.000Z,4.4,217.6,418,3.7,
 2019-07-17T22:00:00.000Z,4.4,217.6,412,4.8,
 2019-07-17T23:00:00.000Z,4.4,217.6,412,4.6,
 2019-07-18T00:00:00.000Z,4.4,217.7,417,4.9,
 2019-07-18T01:00:00.000Z,4.5,217.7,400,5.4,
 2019-07-18T02:00:00.000Z,4.5,217.8,399,4.8,
 2019-07-18T03:00:00.000Z,4.5,217.8,395,2.7,
 2019-07-18T04:00:00.000Z,4.5,217.8,392,3.3,
 2019-07-18T05:00:00.000Z,4.5,217.9,392,3.6,
 2019-07-18T06:00:00.000Z,4.5,217.9,383,5.7,
 2019-07-18T07:00:00.000Z,4.5,218,380,6.2,
 2019-07-18T08:00:00.000Z,4.5,218,376,6.1,
 2019-07-18T09:00:00.000Z,4.5,218,370,7.1,
 2019-07-18T10:00:00.000Z,4.5,218.1,379,5.8,
 2019-07-18T11:00:00.000Z,4.5,218.1,379,6,
 2019-07-18T12:00:00.000Z,4.5,218.2,381,5.1,
 2019-07-18T13:00:00.000Z,4.5,218.2,389,6.9,
 2019-07-18T14:00:00.000Z,4.5,218.2,383,7.8,
 2019-07-18T15:00:00.000Z,4.5,218.3,372,7.8,
 2019-07-18T16:00:00.000Z,4.5,218.3,376,4.4,
 2019-07-18T17:00:00.000Z,4.5,218.4,366,4.2,
 2019-07-18T18:00:00.000Z,4.5,218.4,366,4.6,
 2019-07-18T19:00:00.000Z,4.5,218.4,372,4.3,
 2019-07-18T20:00:00.000Z,4.5,218.5,387,3.5,
 2019-07-18T21:00:00.000Z,4.5,218.5,379,3.8,
 2019-07-18T22:00:00.000Z,4.5,218.6,380,3.2,
 2019-07-18T23:00:00.000Z,4.5,218.6,370,3.9,
 2019-07-19T00:00:00.000Z,4.5,218.6,360,3.7,
 2019-07-19T01:00:00.000Z,4.5,218.7,361,3.4,
 2019-07-19T02:00:00.000Z,4.5,218.7,368,3.5,
 2019-07-19T03:00:00.000Z,4.6,218.8,362,3.5,
 2019-07-19T04:00:00.000Z,4.6,218.8,363,4.6,
 2019-07-19T05:00:00.000Z,4.6,218.8,353,3.3,
 2019-07-19T06:00:00.000Z,4.6,218.9,342,2.7,
 2019-07-19T07:00:00.000Z,4.6,218.9,349,2.9,
 2019-07-19T08:00:00.000Z,4.6,219,359,3.5,
 2019-07-19T09:00:00.000Z,4.6,219,358,3,
 2019-07-19T10:00:00.000Z,4.6,219,359,3.3,
 2019-07-19T11:00:00.000Z,4.6,219.1,354,3.8,
 2019-07-19T12:00:00.000Z,4.6,219.1,349,4.5,
 2019-07-19T13:00:00.000Z,4.6,219.2,353,4.9,
 2019-07-19T14:00:00.000Z,4.6,219.2,350,5,
 2019-07-19T15:00:00.000Z,4.6,219.2,345,5,
 2019-07-19T16:00:00.000Z,4.6,219.3,343,4.2,
 2019-07-19T17:00:00.000Z,4.6,219.3,342,3.9,
 2019-07-19T18:00:00.000Z,4.6,219.4,344,4.4,
 2019-07-19T19:00:00.000Z,4.6,219.4,346,4.5,
 2019-07-19T20:00:00.000Z,4.6,219.4,342,4.5,
 2019-07-19T21:00:00.000Z,4.6,219.5,337,4.5,
 2019-07-19T22:00:00.000Z,4.6,219.5,335,5.5,
 2019-07-19T23:00:00.000Z,4.6,219.6,333,5.8,
 2019-07-20T00:00:00.000Z,4.6,219.6,334,5.3,
 2019-07-20T01:00:00.000Z,4.6,219.6,335,5,
 2019-07-20T02:00:00.000Z,4.6,219.7,330,5.2,
 2019-07-20T03:00:00.000Z,4.6,219.7,327,5.5,
 2019-07-20T04:00:00.000Z,4.7,219.7,323,5.9,
 2019-07-20T05:00:00.000Z,4.7,219.8,323,7.3,
 2019-07-20T06:00:00.000Z,4.7,219.8,328,5.4,
 2019-07-20T07:00:00.000Z,4.7,219.9,333,4.8,
 2019-07-20T08:00:00.000Z,4.7,219.9,333,5.9,
 2019-07-20T09:00:00.000Z,4.7,219.9,330,5.8,
 2019-07-20T10:00:00.000Z,4.7,220,331,6.1,
 2019-07-20T11:00:00.000Z,4.7,220,331,7.4,
 2019-07-20T12:00:00.000Z,4.7,220.1,334,5.7,
 2019-07-20T13:00:00.000Z,4.7,220.1,334,6.6,
 2019-07-20T14:00:00.000Z,4.7,220.1,331,8.7,
 2019-07-20T15:00:00.000Z,4.7,220.2,328,8.8,
 2019-07-20T16:00:00.000Z,4.7,220.2,327,7.8,
 2019-07-20T17:00:00.000Z,4.7,220.3,325,8.9,
 2019-07-20T18:00:00.000Z,4.7,220.3,322,8.6,
 2019-07-20T19:00:00.000Z,4.7,220.3,325,6.2,
 2019-07-20T20:00:00.000Z,4.7,220.4,336,4.5,
 2019-07-20T21:00:00.000Z,4.7,220.4,341,5.2,
 2019-07-20T22:00:00.000Z,4.7,220.5,334,5.9,
 2019-07-20T23:00:00.000Z,4.7,220.5,326,6.6,
 2019-07-21T00:00:00.000Z,4.7,220.5,324,6.7,
 2019-07-21T01:00:00.000Z,4.7,220.6,322,6.6,
 2019-07-21T02:00:00.000Z,4.7,220.6,333,6,
 2019-07-21T03:00:00.000Z,4.7,220.7,338,5.2,
 2019-07-21T04:00:00.000Z,4.7,220.7,339,6,
 2019-07-21T05:00:00.000Z,4.7,220.7,330,5.4,
 2019-07-21T06:00:00.000Z,4.8,220.8,328,5.5,
 2019-07-21T07:00:00.000Z,4.8,220.8,331,6.1,
 2019-07-21T08:00:00.000Z,4.8,220.9,340,8.1,
 2019-07-21T09:00:00.000Z,4.8,220.9,349,8.7,
 2019-07-21T10:00:00.000Z,4.8,220.9,344,8.6,
 2019-07-21T11:00:00.000Z,4.8,221,341,8.8,
 2019-07-21T12:00:00.000Z,4.8,221,315,8,
 2019-07-21T13:00:00.000Z,4.8,221.1,305,8,
 2019-07-21T14:00:00.000Z,4.8,221.1,314,8.9,
 2019-07-21T15:00:00.000Z,4.8,221.1,320,10.2,
 2019-07-21T16:00:00.000Z,4.8,221.2,323,12.1,
 2019-07-21T17:00:00.000Z,4.8,221.2,315,13.5,
 2019-07-21T18:00:00.000Z,4.8,221.3,325,14,
 2019-07-21T19:00:00.000Z,4.8,221.3,342,19.6,
 2019-07-21T20:00:00.000Z,4.8,221.3,348,24.2,
 2019-07-21T21:00:00.000Z,4.8,221.4,337,15.3,
 2019-07-21T22:00:00.000Z,4.8,221.4,351,26.3,
 2019-07-21T23:00:00.000Z,4.8,221.5,363,41.2,
 2019-07-22T00:00:00.000Z,4.8,221.5,360,40,
 2019-07-22T01:00:00.000Z,4.8,221.5,355,35.4,
 2019-07-22T02:00:00.000Z,4.8,221.6,350,34.8,
 2019-07-22T03:00:00.000Z,4.8,221.6,349,25.5,
 2019-07-22T04:00:00.000Z,4.8,221.7,333,18.9,
 2019-07-22T05:00:00.000Z,4.8,221.7,329,19.1,
 2019-07-22T06:00:00.000Z,4.8,221.7,337,19.7,
 2019-07-22T07:00:00.000Z,4.8,221.8,353,19.5,
 2019-07-22T08:00:00.000Z,4.8,221.8,353,15.9,
 2019-07-22T09:00:00.000Z,4.9,221.9,365,11.4,
 2019-07-22T10:00:00.000Z,4.9,221.9,382,11.4,
 2019-07-22T11:00:00.000Z,4.9,221.9,391,11.2,
 2019-07-22T12:00:00.000Z,4.9,222,384,8.5,
 2019-07-22T13:00:00.000Z,4.9,222,396,9.1,
 2019-07-22T14:00:00.000Z,4.9,222.1,417,14.7,
 2019-07-22T15:00:00.000Z,4.9,222.1,423,12,
 2019-07-22T16:00:00.000Z,4.9,222.1,416,11.7,
 2019-07-22T17:00:00.000Z,4.9,222.2,409,8.1,
 2019-07-22T18:00:00.000Z,4.9,222.2,397,5.4,
 2019-07-22T19:00:00.000Z,4.9,222.3,402,3,
 2019-07-22T20:00:00.000Z,4.9,222.3,366,2.6,
 2019-07-22T21:00:00.000Z,4.9,222.3,370,3.1,
 2019-07-22T22:00:00.000Z,4.9,222.4,372,3.1,
 2019-07-22T23:00:00.000Z,4.9,222.4,372,2.8,
 2019-07-23T00:00:00.000Z,4.9,222.5,359,2.5,
 2019-07-23T01:00:00.000Z,4.9,222.5,374,2.6,
 2019-07-23T02:00:00.000Z,4.9,222.5,390,4.7,
 2019-07-23T03:00:00.000Z,4.9,222.6,389,5.3,
 2019-07-23T04:00:00.000Z,4.9,222.6,393,7.2,
 2019-07-23T05:00:00.000Z,4.9,222.6,388,7.4,
 2019-07-23T06:00:00.000Z,4.9,222.7,378,5.6,
 2019-07-23T07:00:00.000Z,4.9,222.7,370,4.7,
 2019-07-23T08:00:00.000Z,4.9,222.8,367,4.6,
 2019-07-23T09:00:00.000Z,4.9,222.8,378,5.5,
 2019-07-23T10:00:00.000Z,4.9,222.8,388,7.3,
 2019-07-23T11:00:00.000Z,4.9,222.9,397,13.8,
 2019-07-23T12:00:00.000Z,5,222.9,373,6,
 2019-07-23T13:00:00.000Z,5,223,384,5.3,
 2019-07-23T14:00:00.000Z,5,223,394,4.9,
 2019-07-23T15:00:00.000Z,5,223,417,4.9,
 2019-07-23T16:00:00.000Z,5,223.1,411,4,
 2019-07-23T17:00:00.000Z,5,223.1,403,3.9,
 2019-07-23T18:00:00.000Z,5,223.2,400,4.4,
 2019-07-23T19:00:00.000Z,5,223.2,414,4.3,
 2019-07-23T20:00:00.000Z,5,223.2,413,5.1,
 2019-07-23T21:00:00.000Z,5,223.3,414,5.2,
 2019-07-23T22:00:00.000Z,5,223.3,424,5,
 2019-07-23T23:00:00.000Z,5,223.4,420,4.4,
 2019-07-24T00:00:00.000Z,5,223.4,411,4.3,
 2019-07-24T01:00:00.000Z,5,223.4,401,4.1,
 2019-07-24T02:00:00.000Z,5,223.5,399,4.2,
 2019-07-24T03:00:00.000Z,5,223.5,394,4.5,
 2019-07-24T04:00:00.000Z,5,223.6,385,5.9,
 2019-07-24T05:00:00.000Z,5,223.6,382,5.3,
 2019-07-24T06:00:00.000Z,5,223.6,376,5.2,
 2019-07-24T07:00:00.000Z,5,223.7,368,5,
 2019-07-24T08:00:00.000Z,5,223.7,379,4.6,
 2019-07-24T09:00:00.000Z,5,223.8,377,4.5,
 2019-07-24T10:00:00.000Z,5,223.8,380,5.1,
 2019-07-24T11:00:00.000Z,5,223.8,390,6,
 2019-07-24T12:00:00.000Z,5,223.9,394,7.1,
 2019-07-24T13:00:00.000Z,5,223.9,390,8.4,
 2019-07-24T14:00:00.000Z,5,224,397,8.6,
 2019-07-24T15:00:00.000Z,5.1,224,397,8.7,
 2019-07-24T16:00:00.000Z,5.1,224,385,9.6,
 2019-07-24T17:00:00.000Z,5.1,224.1,381,8,
 2019-07-24T18:00:00.000Z,5.1,224.1,387,8.1,
 2019-07-24T19:00:00.000Z,5.1,224.2,378,6.4,
 2019-07-24T20:00:00.000Z,5.1,224.2,366,5.7,
 2019-07-24T21:00:00.000Z,5.1,224.2,368,5.3,
 2019-07-24T22:00:00.000Z,5.1,224.3,367,2.6,
 2019-07-24T23:00:00.000Z,5.1,224.3,360,2.7,
 2019-07-25T00:00:00.000Z,5.1,224.4,356,2.5,
 2019-07-25T01:00:00.000Z,5.1,224.4,358,4.7,
 2019-07-25T02:00:00.000Z,5.1,224.4,361,5.1,
 2019-07-25T03:00:00.000Z,5.1,224.5,368,4.9,
 2019-07-25T04:00:00.000Z,5.1,224.5,369,5.2,
 2019-07-25T05:00:00.000Z,5.1,224.6,365,5.5,
 2019-07-25T06:00:00.000Z,5.1,224.6,360,5.6,
 2019-07-25T07:00:00.000Z,5.1,224.6,357,4.8,
 2019-07-25T08:00:00.000Z,5.1,224.7,363,5,
 2019-07-25T09:00:00.000Z,5.1,224.7,367,4.9,
 2019-07-25T10:00:00.000Z,5.1,224.8,363,4.8,
 2019-07-25T11:00:00.000Z,5.1,224.8,356,5.3,
 2019-07-25T12:00:00.000Z,5.1,224.8,355,5.6,
 2019-07-25T13:00:00.000Z,5.1,224.9,348,4.9,
 2019-07-25T14:00:00.000Z,5.1,224.9,347,4.9,
 2019-07-25T15:00:00.000Z,5.1,225,344,4.8,
 2019-07-25T16:00:00.000Z,5.1,225,345,5.2,
 2019-07-25T17:00:00.000Z,5.1,225,346,5.3,
 2019-07-25T18:00:00.000Z,5.1,225.1,344,5.2,
 2019-07-25T19:00:00.000Z,5.2,225.1,348,4.6,
 2019-07-25T20:00:00.000Z,5.2,225.2,350,3.7,
 2019-07-25T21:00:00.000Z,5.2,225.2,352,3.6,
 2019-07-25T22:00:00.000Z,5.2,225.2,364,4.1,
 2019-07-25T23:00:00.000Z,5.2,225.3,361,4.2,
 2019-07-26T00:00:00.000Z,5.2,225.3,351,4.1,
 2019-07-26T01:00:00.000Z,5.2,225.4,343,3.7,
 2019-07-26T02:00:00.000Z,5.2,225.4,337,3.2,
 2019-07-26T03:00:00.000Z,5.2,225.4,340,3.7,
 2019-07-26T04:00:00.000Z,5.2,225.5,340,3.8,
 2019-07-26T05:00:00.000Z,5.2,225.5,347,3.9,
 2019-07-26T06:00:00.000Z,5.2,225.6,345,4.1,
 2019-07-26T07:00:00.000Z,5.2,225.6,337,3.8,
 2019-07-26T08:00:00.000Z,5.2,225.6,331,4.7,
 2019-07-26T09:00:00.000Z,5.2,225.7,333,4.6,
 2019-07-26T10:00:00.000Z,5.2,225.7,332,5.2,
 2019-07-26T11:00:00.000Z,5.2,225.8,329,5.5,
 2019-07-26T12:00:00.000Z,5.2,225.8,335,5.9,
 2019-07-26T13:00:00.000Z,5.2,225.8,337,6.1,
 2019-07-26T14:00:00.000Z,5.2,225.9,336,6.5,
 2019-07-26T15:00:00.000Z,5.2,225.9,340,6.6,
 2019-07-26T16:00:00.000Z,5.2,226,338,6.4,
 2019-07-26T17:00:00.000Z,5.2,226,334,7,
 2019-07-26T18:00:00.000Z,5.2,226,332,7.4,
 2019-07-26T19:00:00.000Z,5.2,226.1,321,6.9,
 2019-07-26T20:00:00.000Z,5.2,226.1,328,7.1,
 2019-07-26T21:00:00.000Z,5.2,226.2,315,6.1,
 2019-07-26T22:00:00.000Z,5.2,226.2,314,6.4,
 2019-07-26T23:00:00.000Z,5.2,226.2,320,6.4,
 2019-07-27T00:00:00.000Z,5.3,226.3,320,6.3,
 2019-07-27T01:00:00.000Z,5.3,226.3,314,6.3,
 2019-07-27T02:00:00.000Z,5.3,226.3,314,6.1,
 2019-07-27T03:00:00.000Z,5.3,226.4,309,6.5,
 2019-07-27T04:00:00.000Z,5.3,226.4,317,6.4,
 2019-07-27T05:00:00.000Z,5.3,226.5,308,7.1,
 2019-07-27T06:00:00.000Z,5.3,226.5,305,6.8,
 2019-07-27T07:00:00.000Z,5.3,226.5,303,6.9,
 2019-07-27T08:00:00.000Z,5.3,226.6,291,6.2,
 2019-07-27T09:00:00.000Z,5.3,226.6,307,10.3,
 2019-07-27T10:00:00.000Z,5.3,226.7,312,13.1,
 2019-07-27T11:00:00.000Z,5.3,226.7,320,16.3,
 2019-07-27T12:00:00.000Z,5.3,226.7,316,16.8,
 2019-07-27T13:00:00.000Z,5.3,226.8,312,14.3,
 2019-07-27T14:00:00.000Z,5.3,226.8,312,14.9,
 2019-07-27T15:00:00.000Z,5.3,226.9,309,16.1,
 2019-07-27T16:00:00.000Z,5.3,226.9,309,17.1,
 2019-07-27T17:00:00.000Z,5.3,226.9,315,15.2,
 2019-07-27T18:00:00.000Z,5.3,227,322,9,
 2019-07-27T19:00:00.000Z,5.3,227,320,7.7,
 2019-07-27T20:00:00.000Z,5.3,227.1,323,6.2,
 2019-07-27T21:00:00.000Z,5.3,227.1,324,5.5,
 2019-07-27T22:00:00.000Z,5.3,227.1,326,6.4,
 2019-07-27T23:00:00.000Z,5.3,227.2,332,6.6,
 2019-07-28T00:00:00.000Z,5.3,227.2,337,10.3,
 2019-07-28T01:00:00.000Z,5.3,227.3,340,13.2,
 2019-07-28T02:00:00.000Z,5.3,227.3,344,13.6,
 2019-07-28T03:00:00.000Z,5.3,227.3,344,12.3,
 2019-07-28T04:00:00.000Z,5.3,227.4,356,10,
 2019-07-28T05:00:00.000Z,5.4,227.4,359,10.3,
 2019-07-28T06:00:00.000Z,5.4,227.5,347,14.5,
 2019-07-28T07:00:00.000Z,5.4,227.5,349,12.4,
 2019-07-28T08:00:00.000Z,5.4,227.5,350,11.2,
 2019-07-28T09:00:00.000Z,5.4,227.6,348,10,
 2019-07-28T10:00:00.000Z,5.4,227.6,346,10.7,
 2019-07-28T11:00:00.000Z,5.4,227.7,344,10.9,
 2019-07-28T12:00:00.000Z,5.4,227.7,342,11.1,
 2019-07-28T13:00:00.000Z,5.4,227.7,348,9.9,
 2019-07-28T14:00:00.000Z,5.4,227.8,347,11.8,
 2019-07-28T15:00:00.000Z,5.4,227.8,347,15.6,
 2019-07-28T16:00:00.000Z,5.4,227.9,341,17.4,
 2019-07-28T17:00:00.000Z,5.4,227.9,337,15.3,
 2019-07-28T18:00:00.000Z,5.4,227.9,336,11,
 2019-07-28T19:00:00.000Z,5.4,228,336,9.1,
 2019-07-28T20:00:00.000Z,5.4,228,343,7.4,
 2019-07-28T21:00:00.000Z,5.4,228.1,349,6,
 2019-07-28T22:00:00.000Z,5.4,228.1,352,6.9,
 2019-07-28T23:00:00.000Z,5.4,228.1,351,7,
 2019-07-29T00:00:00.000Z,5.4,228.2,347,7.4,
 2019-07-29T01:00:00.000Z,5.4,228.2,353,6.2,
 2019-07-29T02:00:00.000Z,5.4,228.3,354,7.1,
 2019-07-29T03:00:00.000Z,5.4,228.3,347,7.7,
 2019-07-29T04:00:00.000Z,5.4,228.3,352,7.9,
 2019-07-29T05:00:00.000Z,5.4,228.4,361,8.5,
 2019-07-29T06:00:00.000Z,5.4,228.4,362,9.4,
 2019-07-29T07:00:00.000Z,5.4,228.5,371,7,
 2019-07-29T08:00:00.000Z,5.4,228.5,368,7.3,
 2019-07-29T09:00:00.000Z,5.4,228.5,374,7.9,
 2019-07-29T10:00:00.000Z,5.4,228.6,369,8.3,
 2019-07-29T11:00:00.000Z,5.5,228.6,369,7.6,
 2019-07-29T12:00:00.000Z,5.5,228.7,372,7.4,
 2019-07-29T13:00:00.000Z,5.5,228.7,368,7,
 2019-07-29T14:00:00.000Z,5.5,228.7,365,7.2,
 2019-07-29T15:00:00.000Z,5.5,228.8,364,6.6,
 2019-07-29T16:00:00.000Z,5.5,228.8,359,5.9,
 2019-07-29T17:00:00.000Z,5.5,228.9,355,5.9,
 2019-07-29T18:00:00.000Z,5.5,228.9,361,5.6,
 2019-07-29T19:00:00.000Z,5.5,228.9,360,5.3,
 2019-07-29T20:00:00.000Z,5.5,229,356,4.6,
 2019-07-29T21:00:00.000Z,5.5,229,357,4.1,
 2019-07-29T22:00:00.000Z,5.5,229.1,355,4.1,
 2019-07-29T23:00:00.000Z,5.5,229.1,357,4,
 2019-07-30T00:00:00.000Z,5.5,229.1,351,3.7,
 2019-07-30T01:00:00.000Z,5.5,229.2,337,3.5,
 2019-07-30T02:00:00.000Z,5.5,229.2,337,3.7,
 2019-07-30T03:00:00.000Z,5.5,229.3,335,3.8,
 2019-07-30T04:00:00.000Z,5.5,229.3,329,3.5,
 2019-07-30T05:00:00.000Z,5.5,229.3,324,3.7,
 2019-07-30T06:00:00.000Z,5.5,229.4,328,4.1,
 2019-07-30T07:00:00.000Z,5.5,229.4,321,3.8,
 2019-07-30T08:00:00.000Z,5.5,229.5,332,5.4,
 2019-07-30T09:00:00.000Z,5.5,229.5,353,7.9,
 2019-07-30T10:00:00.000Z,5.5,229.5,353,11,
 2019-07-30T11:00:00.000Z,5.5,229.6,348,10.7,
 2019-07-30T12:00:00.000Z,5.5,229.6,350,12.9,
 2019-07-30T13:00:00.000Z,5.5,229.7,359,9.6,
 2019-07-30T14:00:00.000Z,5.5,229.7,363,16.8,
 2019-07-30T15:00:00.000Z,5.5,229.7,360,16.1,
 2019-07-30T16:00:00.000Z,5.5,229.8,366,6.8,
 2019-07-30T17:00:00.000Z,5.6,229.8,371,7.4,
 2019-07-30T18:00:00.000Z,5.6,229.9,379,7.2,
 2019-07-30T19:00:00.000Z,5.6,229.9,388,8.1,
 2019-07-30T20:00:00.000Z,5.6,229.9,403,11.3,
 2019-07-30T21:00:00.000Z,5.6,230,402,12.4,
 2019-07-30T22:00:00.000Z,5.6,230,416,17.5,
 2019-07-30T23:00:00.000Z,5.6,230.1,426,11.3,
 2019-07-31T00:00:00.000Z,5.6,230.1,453,6.1,
 2019-07-31T01:00:00.000Z,5.6,230.1,451,7.7,
 2019-07-31T02:00:00.000Z,5.6,230.2,452,6.9,
 2019-07-31T03:00:00.000Z,5.6,230.2,464,5.9,
 2019-07-31T04:00:00.000Z,5.6,230.3,461,5.1,
 2019-07-31T05:00:00.000Z,5.6,230.3,450,5.1,
 2019-07-31T06:00:00.000Z,5.6,230.3,458,6.3,
 2019-07-31T07:00:00.000Z,5.6,230.4,464,5.3,
 2019-07-31T08:00:00.000Z,5.6,230.4,465,6.4,
 2019-07-31T09:00:00.000Z,5.6,230.5,461,5.5,
 2019-07-31T10:00:00.000Z,5.6,230.5,464,6.2,
 2019-07-31T11:00:00.000Z,5.6,230.5,470,5.2,
 2019-07-31T12:00:00.000Z,5.6,230.6,464,6.2,
 2019-07-31T13:00:00.000Z,5.6,230.6,458,4.2,
 2019-07-31T14:00:00.000Z,5.6,230.7,454,6.7,
 2019-07-31T15:00:00.000Z,5.6,230.7,460,6.3,
 2019-07-31T16:00:00.000Z,5.6,230.7,473,6.3,
 2019-07-31T17:00:00.000Z,5.6,230.8,484,6.8,
 2019-07-31T18:00:00.000Z,5.6,230.8,482,7.3,
 2019-07-31T19:00:00.000Z,5.6,230.9,496,6.9,
 2019-07-31T20:00:00.000Z,5.6,230.9,493,6.4,
 2019-07-31T21:00:00.000Z,5.6,230.9,491,6.5,
 2019-07-31T22:00:00.000Z,5.6,231,478,6.1,
 2019-07-31T23:00:00.000Z,5.6,231,478,6,
 2019-08-01T00:00:00.000Z,5.7,231.1,476,5.8,
 2019-08-01T01:00:00.000Z,5.7,231.1,528,2.9,
 2019-08-01T02:00:00.000Z,5.7,231.1,526,2.4,
 2019-08-01T03:00:00.000Z,5.7,231.2,526,2.2,
 2019-08-01T04:00:00.000Z,5.7,231.2,550,2.3,
 2019-08-01T05:00:00.000Z,5.7,231.3,548,2.2,
 2019-08-01T06:00:00.000Z,5.7,231.3,553,2.4,
 2019-08-01T07:00:00.000Z,5.7,231.3,542,2.4,
 2019-08-01T08:00:00.000Z,5.7,231.4,540,2.3,
 2019-08-01T09:00:00.000Z,5.7,231.4,542,2.3,
 2019-08-01T10:00:00.000Z,5.7,231.5,543,2.6,
 2019-08-01T11:00:00.000Z,5.7,231.5,534,2.5,
 2019-08-01T12:00:00.000Z,5.7,231.5,523,2.5,
 2019-08-01T13:00:00.000Z,5.7,231.6,522,2.7,
 2019-08-01T14:00:00.000Z,5.7,231.6,519,2.9,
 2019-08-01T15:00:00.000Z,5.7,231.7,511,3.4,
 2019-08-01T16:00:00.000Z,5.7,231.7,513,3.9,
 2019-08-01T17:00:00.000Z,5.7,231.7,502,4,
 2019-08-01T18:00:00.000Z,5.7,231.8,494,3.5,
 2019-08-01T19:00:00.000Z,5.7,231.8,497,3.3,
 2019-08-01T20:00:00.000Z,5.7,231.9,492,3.4,
 2019-08-01T21:00:00.000Z,5.7,231.9,495,3.2,
 2019-08-01T22:00:00.000Z,5.7,231.9,493,3.3,
 2019-08-01T23:00:00.000Z,5.7,232,492,3,
 2019-08-02T00:00:00.000Z,5.7,232,493,2.8,
 2019-08-02T01:00:00.000Z,5.7,232.1,489,2.5,
 2019-08-02T02:00:00.000Z,5.7,232.1,489,2.2,
 2019-08-02T03:00:00.000Z,5.7,232.1,470,1.9,
 2019-08-02T04:00:00.000Z,5.7,232.2,474,2,
 2019-08-02T05:00:00.000Z,5.7,232.2,478,1.9,
 2019-08-02T06:00:00.000Z,5.7,232.3,478,1.9,
 2019-08-02T07:00:00.000Z,5.7,232.3,469,1.9,
 2019-08-02T08:00:00.000Z,5.8,232.3,456,2.3,
 2019-08-02T09:00:00.000Z,5.8,232.4,456,2.1,
 2019-08-02T10:00:00.000Z,5.8,232.4,470,1.4,
 2019-08-02T11:00:00.000Z,5.8,232.5,457,1.9,
 2019-08-02T12:00:00.000Z,5.8,232.5,443,2.4,
 2019-08-02T13:00:00.000Z,5.8,232.5,433,3.3,
 2019-08-02T14:00:00.000Z,5.8,232.6,427,5.1,
 2019-08-02T15:00:00.000Z,5.8,232.6,424,5.5,
 2019-08-02T16:00:00.000Z,5.8,232.7,421,5.7,
 2019-08-02T17:00:00.000Z,5.8,232.7,417,5.7,
 2019-08-02T18:00:00.000Z,5.8,232.7,411,6,
 2019-08-02T19:00:00.000Z,5.8,232.8,408,5.7,
 2019-08-02T20:00:00.000Z,5.8,232.8,410,5.4,
 2019-08-02T21:00:00.000Z,5.8,232.9,406,6.5,
 2019-08-02T22:00:00.000Z,5.8,232.9,401,6.6,
 2019-08-02T23:00:00.000Z,5.8,232.9,396,5.3,
 2019-08-03T00:00:00.000Z,5.8,233,394,5.3,
 2019-08-03T01:00:00.000Z,5.8,233,392,4.2,
 2019-08-03T02:00:00.000Z,5.8,233.1,388,4.1,
 2019-08-03T03:00:00.000Z,5.8,233.1,386,4,
 2019-08-03T04:00:00.000Z,5.8,233.1,386,3.7,
 2019-08-03T05:00:00.000Z,5.8,233.2,384,3.7,
 2019-08-03T06:00:00.000Z,5.8,233.2,383,3.6,
 2019-08-03T07:00:00.000Z,5.8,233.3,380,3.6,
 2019-08-03T08:00:00.000Z,5.8,233.3,377,3.8,
 2019-08-03T09:00:00.000Z,5.8,233.3,379,3.6,
 2019-08-03T10:00:00.000Z,5.8,233.4,375,3.9,
 2019-08-03T11:00:00.000Z,5.8,233.4,369,4.2,
 2019-08-03T12:00:00.000Z,5.8,233.5,365,4.1,
 2019-08-03T13:00:00.000Z,5.8,233.5,366,4.2,
 2019-08-03T14:00:00.000Z,5.8,233.5,364,4.2,
 2019-08-03T15:00:00.000Z,5.8,233.6,364,4.5,
 2019-08-03T16:00:00.000Z,5.8,233.6,366,4.6,
 2019-08-03T17:00:00.000Z,5.9,233.7,364,4.7,
 2019-08-03T18:00:00.000Z,5.9,233.7,359,4.9,
 2019-08-03T19:00:00.000Z,5.9,233.7,357,5,
 2019-08-03T20:00:00.000Z,5.9,233.8,355,5.1,
 2019-08-03T21:00:00.000Z,5.9,233.8,352,5.4,
 2019-08-03T22:00:00.000Z,5.9,233.9,350,6.2,
 2019-08-03T23:00:00.000Z,5.9,233.9,345,6.2,
 2019-08-04T00:00:00.000Z,5.9,233.9,343,6.5,
 2019-08-04T01:00:00.000Z,5.9,234,344,6.7,
 2019-08-04T02:00:00.000Z,5.9,234,348,7.2,
 2019-08-04T03:00:00.000Z,5.9,234.1,349,8.1,
 2019-08-04T04:00:00.000Z,5.9,234.1,345,7.2,
 2019-08-04T05:00:00.000Z,5.9,234.1,342,6.6,
 2019-08-04T06:00:00.000Z,5.9,234.2,342,6.6,
 2019-08-04T07:00:00.000Z,5.9,234.2,345,7.6,
 2019-08-04T08:00:00.000Z,5.9,234.3,369,16.8,
 2019-08-04T09:00:00.000Z,5.9,234.3,368,12,
 2019-08-04T10:00:00.000Z,5.9,234.3,356,12.5,
 2019-08-04T11:00:00.000Z,5.9,234.4,353,8.5,
 2019-08-04T12:00:00.000Z,5.9,234.4,345,6.7,
 2019-08-04T13:00:00.000Z,5.9,234.5,345,7.2,
 2019-08-04T14:00:00.000Z,5.9,234.5,345,7.8,
 2019-08-04T15:00:00.000Z,5.9,234.5,343,8.8,
 2019-08-04T16:00:00.000Z,5.9,234.6,344,11,
 2019-08-04T17:00:00.000Z,5.9,234.6,338,13.2,
 2019-08-04T18:00:00.000Z,5.9,234.7,334,12.8,
 2019-08-04T19:00:00.000Z,5.9,234.7,330,13.4,
 2019-08-04T20:00:00.000Z,5.9,234.7,329,11.7,
 2019-08-04T21:00:00.000Z,5.9,234.8,329,13,
 2019-08-04T22:00:00.000Z,5.9,234.8,327,14.4,
 2019-08-04T23:00:00.000Z,5.9,234.9,322,14.8,
 2019-08-05T00:00:00.000Z,5.9,234.9,324,21.7,
 2019-08-05T01:00:00.000Z,5.9,234.9,324,22.2,
 2019-08-05T02:00:00.000Z,5.9,235,345,21.9,
 2019-08-05T03:00:00.000Z,6,235,387,23.6,
 2019-08-05T04:00:00.000Z,6,235.1,451,18,
 2019-08-05T05:00:00.000Z,6,235.1,453,15.4,
 2019-08-05T06:00:00.000Z,6,235.1,486,19.9,
 2019-08-05T07:00:00.000Z,6,235.2,489,19.1,
 2019-08-05T08:00:00.000Z,6,235.2,512,19.3,
 2019-08-05T09:00:00.000Z,6,235.3,539,14,
 2019-08-05T10:00:00.000Z,6,235.3,597,11.5,
 2019-08-05T11:00:00.000Z,6,235.3,632,8,
 2019-08-05T12:00:00.000Z,6,235.4,633,7.2,
 2019-08-05T13:00:00.000Z,6,235.4,667,6.6,
 2019-08-05T14:00:00.000Z,6,235.5,653,5.2,
 2019-08-05T15:00:00.000Z,6,235.5,667,5.2,
 2019-08-05T16:00:00.000Z,6,235.5,667,5.6,
 2019-08-05T17:00:00.000Z,6,235.6,670,5,
 2019-08-05T18:00:00.000Z,6,235.6,687,3.5,
 2019-08-05T19:00:00.000Z,6,235.7,676,2.3,
 2019-08-05T20:00:00.000Z,6,235.7,685,2.4,
 2019-08-05T21:00:00.000Z,6,235.7,706,2.4,
 2019-08-05T22:00:00.000Z,6,235.8,707,2.2,
 2019-08-05T23:00:00.000Z,6,235.8,708,2.2,
 2019-08-06T00:00:00.000Z,6,235.9,705,2.2,
 2019-08-06T01:00:00.000Z,6,235.9,722,2.2,
 2019-08-06T02:00:00.000Z,6,235.9,717,2.1,
 2019-08-06T03:00:00.000Z,6,236,712,2,
 2019-08-06T04:00:00.000Z,6,236,715,2.1,
 2019-08-06T05:00:00.000Z,6,236.1,712,1.9,
 2019-08-06T06:00:00.000Z,6,236.1,705,1.8,
 2019-08-06T07:00:00.000Z,6,236.1,663,1.6,
 2019-08-06T08:00:00.000Z,6,236.2,653,1.8,
 2019-08-06T09:00:00.000Z,6,236.2,681,2.2,
 2019-08-06T10:00:00.000Z,6,236.3,659,1.8,
 2019-08-06T11:00:00.000Z,6,236.3,644,1.8,
 2019-08-06T12:00:00.000Z,6,236.3,641,2.1,
 2019-08-06T13:00:00.000Z,6,236.4,655,2.2,
 2019-08-06T14:00:00.000Z,6,236.4,645,2,
 2019-08-06T15:00:00.000Z,6.1,236.5,615,1.8,
 2019-08-06T16:00:00.000Z,6.1,236.5,622,2.1,
 2019-08-06T17:00:00.000Z,6.1,236.5,612,2.4,
 2019-08-06T18:00:00.000Z,6.1,236.6,599,2.8,
 2019-08-06T19:00:00.000Z,6.1,236.6,602,2.7,
 2019-08-06T20:00:00.000Z,6.1,236.7,611,2.6,
 2019-08-06T21:00:00.000Z,6.1,236.7,637,2.3,
 2019-08-06T22:00:00.000Z,6.1,236.7,627,2.3,
 2019-08-06T23:00:00.000Z,6.1,236.8,622,2.5,
 2019-08-07T00:00:00.000Z,6.1,236.8,601,2.4,
 2019-08-07T01:00:00.000Z,6.1,236.9,592,2.3,
 2019-08-07T02:00:00.000Z,6.1,236.9,585,2.3,
 2019-08-07T03:00:00.000Z,6.1,236.9,572,2.1,
 2019-08-07T04:00:00.000Z,6.1,237,559,1.8,
 2019-08-07T05:00:00.000Z,6.1,237,560,2.1,
 2019-08-07T06:00:00.000Z,6.1,237.1,551,1.9,
 2019-08-07T07:00:00.000Z,6.1,237.1,541,1.6,
 2019-08-07T08:00:00.000Z,6.1,237.1,541,1.7,
 2019-08-07T09:00:00.000Z,6.1,237.2,518,1.9,
 2019-08-07T10:00:00.000Z,6.1,237.2,524,2.3,
 2019-08-07T11:00:00.000Z,6.1,237.3,514,2.4,
 2019-08-07T12:00:00.000Z,6.1,237.3,507,2.6,
 2019-08-07T13:00:00.000Z,6.1,237.3,514,3,
 2019-08-07T14:00:00.000Z,6.1,237.4,485,2.3,
 2019-08-07T15:00:00.000Z,6.1,237.4,478,2.3,
 2019-08-07T16:00:00.000Z,6.1,237.5,475,2.3,
 2019-08-07T17:00:00.000Z,6.1,237.5,479,2.6,
 2019-08-07T18:00:00.000Z,6.1,237.5,488,2.6,
 2019-08-07T19:00:00.000Z,6.1,237.6,484,2.8,
 2019-08-07T20:00:00.000Z,6.1,237.6,495,2.9,
 2019-08-07T21:00:00.000Z,6.1,237.7,482,2.6,
 2019-08-07T22:00:00.000Z,6.1,237.7,466,2.4,
 2019-08-07T23:00:00.000Z,6.1,237.7,473,2.9,
 2019-08-08T00:00:00.000Z,6.1,237.8,447,2.3,
 2019-08-08T01:00:00.000Z,6.1,237.8,457,3.3,
 2019-08-08T02:00:00.000Z,6.1,237.9,454,3.2,
 2019-08-08T03:00:00.000Z,6.2,237.9,449,3.4,
 2019-08-08T04:00:00.000Z,6.2,237.9,459,3.7,
 2019-08-08T05:00:00.000Z,6.2,238,461,2.7,
 2019-08-08T06:00:00.000Z,6.2,238,438,2.6,
 2019-08-08T07:00:00.000Z,6.2,238.1,425,2.3,
 2019-08-08T08:00:00.000Z,6.2,238.1,422,2.3,
 2019-08-08T09:00:00.000Z,6.2,238.1,440,2.5,
 2019-08-08T10:00:00.000Z,6.2,238.2,435,2.2,
 2019-08-08T11:00:00.000Z,6.2,238.2,460,2.6,
 2019-08-08T12:00:00.000Z,6.2,238.3,506,2.4,
 2019-08-08T13:00:00.000Z,6.2,238.3,544,2.8,
 2019-08-08T14:00:00.000Z,6.2,238.3,544,2.6,
 2019-08-08T15:00:00.000Z,6.2,238.4,542,2.3,
 2019-08-08T16:00:00.000Z,6.2,238.4,550,2.3,
 2019-08-08T17:00:00.000Z,6.2,238.5,543,2,
 2019-08-08T18:00:00.000Z,6.2,238.5,524,1.9,
 2019-08-08T19:00:00.000Z,6.2,238.5,532,1.8,
 2019-08-08T20:00:00.000Z,6.2,238.6,534,1.7,
 2019-08-08T21:00:00.000Z,6.2,238.6,527,1.9,
 2019-08-08T22:00:00.000Z,6.2,238.7,520,2,
 2019-08-08T23:00:00.000Z,6.2,238.7,-1.00E+31,-1.00E+31,
 2019-08-09T00:00:00.000Z,6.2,238.7,-1.00E+31,-1.00E+31,
 2019-08-09T01:00:00.000Z,6.2,238.8,-1.00E+31,-1.00E+31,
 2019-08-09T02:00:00.000Z,6.2,238.8,-1.00E+31,-1.00E+31,
 2019-08-09T03:00:00.000Z,6.2,238.9,-1.00E+31,-1.00E+31,
 2019-08-09T04:00:00.000Z,6.2,238.9,-1.00E+31,-1.00E+31,
 2019-08-09T05:00:00.000Z,6.2,238.9,-1.00E+31,-1.00E+31,
 2019-08-09T06:00:00.000Z,6.2,239,-1.00E+31,-1.00E+31,
 2019-08-09T07:00:00.000Z,6.2,239,-1.00E+31,-1.00E+31,
 2019-08-09T08:00:00.000Z,6.2,239.1,-1.00E+31,-1.00E+31,
 2019-08-09T09:00:00.000Z,6.2,239.1,-1.00E+31,-1.00E+31,
 2019-08-09T10:00:00.000Z,6.2,239.1,-1.00E+31,-1.00E+31,
 2019-08-09T11:00:00.000Z,6.2,239.2,-1.00E+31,-1.00E+31,
 2019-08-09T12:00:00.000Z,6.2,239.2,-1.00E+31,-1.00E+31,
 2019-08-09T13:00:00.000Z,6.2,239.3,-1.00E+31,-1.00E+31,
 2019-08-09T14:00:00.000Z,6.2,239.3,-1.00E+31,-1.00E+31,
 2019-08-09T15:00:00.000Z,6.2,239.3,-1.00E+31,-1.00E+31,
 2019-08-09T16:00:00.000Z,6.2,239.4,-1.00E+31,-1.00E+31,
 2019-08-09T17:00:00.000Z,6.3,239.4,545,4.1,
 2019-08-09T18:00:00.000Z,6.3,239.5,546,3.2,
 2019-08-09T19:00:00.000Z,6.3,239.5,546,3.2,
 2019-08-09T20:00:00.000Z,6.3,239.5,562,3.7,
 2019-08-09T21:00:00.000Z,6.3,239.6,608,4.2,
 2019-08-09T22:00:00.000Z,6.3,239.6,627,3.5,
 2019-08-09T23:00:00.000Z,6.3,239.7,624,3.8,
 2019-08-10T00:00:00.000Z,6.3,239.7,630,3.1,
 2019-08-10T01:00:00.000Z,6.3,239.7,628,2.2,
 2019-08-10T02:00:00.000Z,6.3,239.8,618,2.1,
 2019-08-10T03:00:00.000Z,6.3,239.8,603,1.6,
 2019-08-10T04:00:00.000Z,6.3,239.9,594,1.6,
 2019-08-10T05:00:00.000Z,6.3,239.9,575,1.5,
 2019-08-10T06:00:00.000Z,6.3,239.9,563,1.5,
 2019-08-10T07:00:00.000Z,6.3,240,544,1.4,
 2019-08-10T08:00:00.000Z,6.3,240,530,1.5,
 2019-08-10T09:00:00.000Z,6.3,240.1,523,1.5,
 2019-08-10T10:00:00.000Z,6.3,240.1,511,1.6,
 2019-08-10T11:00:00.000Z,6.3,240.1,520,1.7,
 2019-08-10T12:00:00.000Z,6.3,240.2,512,1.3,
 2019-08-10T13:00:00.000Z,6.3,240.2,515,1.8,
 2019-08-10T14:00:00.000Z,6.3,240.3,496,1.8,
 2019-08-10T15:00:00.000Z,6.3,240.3,479,1.9,
 2019-08-10T16:00:00.000Z,6.3,240.3,471,1.8,
 2019-08-10T17:00:00.000Z,6.3,240.4,469,2.2,
 2019-08-10T18:00:00.000Z,6.3,240.4,486,2.8,
 2019-08-10T19:00:00.000Z,6.3,240.5,503,3.3,
 2019-08-10T20:00:00.000Z,6.3,240.5,505,3.1,
 2019-08-10T21:00:00.000Z,6.3,240.5,491,3.2,
 2019-08-10T22:00:00.000Z,6.3,240.6,510,2.8,
 2019-08-10T23:00:00.000Z,6.3,240.6,498,2.4,
 2019-08-11T00:00:00.000Z,6.3,240.7,478,2.2,
 2019-08-11T01:00:00.000Z,6.3,240.7,469,2.1,
 2019-08-11T02:00:00.000Z,6.3,240.7,455,2.6,
 2019-08-11T03:00:00.000Z,6.3,240.8,446,2.7,
 2019-08-11T04:00:00.000Z,6.3,240.8,450,2.9,
 2019-08-11T05:00:00.000Z,6.3,240.9,448,3,
 2019-08-11T06:00:00.000Z,6.3,240.9,434,3.2,
 2019-08-11T07:00:00.000Z,6.3,240.9,427,3.5,
 2019-08-11T08:00:00.000Z,6.3,241,442,3.6,
 2019-08-11T09:00:00.000Z,6.4,241,450,3.8,
 2019-08-11T10:00:00.000Z,6.4,241.1,471,5.2,
 2019-08-11T11:00:00.000Z,6.4,241.1,462,5.4,
 2019-08-11T12:00:00.000Z,6.4,241.1,455,6.4,
 2019-08-11T13:00:00.000Z,6.4,241.2,446,6,
 2019-08-11T14:00:00.000Z,6.4,241.2,459,5.4,
 2019-08-11T15:00:00.000Z,6.4,241.3,462,4.7,
 2019-08-11T16:00:00.000Z,6.4,241.3,449,4.8,
 2019-08-11T17:00:00.000Z,6.4,241.3,450,5.2,
 2019-08-11T18:00:00.000Z,6.4,241.4,441,3.3,
 2019-08-11T19:00:00.000Z,6.4,241.4,430,3.8,
 2019-08-11T20:00:00.000Z,6.4,241.5,428,3.9,
 2019-08-11T21:00:00.000Z,6.4,241.5,422,6.4,
 2019-08-11T22:00:00.000Z,6.4,241.5,403,5.6,
 2019-08-11T23:00:00.000Z,6.4,241.6,410,5.4,
 2019-08-12T00:00:00.000Z,6.4,241.6,393,5.9,
 2019-08-12T01:00:00.000Z,6.4,241.7,388,7.2,
 2019-08-12T02:00:00.000Z,6.4,241.7,397,9.6,
 2019-08-12T03:00:00.000Z,6.4,241.7,388,12.8,
 2019-08-12T04:00:00.000Z,6.4,241.8,381,12.9,
 2019-08-12T05:00:00.000Z,6.4,241.8,377,13.5,
 2019-08-12T06:00:00.000Z,6.4,241.9,379,13.7,
 2019-08-12T07:00:00.000Z,6.4,241.9,376,13.7,
 2019-08-12T08:00:00.000Z,6.4,241.9,384,12.7,
 2019-08-12T09:00:00.000Z,6.4,242,399,8.1,
 2019-08-12T10:00:00.000Z,6.4,242,434,8.6,
 2019-08-12T11:00:00.000Z,6.4,242.1,440,7.3,
 2019-08-12T12:00:00.000Z,6.4,242.1,447,5.9,
 2019-08-12T13:00:00.000Z,6.4,242.1,457,5.8,
 2019-08-12T14:00:00.000Z,6.4,242.2,457,5.4,
 2019-08-12T15:00:00.000Z,6.4,242.2,467,4.5,
 2019-08-12T16:00:00.000Z,6.4,242.3,464,4.5,
 2019-08-12T17:00:00.000Z,6.4,242.3,461,4.8,
 2019-08-12T18:00:00.000Z,6.4,242.3,469,5.8,
 2019-08-12T19:00:00.000Z,6.4,242.4,464,5.7,
 2019-08-12T20:00:00.000Z,6.4,242.4,461,6.2,
 2019-08-12T21:00:00.000Z,6.4,242.5,458,6.4,
 2019-08-12T22:00:00.000Z,6.4,242.5,455,7.6,
 2019-08-12T23:00:00.000Z,6.4,242.5,456,9.6,
 2019-08-13T00:00:00.000Z,6.4,242.6,457,10.1,
 2019-08-13T01:00:00.000Z,6.4,242.6,448,6.1,
 2019-08-13T02:00:00.000Z,6.4,242.7,432,4.7,
 2019-08-13T03:00:00.000Z,6.5,242.7,430,5.2,
 2019-08-13T04:00:00.000Z,6.5,242.7,428,4.8,
 2019-08-13T05:00:00.000Z,6.5,242.8,427,4.7,
 2019-08-13T06:00:00.000Z,6.5,242.8,422,4.4,
 2019-08-13T07:00:00.000Z,6.5,242.9,427,4.9,
 2019-08-13T08:00:00.000Z,6.5,242.9,430,5.4,
 2019-08-13T09:00:00.000Z,6.5,242.9,450,5.2,
 2019-08-13T10:00:00.000Z,6.5,243,452,4.4,
 2019-08-13T11:00:00.000Z,6.5,243,453,3.7,
 2019-08-13T12:00:00.000Z,6.5,243.1,455,4.3,
 2019-08-13T13:00:00.000Z,6.5,243.1,475,4.5,
 2019-08-13T14:00:00.000Z,6.5,243.1,469,4.6,
 2019-08-13T15:00:00.000Z,6.5,243.2,480,4,
 2019-08-13T16:00:00.000Z,6.5,243.2,474,3.7,
 2019-08-13T17:00:00.000Z,6.5,243.3,482,3.2,
 2019-08-13T18:00:00.000Z,6.5,243.3,491,3.3,
 2019-08-13T19:00:00.000Z,6.5,243.4,481,3.3,
 2019-08-13T20:00:00.000Z,6.5,243.4,490,3.1,
 2019-08-13T21:00:00.000Z,6.5,243.4,481,3.1,
 2019-08-13T22:00:00.000Z,6.5,243.5,465,3.4,
 2019-08-13T23:00:00.000Z,6.5,243.5,461,3.4,
 2019-08-14T00:00:00.000Z,6.5,243.6,461,3.5,
 2019-08-14T01:00:00.000Z,6.5,243.6,478,2.7,
 2019-08-14T02:00:00.000Z,6.5,243.6,485,1.9,
 2019-08-14T03:00:00.000Z,6.5,243.7,484,1.7,
 2019-08-14T04:00:00.000Z,6.5,243.7,459,1.3,
 2019-08-14T05:00:00.000Z,6.5,243.8,461,1.7,
 2019-08-14T06:00:00.000Z,6.5,243.8,456,1.8,
 2019-08-14T07:00:00.000Z,6.5,243.8,458,2,
 2019-08-14T08:00:00.000Z,6.5,243.9,464,3.4,
 2019-08-14T09:00:00.000Z,6.5,243.9,464,3.2,
 2019-08-14T10:00:00.000Z,6.5,244,456,2.6,
 2019-08-14T11:00:00.000Z,6.5,244,449,2.5,
 2019-08-14T12:00:00.000Z,6.5,244,446,2.7,
 2019-08-14T13:00:00.000Z,6.5,244.1,444,2.5,
 2019-08-14T14:00:00.000Z,6.5,244.1,452,2.7,
 2019-08-14T15:00:00.000Z,6.5,244.2,447,2.7,
 2019-08-14T16:00:00.000Z,6.5,244.2,441,2.6,
 2019-08-14T17:00:00.000Z,6.5,244.2,443,2.8,
 2019-08-14T18:00:00.000Z,6.5,244.3,442,3,
 2019-08-14T19:00:00.000Z,6.5,244.3,451,2.8,
 2019-08-14T20:00:00.000Z,6.5,244.4,450,2.7,
 2019-08-14T21:00:00.000Z,6.5,244.4,463,2.3,
 2019-08-14T22:00:00.000Z,6.5,244.4,464,2.3,
 2019-08-14T23:00:00.000Z,6.5,244.5,459,2.3,
 2019-08-15T00:00:00.000Z,6.6,244.5,467,2.8,
 2019-08-15T01:00:00.000Z,6.6,244.6,454,2.4,
 2019-08-15T02:00:00.000Z,6.6,244.6,455,2.3,
 2019-08-15T03:00:00.000Z,6.6,244.6,455,2.3,
 2019-08-15T04:00:00.000Z,6.6,244.7,446,2.4,
 2019-08-15T05:00:00.000Z,6.6,244.7,447,2.6,
 2019-08-15T06:00:00.000Z,6.6,244.8,440,2.6,
 2019-08-15T07:00:00.000Z,6.6,244.8,435,3,
 2019-08-15T08:00:00.000Z,6.6,244.8,432,2.9,
 2019-08-15T09:00:00.000Z,6.6,244.9,429,3.3,
 2019-08-15T10:00:00.000Z,6.6,244.9,423,3.4,
 2019-08-15T11:00:00.000Z,6.6,245,419,3.5,
 2019-08-15T12:00:00.000Z,6.6,245,416,3.3,
 2019-08-15T13:00:00.000Z,6.6,245,417,3.3,
 2019-08-15T14:00:00.000Z,6.6,245.1,428,3.6,
 2019-08-15T15:00:00.000Z,6.6,245.1,423,3.7,
 2019-08-15T16:00:00.000Z,6.6,245.2,428,4.2,
 2019-08-15T17:00:00.000Z,6.6,245.2,428,4.2,
 2019-08-15T18:00:00.000Z,6.6,245.2,427,4.3,
 2019-08-15T19:00:00.000Z,6.6,245.3,428,4.7,
 2019-08-15T20:00:00.000Z,6.6,245.3,429,5.2,
 2019-08-15T21:00:00.000Z,6.6,245.4,426,5.9,
 2019-08-15T22:00:00.000Z,6.6,245.4,424,6.2,
 2019-08-15T23:00:00.000Z,6.6,245.4,423,5.8,
 2019-08-16T00:00:00.000Z,6.6,245.5,425,5.2,
 2019-08-16T01:00:00.000Z,6.6,245.5,411,5.1,
 2019-08-16T02:00:00.000Z,6.6,245.6,407,5.3,
 2019-08-16T03:00:00.000Z,6.6,245.6,408,4.9,
 2019-08-16T04:00:00.000Z,6.6,245.6,408,5.1,
 2019-08-16T05:00:00.000Z,6.6,245.7,425,4.7,
 2019-08-16T06:00:00.000Z,6.6,245.7,418,4.5,
 2019-08-16T07:00:00.000Z,6.6,245.8,424,5.2,
 2019-08-16T08:00:00.000Z,6.6,245.8,431,5,
 2019-08-16T09:00:00.000Z,6.6,245.8,424,4.3,
 2019-08-16T10:00:00.000Z,6.6,245.9,410,4.6,
 2019-08-16T11:00:00.000Z,6.6,245.9,404,4.3,
 2019-08-16T12:00:00.000Z,6.6,246,401,4.3,
 2019-08-16T13:00:00.000Z,6.6,246,399,4.5,
 2019-08-16T14:00:00.000Z,6.6,246,394,4.3,
 2019-08-16T15:00:00.000Z,6.6,246.1,392,3.6,
 2019-08-16T16:00:00.000Z,6.6,246.1,385,3.3,
 2019-08-16T17:00:00.000Z,6.6,246.2,383,3.2,
 2019-08-16T18:00:00.000Z,6.6,246.2,381,3.2,
 2019-08-16T19:00:00.000Z,6.6,246.2,370,3.1,
 2019-08-16T20:00:00.000Z,6.6,246.3,369,3.3,
 2019-08-16T21:00:00.000Z,6.6,246.3,368,3.4,
 2019-08-16T22:00:00.000Z,6.6,246.4,377,3.9,
 2019-08-16T23:00:00.000Z,6.6,246.4,367,3.9,
 2019-08-17T00:00:00.000Z,6.7,246.4,366,4.2,
 2019-08-17T01:00:00.000Z,6.7,246.5,370,5.2,
 2019-08-17T02:00:00.000Z,6.7,246.5,368,5.5,
 2019-08-17T03:00:00.000Z,6.7,246.6,365,6.1,
 2019-08-17T04:00:00.000Z,6.7,246.6,362,7,
 2019-08-17T05:00:00.000Z,6.7,246.6,362,9.7,
 2019-08-17T06:00:00.000Z,6.7,246.7,361,8.7,
 2019-08-17T07:00:00.000Z,6.7,246.7,364,7.7,
 2019-08-17T08:00:00.000Z,6.7,246.8,374,7.5,
 2019-08-17T09:00:00.000Z,6.7,246.8,363,7.2,
 2019-08-17T10:00:00.000Z,6.7,246.9,360,7.5,
 2019-08-17T11:00:00.000Z,6.7,246.9,354,7.4,
 2019-08-17T12:00:00.000Z,6.7,246.9,350,7.5,
 2019-08-17T13:00:00.000Z,6.7,247,349,7.2,
 2019-08-17T14:00:00.000Z,6.7,247,346,7.5,
 2019-08-17T15:00:00.000Z,6.7,247.1,346,7.1,
 2019-08-17T16:00:00.000Z,6.7,247.1,341,8.6,
 2019-08-17T17:00:00.000Z,6.7,247.1,335,9.3,
 2019-08-17T18:00:00.000Z,6.7,247.2,335,9.6,
 2019-08-17T19:00:00.000Z,6.7,247.2,340,7.2,
 2019-08-17T20:00:00.000Z,6.7,247.3,346,7.2,
 2019-08-17T21:00:00.000Z,6.7,247.3,356,7.5,
 2019-08-17T22:00:00.000Z,6.7,247.3,356,7.8,
 2019-08-17T23:00:00.000Z,6.7,247.4,354,9.3,
 2019-08-18T00:00:00.000Z,6.7,247.4,358,11,
 2019-08-18T01:00:00.000Z,6.7,247.5,355,12.4,
 2019-08-18T02:00:00.000Z,6.7,247.5,352,13.7,
 2019-08-18T03:00:00.000Z,6.7,247.5,344,14.4,
 2019-08-18T04:00:00.000Z,6.7,247.6,352,11.5,
 2019-08-18T05:00:00.000Z,6.7,247.6,359,11.5,
 2019-08-18T06:00:00.000Z,6.7,247.7,354,11.2,
 2019-08-18T07:00:00.000Z,6.7,247.7,350,10.1,
 2019-08-18T08:00:00.000Z,6.7,247.7,349,8.4,
 2019-08-18T09:00:00.000Z,6.7,247.8,339,5.6,
 2019-08-18T10:00:00.000Z,6.7,247.8,357,5,
 2019-08-18T11:00:00.000Z,6.7,247.9,364,5,
 2019-08-18T12:00:00.000Z,6.7,247.9,367,5.1,
 2019-08-18T13:00:00.000Z,6.7,247.9,361,5.5,
 2019-08-18T14:00:00.000Z,6.7,248,360,5.5,
 2019-08-18T15:00:00.000Z,6.7,248,361,5.6,
 2019-08-18T16:00:00.000Z,6.7,248.1,364,5.4,
 2019-08-18T17:00:00.000Z,6.7,248.1,362,5.5,
 2019-08-18T18:00:00.000Z,6.7,248.1,360,5.4,
 2019-08-18T19:00:00.000Z,6.7,248.2,359,5.4,
 2019-08-18T20:00:00.000Z,6.7,248.2,359,5.6,
 2019-08-18T21:00:00.000Z,6.7,248.3,361,5.1,
 2019-08-18T22:00:00.000Z,6.7,248.3,361,5.6,
 2019-08-18T23:00:00.000Z,6.7,248.3,361,6.3,
 2019-08-19T00:00:00.000Z,6.7,248.4,361,7,
 2019-08-19T01:00:00.000Z,6.7,248.4,363,7,
 2019-08-19T02:00:00.000Z,6.7,248.5,368,6.9,
 2019-08-19T03:00:00.000Z,6.8,248.5,369,6.5,
 2019-08-19T04:00:00.000Z,6.8,248.5,375,7,
 2019-08-19T05:00:00.000Z,6.8,248.6,376,6.8,
 2019-08-19T06:00:00.000Z,6.8,248.6,371,9.2,
 2019-08-19T07:00:00.000Z,6.8,248.7,366,10.1,
 2019-08-19T08:00:00.000Z,6.8,248.7,364,9.8,
 2019-08-19T09:00:00.000Z,6.8,248.7,363,10.1,
 2019-08-19T10:00:00.000Z,6.8,248.8,361,10.9,
 2019-08-19T11:00:00.000Z,6.8,248.8,358,10.2,
 2019-08-19T12:00:00.000Z,6.8,248.9,358,10,
 2019-08-19T13:00:00.000Z,6.8,248.9,363,9.9,
 2019-08-19T14:00:00.000Z,6.8,248.9,363,10.3,
 2019-08-19T15:00:00.000Z,6.8,249,361,9.8,
 2019-08-19T16:00:00.000Z,6.8,249,350,6.5,
 2019-08-19T17:00:00.000Z,6.8,249.1,348,5.4,
 2019-08-19T18:00:00.000Z,6.8,249.1,343,5.2,
 2019-08-19T19:00:00.000Z,6.8,249.1,345,6,
 2019-08-19T20:00:00.000Z,6.8,249.2,344,6,
 2019-08-19T21:00:00.000Z,6.8,249.2,341,7,
 2019-08-19T22:00:00.000Z,6.8,249.3,337,6.7,
 2019-08-19T23:00:00.000Z,6.8,249.3,330,5.5,
 2019-08-20T00:00:00.000Z,6.8,249.3,328,5.4,
 2019-08-20T01:00:00.000Z,6.8,249.4,319,4.9,
 2019-08-20T02:00:00.000Z,6.8,249.4,344,7.7,
 2019-08-20T03:00:00.000Z,6.8,249.5,365,12.1,
 2019-08-20T04:00:00.000Z,6.8,249.5,372,13.8,
 2019-08-20T05:00:00.000Z,6.8,249.6,368,10.9,
 2019-08-20T06:00:00.000Z,6.8,249.6,365,10.2,
 2019-08-20T07:00:00.000Z,6.8,249.6,365,10,
 2019-08-20T08:00:00.000Z,6.8,249.7,382,3.9,
 2019-08-20T09:00:00.000Z,6.8,249.7,388,4.9,
 2019-08-20T10:00:00.000Z,6.8,249.8,392,5.3,
 2019-08-20T11:00:00.000Z,6.8,249.8,398,5.8,
 2019-08-20T12:00:00.000Z,6.8,249.8,404,5.2,
 2019-08-20T13:00:00.000Z,6.8,249.9,402,4.9,
 2019-08-20T14:00:00.000Z,6.8,249.9,397,5.6,
 2019-08-20T15:00:00.000Z,6.8,250,-1.00E+31,-1.00E+31,
 2019-08-20T16:00:00.000Z,6.8,250,-1.00E+31,-1.00E+31,
 2019-08-20T17:00:00.000Z,6.8,250,-1.00E+31,-1.00E+31,
 2019-08-20T18:00:00.000Z,6.8,250.1,-1.00E+31,-1.00E+31,
 2019-08-20T19:00:00.000Z,6.8,250.1,-1.00E+31,-1.00E+31,
 2019-08-20T20:00:00.000Z,6.8,250.2,-1.00E+31,-1.00E+31,
 2019-08-20T21:00:00.000Z,6.8,250.2,-1.00E+31,-1.00E+31,
 2019-08-20T22:00:00.000Z,6.8,250.2,-1.00E+31,-1.00E+31,
 2019-08-20T23:00:00.000Z,6.8,250.3,-1.00E+31,-1.00E+31,
 2019-08-21T00:00:00.000Z,6.8,250.3,-1.00E+31,-1.00E+31,
 2019-08-21T01:00:00.000Z,6.8,250.4,-1.00E+31,-1.00E+31,
 2019-08-21T02:00:00.000Z,6.8,250.4,-1.00E+31,-1.00E+31,
 2019-08-21T03:00:00.000Z,6.8,250.4,-1.00E+31,-1.00E+31,
 2019-08-21T04:00:00.000Z,6.8,250.5,-1.00E+31,-1.00E+31,
 2019-08-21T05:00:00.000Z,6.8,250.5,-1.00E+31,-1.00E+31,
 2019-08-21T06:00:00.000Z,6.8,250.6,-1.00E+31,-1.00E+31,
 2019-08-21T07:00:00.000Z,6.8,250.6,-1.00E+31,-1.00E+31,
 2019-08-21T08:00:00.000Z,6.8,250.6,-1.00E+31,-1.00E+31,
 2019-08-21T09:00:00.000Z,6.8,250.7,-1.00E+31,-1.00E+31,
 2019-08-21T10:00:00.000Z,6.8,250.7,-1.00E+31,-1.00E+31,
 2019-08-21T11:00:00.000Z,6.8,250.8,-1.00E+31,-1.00E+31,
 2019-08-21T12:00:00.000Z,6.9,250.8,-1.00E+31,-1.00E+31,
 2019-08-21T13:00:00.000Z,6.9,250.8,362,9.2,
 2019-08-21T14:00:00.000Z,6.9,250.9,358,8,
 2019-08-21T15:00:00.000Z,6.9,250.9,360,8.7,
 2019-08-21T16:00:00.000Z,6.9,251,361,9.4,
 2019-08-21T17:00:00.000Z,6.9,251,357,10.1,
 2019-08-21T18:00:00.000Z,6.9,251,358,11,
 2019-08-21T19:00:00.000Z,6.9,251.1,354,9.8,
 2019-08-21T20:00:00.000Z,6.9,251.1,350,8.8,
 2019-08-21T21:00:00.000Z,6.9,251.2,347,8.4,
 2019-08-21T22:00:00.000Z,6.9,251.2,347,7.7,
 2019-08-21T23:00:00.000Z,6.9,251.2,349,8.3,
 2019-08-22T00:00:00.000Z,6.9,251.3,352,10.9,
 2019-08-22T01:00:00.000Z,6.9,251.3,354,12,
 2019-08-22T02:00:00.000Z,6.9,251.4,-1.00E+31,-1.00E+31,
 2019-08-22T03:00:00.000Z,6.9,251.4,-1.00E+31,-1.00E+31,
 2019-08-22T04:00:00.000Z,6.9,251.4,-1.00E+31,-1.00E+31,
 2019-08-22T05:00:00.000Z,6.9,251.5,-1.00E+31,-1.00E+31,
 2019-08-22T06:00:00.000Z,6.9,251.5,-1.00E+31,-1.00E+31,
 2019-08-22T07:00:00.000Z,6.9,251.6,-1.00E+31,-1.00E+31,
 2019-08-22T08:00:00.000Z,6.9,251.6,-1.00E+31,-1.00E+31,
 2019-08-22T09:00:00.000Z,6.9,251.7,-1.00E+31,-1.00E+31,
 2019-08-22T10:00:00.000Z,6.9,251.7,-1.00E+31,-1.00E+31,
 2019-08-22T11:00:00.000Z,6.9,251.7,-1.00E+31,-1.00E+31,
 2019-08-22T12:00:00.000Z,6.9,251.8,359,10,
 2019-08-22T13:00:00.000Z,6.9,251.8,359,10,
 2019-08-22T14:00:00.000Z,6.9,251.9,359,9.8,
 2019-08-22T15:00:00.000Z,6.9,251.9,355,8.5,
 2019-08-22T16:00:00.000Z,6.9,251.9,354,9,
 2019-08-22T17:00:00.000Z,6.9,252,350,9.3,
 2019-08-22T18:00:00.000Z,6.9,252,349,10.7,
 2019-08-22T19:00:00.000Z,6.9,252.1,355,14.6,
 2019-08-22T20:00:00.000Z,6.9,252.1,351,12.5,
 2019-08-22T21:00:00.000Z,6.9,252.1,359,12.6,
 2019-08-22T22:00:00.000Z,6.9,252.2,360,12.5,
 2019-08-22T23:00:00.000Z,6.9,252.2,365,12.9,
 2019-08-23T00:00:00.000Z,6.9,252.3,362,12.9,
 2019-08-23T01:00:00.000Z,6.9,252.3,367,12,
 2019-08-23T02:00:00.000Z,6.9,252.3,377,12.2,
 2019-08-23T03:00:00.000Z,6.9,252.4,375,11.7,
 2019-08-23T04:00:00.000Z,6.9,252.4,371,12.5,
 2019-08-23T05:00:00.000Z,6.9,252.5,369,9.8,
 2019-08-23T06:00:00.000Z,6.9,252.5,370,7,
 2019-08-23T07:00:00.000Z,6.9,252.5,372,5.9,
 2019-08-23T08:00:00.000Z,6.9,252.6,369,5.4,
 2019-08-23T09:00:00.000Z,6.9,252.6,368,4,
 2019-08-23T10:00:00.000Z,6.9,252.7,365,3.8,
 2019-08-23T11:00:00.000Z,6.9,252.7,377,2.9,
 2019-08-23T12:00:00.000Z,6.9,252.7,370,2.8,
 2019-08-23T13:00:00.000Z,6.9,252.8,363,3.1,
 2019-08-23T14:00:00.000Z,6.9,252.8,367,3.1,
 2019-08-23T15:00:00.000Z,6.9,252.9,379,3.7,
 2019-08-23T16:00:00.000Z,6.9,252.9,366,4.8,
 2019-08-23T17:00:00.000Z,6.9,252.9,365,5.1,
 2019-08-23T18:00:00.000Z,6.9,253,361,6,
 2019-08-23T19:00:00.000Z,6.9,253,358,6.5,
 2019-08-23T20:00:00.000Z,6.9,253.1,356,6.3,
 2019-08-23T21:00:00.000Z,6.9,253.1,356,6.6,
 2019-08-23T22:00:00.000Z,6.9,253.1,359,9,
 2019-08-23T23:00:00.000Z,6.9,253.2,360,9.2,
 2019-08-24T00:00:00.000Z,6.9,253.2,359,7.6,
 2019-08-24T01:00:00.000Z,6.9,253.3,353,6.8,
 2019-08-24T02:00:00.000Z,6.9,253.3,355,6.4,
 2019-08-24T03:00:00.000Z,6.9,253.3,354,6,
 2019-08-24T04:00:00.000Z,7,253.4,350,6.6,
 2019-08-24T05:00:00.000Z,7,253.4,352,7,
 2019-08-24T06:00:00.000Z,7,253.5,351,7,
 2019-08-24T07:00:00.000Z,7,253.5,349,6.7,
 2019-08-24T08:00:00.000Z,7,253.5,344,7.2,
 2019-08-24T09:00:00.000Z,7,253.6,345,6.6,
 2019-08-24T10:00:00.000Z,7,253.6,342,6.3,
 2019-08-24T11:00:00.000Z,7,253.7,342,6.1,
 2019-08-24T12:00:00.000Z,7,253.7,341,5.7,
 2019-08-24T13:00:00.000Z,7,253.8,340,5.5,
 2019-08-24T14:00:00.000Z,7,253.8,337,5.9,
 2019-08-24T15:00:00.000Z,7,253.8,335,6.2,
 2019-08-24T16:00:00.000Z,7,253.9,338,6.7,
 2019-08-24T17:00:00.000Z,7,253.9,341,7.1,
 2019-08-24T18:00:00.000Z,7,254,330,6.7,
 2019-08-24T19:00:00.000Z,7,254,332,6.6,
 2019-08-24T20:00:00.000Z,7,254,335,5.5,
 2019-08-24T21:00:00.000Z,7,254.1,334,5.4,
 2019-08-24T22:00:00.000Z,7,254.1,336,5.5,
 2019-08-24T23:00:00.000Z,7,254.2,336,6.4,
 2019-08-25T00:00:00.000Z,7,254.2,333,6.7,
 2019-08-25T01:00:00.000Z,7,254.2,337,7,
 2019-08-25T02:00:00.000Z,7,254.3,336,6.8,
 2019-08-25T03:00:00.000Z,7,254.3,334,6.8,
 2019-08-25T04:00:00.000Z,7,254.4,333,6.8,
 2019-08-25T05:00:00.000Z,7,254.4,332,7,
 2019-08-25T06:00:00.000Z,7,254.4,329,7.3,
 2019-08-25T07:00:00.000Z,7,254.5,331,7,
 2019-08-25T08:00:00.000Z,7,254.5,330,7.3,
 2019-08-25T09:00:00.000Z,7,254.6,328,6.8,
 2019-08-25T10:00:00.000Z,7,254.6,325,6.7,
 2019-08-25T11:00:00.000Z,7,254.6,324,8.3,
 2019-08-25T12:00:00.000Z,7,254.7,324,7.1,
 2019-08-25T13:00:00.000Z,7,254.7,321,7,
 2019-08-25T14:00:00.000Z,7,254.8,318,7.2,
 2019-08-25T15:00:00.000Z,7,254.8,313,7.7,
 2019-08-25T16:00:00.000Z,7,254.8,317,7.2,
 2019-08-25T17:00:00.000Z,7,254.9,314,7.8,
 2019-08-25T18:00:00.000Z,7,254.9,315,8.3,
 2019-08-25T19:00:00.000Z,7,255,319,8.3,
 2019-08-25T20:00:00.000Z,7,255,319,7.9,
 2019-08-25T21:00:00.000Z,7,255,319,9.4,
 2019-08-25T22:00:00.000Z,7,255.1,325,12.4,
 2019-08-25T23:00:00.000Z,7,255.1,329,11.2,
 2019-08-26T00:00:00.000Z,7,255.2,325,11.8,
 2019-08-26T01:00:00.000Z,7,255.2,322,11.9,
 2019-08-26T02:00:00.000Z,7,255.2,319,12.3,
 2019-08-26T03:00:00.000Z,7,255.3,323,13.3,
 2019-08-26T04:00:00.000Z,7,255.3,319,14.3,
 2019-08-26T05:00:00.000Z,7,255.4,319,13.2,
 2019-08-26T06:00:00.000Z,7,255.4,316,13.9,
 2019-08-26T07:00:00.000Z,7,255.5,317,12.6,
 2019-08-26T08:00:00.000Z,7,255.5,323,10.6,
 2019-08-26T09:00:00.000Z,7,255.5,331,6.9,
 2019-08-26T10:00:00.000Z,7,255.6,328,4.9,
 2019-08-26T11:00:00.000Z,7,255.6,328,5.9,
 2019-08-26T12:00:00.000Z,7,255.7,325,8,
 2019-08-26T13:00:00.000Z,7,255.7,319,8.3,
 2019-08-26T14:00:00.000Z,7,255.7,319,8.1,
 2019-08-26T15:00:00.000Z,7,255.8,314,8.2,
 2019-08-26T16:00:00.000Z,7,255.8,312,8,
 2019-08-26T17:00:00.000Z,7,255.9,313,11.1,
 2019-08-26T18:00:00.000Z,7,255.9,334,17.5,
 2019-08-26T19:00:00.000Z,7,255.9,336,16.4,
 2019-08-26T20:00:00.000Z,7,256,340,14.1,
 2019-08-26T21:00:00.000Z,7,256,340,15.4,
 2019-08-26T22:00:00.000Z,7,256.1,343,16.5,
 2019-08-26T23:00:00.000Z,7,256.1,341,19,
 2019-08-27T00:00:00.000Z,7,256.1,345,25,
 2019-08-27T01:00:00.000Z,7,256.2,345,27.7,
 2019-08-27T02:00:00.000Z,7,256.2,358,38.1,
 2019-08-27T03:00:00.000Z,7,256.3,358,48.5,
 2019-08-27T04:00:00.000Z,7,256.3,353,31.7,
 2019-08-27T05:00:00.000Z,7,256.3,374,18,
 2019-08-27T06:00:00.000Z,7,256.4,455,8.6,
 2019-08-27T07:00:00.000Z,7,256.4,473,6.7,
 2019-08-27T08:00:00.000Z,7.1,256.5,493,5.5,
 2019-08-27T09:00:00.000Z,7.1,256.5,502,3,
 2019-08-27T10:00:00.000Z,7.1,256.5,514,3.8,
 2019-08-27T11:00:00.000Z,7.1,256.6,496,4.4,
 2019-08-27T12:00:00.000Z,7.1,256.6,480,5.7,
 2019-08-27T13:00:00.000Z,7.1,256.7,473,6.3,
 2019-08-27T14:00:00.000Z,7.1,256.7,-1.00E+31,-1.00E+31,
 2019-08-27T15:00:00.000Z,7.1,256.7,-1.00E+31,-1.00E+31,
 2019-08-27T16:00:00.000Z,7.1,256.8,-1.00E+31,-1.00E+31,
 2019-08-27T17:00:00.000Z,7.1,256.8,-1.00E+31,-1.00E+31,
 2019-08-27T18:00:00.000Z,7.1,256.9,-1.00E+31,-1.00E+31,
 2019-08-27T19:00:00.000Z,7.1,256.9,-1.00E+31,-1.00E+31,
 2019-08-27T20:00:00.000Z,7.1,256.9,440,6.5,
 2019-08-27T21:00:00.000Z,7.1,257,449,6,
 2019-08-27T22:00:00.000Z,7.1,257,451,5.4,
 2019-08-27T23:00:00.000Z,7.1,257.1,443,4.9,
 2019-08-28T00:00:00.000Z,7.1,257.1,443,4.7,
 2019-08-28T01:00:00.000Z,7.1,257.2,455,4.5,
 2019-08-28T02:00:00.000Z,7.1,257.2,470,3.7,
 2019-08-28T03:00:00.000Z,7.1,257.2,469,3.2,
 2019-08-28T04:00:00.000Z,7.1,257.3,487,3.4,
 2019-08-28T05:00:00.000Z,7.1,257.3,493,3.5,
 2019-08-28T06:00:00.000Z,7.1,257.4,496,3.5,
 2019-08-28T07:00:00.000Z,7.1,257.4,500,3.6,
 2019-08-28T08:00:00.000Z,7.1,257.4,493,3,
 2019-08-28T09:00:00.000Z,7.1,257.5,489,2.8,
 2019-08-28T10:00:00.000Z,7.1,257.5,489,2.5,
 2019-08-28T11:00:00.000Z,7.1,257.6,495,2.3,
 2019-08-28T12:00:00.000Z,7.1,257.6,485,2,
 2019-08-28T13:00:00.000Z,7.1,257.6,481,2.2,
 2019-08-28T14:00:00.000Z,7.1,257.7,467,2.1,
 2019-08-28T15:00:00.000Z,7.1,257.7,449,1.9,
 2019-08-28T16:00:00.000Z,7.1,257.8,442,1.9,
 2019-08-28T17:00:00.000Z,7.1,257.8,-1.00E+31,-1.00E+31,
 2019-08-28T18:00:00.000Z,7.1,257.8,-1.00E+31,-1.00E+31,
 2019-08-28T19:00:00.000Z,7.1,257.9,-1.00E+31,-1.00E+31,
 2019-08-28T20:00:00.000Z,7.1,257.9,446,2,
 2019-08-28T21:00:00.000Z,7.1,258,440,1.9,
 2019-08-28T22:00:00.000Z,7.1,258,429,1.7,
 2019-08-28T23:00:00.000Z,7.1,258,421,1.7,
 2019-08-29T00:00:00.000Z,7.1,258.1,420,1.5,
 2019-08-29T01:00:00.000Z,7.1,258.1,408,1.6,
 2019-08-29T02:00:00.000Z,7.1,258.2,401,1.7,
 2019-08-29T03:00:00.000Z,7.1,258.2,395,2.2,
 2019-08-29T04:00:00.000Z,7.1,258.2,389,2.6,
 2019-08-29T05:00:00.000Z,7.1,258.3,382,2.8,
 2019-08-29T06:00:00.000Z,7.1,258.3,371,3.4,
 2019-08-29T07:00:00.000Z,7.1,258.4,369,3.8,
 2019-08-29T08:00:00.000Z,7.1,258.4,357,4.5,
 2019-08-29T09:00:00.000Z,7.1,258.4,352,5.6,
 2019-08-29T10:00:00.000Z,7.1,258.5,349,6.5,
 2019-08-29T11:00:00.000Z,7.1,258.5,351,6.7,
 2019-08-29T12:00:00.000Z,7.1,258.6,358,9,
 2019-08-29T13:00:00.000Z,7.1,258.6,357,11.8,
 2019-08-29T14:00:00.000Z,7.1,258.7,358,13.3,
 2019-08-29T15:00:00.000Z,7.1,258.7,359,12.7,
 2019-08-29T16:00:00.000Z,7.1,258.7,374,8.3,
 2019-08-29T17:00:00.000Z,7.1,258.8,374,7.1,
 2019-08-29T18:00:00.000Z,7.1,258.8,376,7.1,
 2019-08-29T19:00:00.000Z,7.1,258.9,374,6.9,
 2019-08-29T20:00:00.000Z,7.1,258.9,380,6.7,
 2019-08-29T21:00:00.000Z,7.1,258.9,381,7.2,
 2019-08-29T22:00:00.000Z,7.1,259,373,7.8,
 2019-08-29T23:00:00.000Z,7.1,259,377,6.7,
 2019-08-30T00:00:00.000Z,7.1,259.1,383,6.5,
 2019-08-30T01:00:00.000Z,7.1,259.1,389,6.3,
 2019-08-30T02:00:00.000Z,7.1,259.1,388,6.1,
 2019-08-30T03:00:00.000Z,7.1,259.2,388,6.1,
 2019-08-30T04:00:00.000Z,7.1,259.2,386,5,
 2019-08-30T05:00:00.000Z,7.1,259.3,384,5.4,
 2019-08-30T06:00:00.000Z,7.1,259.3,386,5.6,
 2019-08-30T07:00:00.000Z,7.1,259.3,383,5.5,
 2019-08-30T08:00:00.000Z,7.1,259.4,379,5.9,
 2019-08-30T09:00:00.000Z,7.1,259.4,379,6.3,
 2019-08-30T10:00:00.000Z,7.1,259.5,386,7.8,
 2019-08-30T11:00:00.000Z,7.1,259.5,390,10.5,
 2019-08-30T12:00:00.000Z,7.1,259.5,394,13,
 2019-08-30T13:00:00.000Z,7.1,259.6,394,19.1,
 2019-08-30T14:00:00.000Z,7.1,259.6,414,14.7,
 2019-08-30T15:00:00.000Z,7.1,259.7,426,10.2,
 2019-08-30T16:00:00.000Z,7.1,259.7,442,7.8,
 2019-08-30T17:00:00.000Z,7.1,259.7,446,9.6,
 2019-08-30T18:00:00.000Z,7.1,259.8,465,8.1,
 2019-08-30T19:00:00.000Z,7.1,259.8,487,8,
 2019-08-30T20:00:00.000Z,7.1,259.9,486,9.5,
 2019-08-30T21:00:00.000Z,7.1,259.9,489,9,
 2019-08-30T22:00:00.000Z,7.1,260,540,8.3,
 2019-08-30T23:00:00.000Z,7.1,260,563,8.6,
 2019-08-31T00:00:00.000Z,7.1,260,555,9,
 2019-08-31T01:00:00.000Z,7.1,260.1,556,9.1,
 2019-08-31T02:00:00.000Z,7.1,260.1,564,8.7,
 2019-08-31T03:00:00.000Z,7.1,260.2,581,8.1,
 2019-08-31T04:00:00.000Z,7.1,260.2,588,6.3,
 2019-08-31T05:00:00.000Z,7.1,260.2,634,5.8,
 2019-08-31T06:00:00.000Z,7.1,260.3,657,4.6,
 2019-08-31T07:00:00.000Z,7.1,260.3,651,5.6,
 2019-08-31T08:00:00.000Z,7.1,260.4,629,5.5,
 2019-08-31T09:00:00.000Z,7.1,260.4,640,6.6,
 2019-08-31T10:00:00.000Z,7.2,260.4,620,7.3,
 2019-08-31T11:00:00.000Z,7.2,260.5,632,7.4,
 2019-08-31T12:00:00.000Z,7.2,260.5,661,4.9,
 2019-08-31T13:00:00.000Z,7.2,260.6,704,5.1,
 2019-08-31T14:00:00.000Z,7.2,260.6,721,3.9,
 2019-08-31T15:00:00.000Z,7.2,260.6,715,3.6,
 2019-08-31T16:00:00.000Z,7.2,260.7,707,3.4,
 2019-08-31T17:00:00.000Z,7.2,260.7,720,2.9,
 2019-08-31T18:00:00.000Z,7.2,260.8,710,2.8,
 2019-08-31T19:00:00.000Z,7.2,260.8,700,2.8,
 2019-08-31T20:00:00.000Z,7.2,260.8,692,2.6,
 2019-08-31T21:00:00.000Z,7.2,260.9,692,2.4,
 2019-08-31T22:00:00.000Z,7.2,260.9,694,2.5,
 2019-08-31T23:00:00.000Z,7.2,261,679,2.5,
 2019-09-01T00:00:00.000Z,7.2,261,681,2.8,
 2019-09-01T01:00:00.000Z,7.2,261,722,3.2,
 2019-09-01T02:00:00.000Z,7.2,261.1,752,3.3,
 2019-09-01T03:00:00.000Z,7.2,261.1,739,3.1,
 2019-09-01T04:00:00.000Z,7.2,261.2,746,3,
 2019-09-01T05:00:00.000Z,7.2,261.2,743,2.7,
 2019-09-01T06:00:00.000Z,7.2,261.2,743,2.7,
 2019-09-01T07:00:00.000Z,7.2,261.3,727,2.8,
 2019-09-01T08:00:00.000Z,7.2,261.3,723,3.2,
 2019-09-01T09:00:00.000Z,7.2,261.4,726,3.4,
 2019-09-01T10:00:00.000Z,7.2,261.4,673,3.6,
 2019-09-01T11:00:00.000Z,7.2,261.5,679,3.7,
 2019-09-01T12:00:00.000Z,7.2,261.5,666,4.1,
 2019-09-01T13:00:00.000Z,7.2,261.5,643,4.2,
 2019-09-01T14:00:00.000Z,7.2,261.6,648,4.4,
 2019-09-01T15:00:00.000Z,7.2,261.6,637,4.6,
 2019-09-01T16:00:00.000Z,7.2,261.7,667,3.6,
 2019-09-01T17:00:00.000Z,7.2,261.7,682,3.5,
 2019-09-01T18:00:00.000Z,7.2,261.7,692,3.4,
 2019-09-01T19:00:00.000Z,7.2,261.8,697,3.5,
 2019-09-01T20:00:00.000Z,7.2,261.8,660,3.6,
 2019-09-01T21:00:00.000Z,7.2,261.9,670,3.6,
 2019-09-01T22:00:00.000Z,7.2,261.9,688,3.5,
 2019-09-01T23:00:00.000Z,7.2,261.9,728,2.8,
 2019-09-02T00:00:00.000Z,7.2,262,716,2.9,
 2019-09-02T01:00:00.000Z,7.2,262,686,3.1,
 2019-09-02T02:00:00.000Z,7.2,262.1,700,3.1,
 2019-09-02T03:00:00.000Z,7.2,262.1,681,3.2,
 2019-09-02T04:00:00.000Z,7.2,262.1,691,3.1,
 2019-09-02T05:00:00.000Z,7.2,262.2,689,2.7,
 2019-09-02T06:00:00.000Z,7.2,262.2,702,2.5,
 2019-09-02T07:00:00.000Z,7.2,262.3,709,2.1,
 2019-09-02T08:00:00.000Z,7.2,262.3,703,1.8,
 2019-09-02T09:00:00.000Z,7.2,262.3,695,1.8,
 2019-09-02T10:00:00.000Z,7.2,262.4,677,2,
 2019-09-02T11:00:00.000Z,7.2,262.4,675,2.1,
 2019-09-02T12:00:00.000Z,7.2,262.5,672,2.2,
 2019-09-02T13:00:00.000Z,7.2,262.5,677,2.1,
 2019-09-02T14:00:00.000Z,7.2,262.5,679,2.2,
 2019-09-02T15:00:00.000Z,7.2,262.6,673,2.1,
 2019-09-02T16:00:00.000Z,7.2,262.6,660,1.9,
 2019-09-02T17:00:00.000Z,7.2,262.7,661,1.9,
 2019-09-02T18:00:00.000Z,7.2,262.7,667,2.2,
 2019-09-02T19:00:00.000Z,7.2,262.8,670,2.3,
 2019-09-02T20:00:00.000Z,7.2,262.8,668,2.5,
 2019-09-02T21:00:00.000Z,7.2,262.8,664,2.8,
 2019-09-02T22:00:00.000Z,7.2,262.9,667,2.6,
 2019-09-02T23:00:00.000Z,7.2,262.9,660,2.5,
 2019-09-03T00:00:00.000Z,7.2,263,659,2.3,
 2019-09-03T01:00:00.000Z,7.2,263,656,2.2,
 2019-09-03T02:00:00.000Z,7.2,263,662,2.2,
 2019-09-03T03:00:00.000Z,7.2,263.1,664,2,
 2019-09-03T04:00:00.000Z,7.2,263.1,654,1.9,
 2019-09-03T05:00:00.000Z,7.2,263.2,657,1.8,
 2019-09-03T06:00:00.000Z,7.2,263.2,637,1.9,
 2019-09-03T07:00:00.000Z,7.2,263.2,611,1.7,
 2019-09-03T08:00:00.000Z,7.2,263.3,607,1.7,
 2019-09-03T09:00:00.000Z,7.2,263.3,609,1.9,
 2019-09-03T10:00:00.000Z,7.2,263.4,608,1.9,
 2019-09-03T11:00:00.000Z,7.2,263.4,610,1.9,
 2019-09-03T12:00:00.000Z,7.2,263.4,612,2.1,
 2019-09-03T13:00:00.000Z,7.2,263.5,621,2.2,
 2019-09-03T14:00:00.000Z,7.2,263.5,610,2,
 2019-09-03T15:00:00.000Z,7.2,263.6,612,2.1,
 2019-09-03T16:00:00.000Z,7.2,263.6,594,1.7,
 2019-09-03T17:00:00.000Z,7.2,263.6,593,2,
 2019-09-03T18:00:00.000Z,7.2,263.7,600,2.2,
 2019-09-03T19:00:00.000Z,7.2,263.7,582,2.5,
 2019-09-03T20:00:00.000Z,7.2,263.8,580,2.8,
 2019-09-03T21:00:00.000Z,7.2,263.8,582,2.6,
 2019-09-03T22:00:00.000Z,7.2,263.9,578,2.5,
 2019-09-03T23:00:00.000Z,7.2,263.9,586,2.4,
 2019-09-04T00:00:00.000Z,7.2,263.9,585,2.6,
 2019-09-04T01:00:00.000Z,7.2,264,581,2.7,
 2019-09-04T02:00:00.000Z,7.2,264,545,2.7,
 2019-09-04T03:00:00.000Z,7.2,264.1,538,2.5,
 2019-09-04T04:00:00.000Z,7.2,264.1,546,2.8,
 2019-09-04T05:00:00.000Z,7.2,264.1,551,2.8,
 2019-09-04T06:00:00.000Z,7.2,264.2,550,2.8,
 2019-09-04T07:00:00.000Z,7.2,264.2,547,2.7,
 2019-09-04T08:00:00.000Z,7.2,264.3,575,2.5,
 2019-09-04T09:00:00.000Z,7.2,264.3,501,1.8,
 2019-09-04T10:00:00.000Z,7.2,264.3,478,1.9,
 2019-09-04T11:00:00.000Z,7.2,264.4,475,1.7,
 2019-09-04T12:00:00.000Z,7.2,264.4,462,2.2,
 2019-09-04T13:00:00.000Z,7.2,264.5,437,2.2,
 2019-09-04T14:00:00.000Z,7.2,264.5,449,2.8,
 2019-09-04T15:00:00.000Z,7.2,264.5,474,3.6,
 2019-09-04T16:00:00.000Z,7.2,264.6,489,3.4,
 2019-09-04T17:00:00.000Z,7.2,264.6,516,2.9,
 2019-09-04T18:00:00.000Z,7.2,264.7,519,3.5,
 2019-09-04T19:00:00.000Z,7.2,264.7,521,3.4,
 2019-09-04T20:00:00.000Z,7.2,264.7,554,4.1,
 2019-09-04T21:00:00.000Z,7.2,264.8,555,4.2,
 2019-09-04T22:00:00.000Z,7.2,264.8,541,4,
 2019-09-04T23:00:00.000Z,7.2,264.9,543,4.3,
 2019-09-05T00:00:00.000Z,7.2,264.9,548,4.3,
 2019-09-05T01:00:00.000Z,7.2,264.9,545,3.7,
 2019-09-05T02:00:00.000Z,7.2,265,538,3.6,
 2019-09-05T03:00:00.000Z,7.2,265,539,3.6,
 2019-09-05T04:00:00.000Z,7.2,265.1,540,3.4,
 2019-09-05T05:00:00.000Z,7.2,265.1,537,2.5,
 2019-09-05T06:00:00.000Z,7.2,265.2,526,2.2,
 2019-09-05T07:00:00.000Z,7.2,265.2,517,2,
 2019-09-05T08:00:00.000Z,7.2,265.2,518,2,
 2019-09-05T09:00:00.000Z,7.2,265.3,520,1.6,
 2019-09-05T10:00:00.000Z,7.2,265.3,520,1.8,
 2019-09-05T11:00:00.000Z,7.2,265.4,520,2.8,
 2019-09-05T12:00:00.000Z,7.2,265.4,527,2.5,
 2019-09-05T13:00:00.000Z,7.2,265.4,528,3.2,
 2019-09-05T14:00:00.000Z,7.2,265.5,526,2.3,
 2019-09-05T15:00:00.000Z,7.2,265.5,489,1.5,
 2019-09-05T16:00:00.000Z,7.2,265.6,504,3,
 2019-09-05T17:00:00.000Z,7.2,265.6,493,4.9,
 2019-09-05T18:00:00.000Z,7.2,265.6,494,5.2,
 2019-09-05T19:00:00.000Z,7.2,265.7,478,5.2,
 2019-09-05T20:00:00.000Z,7.2,265.7,501,4.3,
 2019-09-05T21:00:00.000Z,7.2,265.8,522,4.1,
 2019-09-05T22:00:00.000Z,7.2,265.8,484,3.8,
 2019-09-05T23:00:00.000Z,7.2,265.8,492,3.5,
 2019-09-06T00:00:00.000Z,7.2,265.9,472,3.4,
 2019-09-06T01:00:00.000Z,7.2,265.9,485,3.8,
 2019-09-06T02:00:00.000Z,7.2,266,496,4.7,
 2019-09-06T03:00:00.000Z,7.2,266,514,3.3,
 2019-09-06T04:00:00.000Z,7.2,266,541,3.1,
 2019-09-06T05:00:00.000Z,7.2,266.1,528,3.2,
 2019-09-06T06:00:00.000Z,7.2,266.1,524,3.7,
 2019-09-06T07:00:00.000Z,7.2,266.2,516,3.5,
 2019-09-06T08:00:00.000Z,7.2,266.2,506,3.4,
 2019-09-06T09:00:00.000Z,7.2,266.3,497,3.5,
 2019-09-06T10:00:00.000Z,7.2,266.3,498,3.2,
 2019-09-06T11:00:00.000Z,7.2,266.3,501,2.5,
 2019-09-06T12:00:00.000Z,7.2,266.4,503,2.1,
 2019-09-06T13:00:00.000Z,7.2,266.4,501,2.1,
 2019-09-06T14:00:00.000Z,7.2,266.5,502,2.5,
 2019-09-06T15:00:00.000Z,7.2,266.5,481,1.5,
 2019-09-06T16:00:00.000Z,7.2,266.5,482,1.8,
 2019-09-06T17:00:00.000Z,7.2,266.6,493,2.5,
 2019-09-06T18:00:00.000Z,7.2,266.6,479,1.7,
 2019-09-06T19:00:00.000Z,7.2,266.7,486,1.4,
 2019-09-06T20:00:00.000Z,7.2,266.7,478,1.5,
 2019-09-06T21:00:00.000Z,7.2,266.7,469,2.3,
 2019-09-06T22:00:00.000Z,7.2,266.8,481,2.7,
 2019-09-06T23:00:00.000Z,7.2,266.8,491,2.2,
 2019-09-07T00:00:00.000Z,7.2,266.9,487,2.2,
 2019-09-07T01:00:00.000Z,7.2,266.9,488,2.2,
 2019-09-07T02:00:00.000Z,7.2,266.9,491,2.5,
 2019-09-07T03:00:00.000Z,7.2,267,475,2,
 2019-09-07T04:00:00.000Z,7.2,267,469,2.3,
 2019-09-07T05:00:00.000Z,7.2,267.1,472,3,
 2019-09-07T06:00:00.000Z,7.2,267.1,476,3.2,
 2019-09-07T07:00:00.000Z,7.2,267.1,457,2.9,
 2019-09-07T08:00:00.000Z,7.2,267.2,461,2.8,
 2019-09-07T09:00:00.000Z,7.2,267.2,477,2.9,
 2019-09-07T10:00:00.000Z,7.2,267.3,486,3.1,
 2019-09-07T11:00:00.000Z,7.2,267.3,470,3,
 2019-09-07T12:00:00.000Z,7.2,267.4,475,3.2,
 2019-09-07T13:00:00.000Z,7.2,267.4,474,3.4,
 2019-09-07T14:00:00.000Z,7.2,267.4,482,3.3,
 2019-09-07T15:00:00.000Z,7.2,267.5,472,3.3,
 2019-09-07T16:00:00.000Z,7.2,267.5,453,3.1,
 2019-09-07T17:00:00.000Z,7.2,267.6,453,3.6,
 2019-09-07T18:00:00.000Z,7.2,267.6,446,3.8,
 2019-09-07T19:00:00.000Z,7.2,267.6,452,4.3,
 2019-09-07T20:00:00.000Z,7.2,267.7,445,4,
 2019-09-07T21:00:00.000Z,7.2,267.7,442,4.2,
 2019-09-07T22:00:00.000Z,7.2,267.8,435,4.3,
 2019-09-07T23:00:00.000Z,7.2,267.8,427,4.4,
 2019-09-08T00:00:00.000Z,7.2,267.8,421,5.2,
 2019-09-08T01:00:00.000Z,7.2,267.9,419,5.7,
 2019-09-08T02:00:00.000Z,7.2,267.9,422,5.6,
 2019-09-08T03:00:00.000Z,7.2,268,425,6.2,
 2019-09-08T04:00:00.000Z,7.2,268,430,6.6,
 2019-09-08T05:00:00.000Z,7.2,268,430,7.1,
 2019-09-08T06:00:00.000Z,7.2,268.1,428,6.6,
 2019-09-08T07:00:00.000Z,7.2,268.1,421,6,
 2019-09-08T08:00:00.000Z,7.2,268.2,417,5.6,
 2019-09-08T09:00:00.000Z,7.2,268.2,410,4.8,
 2019-09-08T10:00:00.000Z,7.2,268.2,416,3.8,
 2019-09-08T11:00:00.000Z,7.2,268.3,428,3.9,
 2019-09-08T12:00:00.000Z,7.2,268.3,443,4.1,
 2019-09-08T13:00:00.000Z,7.2,268.4,466,3.2,
 2019-09-08T14:00:00.000Z,7.2,268.4,464,3.4,
 2019-09-08T15:00:00.000Z,7.2,268.5,454,3.2,
 2019-09-08T16:00:00.000Z,7.2,268.5,456,3.3,
 2019-09-08T17:00:00.000Z,7.2,268.5,450,2.6,
 2019-09-08T18:00:00.000Z,7.2,268.6,426,3.3,
 2019-09-08T19:00:00.000Z,7.2,268.6,421,3.9,
 2019-09-08T20:00:00.000Z,7.2,268.7,421,3.9,
 2019-09-08T21:00:00.000Z,7.2,268.7,407,4.2,
 2019-09-08T22:00:00.000Z,7.2,268.7,399,3,
 2019-09-08T23:00:00.000Z,7.2,268.8,406,4.5,
 2019-09-09T00:00:00.000Z,7.2,268.8,405,4.4,
 2019-09-09T01:00:00.000Z,7.2,268.9,401,4.2,
 2019-09-09T02:00:00.000Z,7.2,268.9,400,4,
 2019-09-09T03:00:00.000Z,7.2,268.9,401,3.8,
 2019-09-09T04:00:00.000Z,7.2,269,423,6,
 2019-09-09T05:00:00.000Z,7.2,269,431,6.6,
 2019-09-09T06:00:00.000Z,7.2,269.1,446,6.7,
 2019-09-09T07:00:00.000Z,7.2,269.1,438,6.6,
 2019-09-09T08:00:00.000Z,7.2,269.1,470,5.7,
 2019-09-09T09:00:00.000Z,7.2,269.2,515,5.5,
 2019-09-09T10:00:00.000Z,7.2,269.2,519,5.7,
 2019-09-09T11:00:00.000Z,7.2,269.3,512,4.9,
 2019-09-09T12:00:00.000Z,7.2,269.3,508,4.7,
 2019-09-09T13:00:00.000Z,7.2,269.3,517,4.6,
 2019-09-09T14:00:00.000Z,7.2,269.4,505,4.6,
 2019-09-09T15:00:00.000Z,7.2,269.4,503,4.2,
 2019-09-09T16:00:00.000Z,7.2,269.5,505,4,
 2019-09-09T17:00:00.000Z,7.2,269.5,500,4.2,
 2019-09-09T18:00:00.000Z,7.2,269.6,491,3.8,
 2019-09-09T19:00:00.000Z,7.2,269.6,494,3.4,
 2019-09-09T20:00:00.000Z,7.2,269.6,490,3.9,
 2019-09-09T21:00:00.000Z,7.2,269.7,486,3.4,
 2019-09-09T22:00:00.000Z,7.2,269.7,478,2.4,
 2019-09-09T23:00:00.000Z,7.2,269.8,475,2.7,
 2019-09-10T00:00:00.000Z,7.3,269.8,456,2.3,
 2019-09-10T01:00:00.000Z,7.3,269.8,447,2.4,
 2019-09-10T02:00:00.000Z,7.3,269.9,464,2.2,
 2019-09-10T03:00:00.000Z,7.3,269.9,489,2.1,
 2019-09-10T04:00:00.000Z,7.3,270,487,2.2,
 2019-09-10T05:00:00.000Z,7.3,270,499,2,
 2019-09-10T06:00:00.000Z,7.3,270,501,2.7,
 2019-09-10T07:00:00.000Z,7.3,270.1,489,2.6,
 2019-09-10T08:00:00.000Z,7.3,270.1,486,2.4,
 2019-09-10T09:00:00.000Z,7.3,270.2,491,2.9,
 2019-09-10T10:00:00.000Z,7.3,270.2,484,2.2,
 2019-09-10T11:00:00.000Z,7.2,270.2,500,2.8,
 2019-09-10T12:00:00.000Z,7.2,270.3,509,2.8,
 2019-09-10T13:00:00.000Z,7.2,270.3,496,2.2,
 2019-09-10T14:00:00.000Z,7.2,270.4,494,2,
 2019-09-10T15:00:00.000Z,7.2,270.4,485,1.5,
 2019-09-10T16:00:00.000Z,7.2,270.5,479,1.7,
 2019-09-10T17:00:00.000Z,7.2,270.5,474,1.5,
 2019-09-10T18:00:00.000Z,7.2,270.5,476,1.7,
 2019-09-10T19:00:00.000Z,7.2,270.6,473,1.7,
 2019-09-10T20:00:00.000Z,7.2,270.6,468,1.3,
 2019-09-10T21:00:00.000Z,7.2,270.7,464,1.3,
 2019-09-10T22:00:00.000Z,7.2,270.7,461,1.3,
 2019-09-10T23:00:00.000Z,7.2,270.7,455,1.1,
 2019-09-11T00:00:00.000Z,7.2,270.8,449,1.2,
 2019-09-11T01:00:00.000Z,7.2,270.8,455,1.7,
 2019-09-11T02:00:00.000Z,7.2,270.9,453,2.1,
 2019-09-11T03:00:00.000Z,7.2,270.9,452,2.1,
 2019-09-11T04:00:00.000Z,7.2,270.9,447,2.4,
 2019-09-11T05:00:00.000Z,7.2,271,440,2.6,
 2019-09-11T06:00:00.000Z,7.2,271,441,2.4,
 2019-09-11T07:00:00.000Z,7.2,271.1,444,2.1,
 2019-09-11T08:00:00.000Z,7.2,271.1,440,1.9,
 2019-09-11T09:00:00.000Z,7.2,271.1,444,2.4,
 2019-09-11T10:00:00.000Z,7.2,271.2,448,2.8,
 2019-09-11T11:00:00.000Z,7.2,271.2,450,2.4,
 2019-09-11T12:00:00.000Z,7.2,271.3,450,2.6,
 2019-09-11T13:00:00.000Z,7.2,271.3,441,2.5,
 2019-09-11T14:00:00.000Z,7.2,271.3,441,2.4,
 2019-09-11T15:00:00.000Z,7.2,271.4,437,2.2,
 2019-09-11T16:00:00.000Z,7.2,271.4,433,2.2,
 2019-09-11T17:00:00.000Z,7.2,271.5,430,2,
 2019-09-11T18:00:00.000Z,7.2,271.5,419,2.1,
 2019-09-11T19:00:00.000Z,7.2,271.6,415,2,
 2019-09-11T20:00:00.000Z,7.2,271.6,401,2,
 2019-09-11T21:00:00.000Z,7.2,271.6,393,2.1,
 2019-09-11T22:00:00.000Z,7.2,271.7,400,2.3,
 2019-09-11T23:00:00.000Z,7.2,271.7,399,2.4,
 2019-09-12T00:00:00.000Z,7.2,271.8,398,2.6,
 2019-09-12T01:00:00.000Z,7.2,271.8,392,2.7,
 2019-09-12T02:00:00.000Z,7.2,271.8,397,3.3,
 2019-09-12T03:00:00.000Z,7.2,271.9,404,3.4,
 2019-09-12T04:00:00.000Z,7.2,271.9,396,3.4,
 2019-09-12T05:00:00.000Z,7.2,272,401,3.9,
 2019-09-12T06:00:00.000Z,7.2,272,394,4.1,
 2019-09-12T07:00:00.000Z,7.2,272,400,4,
 2019-09-12T08:00:00.000Z,7.2,272.1,411,4.5,
 2019-09-12T09:00:00.000Z,7.2,272.1,410,4.5,
 2019-09-12T10:00:00.000Z,7.2,272.2,413,5.1,
 2019-09-12T11:00:00.000Z,7.2,272.2,412,5.4,
 2019-09-12T12:00:00.000Z,7.2,272.2,416,5.4,
 2019-09-12T13:00:00.000Z,7.2,272.3,413,5.2,
 2019-09-12T14:00:00.000Z,7.2,272.3,415,6.3,
 2019-09-12T15:00:00.000Z,7.2,272.4,410,6.5,
 2019-09-12T16:00:00.000Z,7.2,272.4,411,6.4,
 2019-09-12T17:00:00.000Z,7.2,272.5,404,8,
 2019-09-12T18:00:00.000Z,7.2,272.5,404,10.3,
 2019-09-12T19:00:00.000Z,7.2,272.5,402,11.1,
 2019-09-12T20:00:00.000Z,7.2,272.6,408,9.4,
 2019-09-12T21:00:00.000Z,7.2,272.6,419,6.7,
 2019-09-12T22:00:00.000Z,7.2,272.7,426,8,
 2019-09-12T23:00:00.000Z,7.2,272.7,438,9.6,
 2019-09-13T00:00:00.000Z,7.2,272.7,453,7.5,
 2019-09-13T01:00:00.000Z,7.2,272.8,453,5.5,
 2019-09-13T02:00:00.000Z,7.2,272.8,450,6.7,
 2019-09-13T03:00:00.000Z,7.2,272.9,464,6.9,
 2019-09-13T04:00:00.000Z,7.2,272.9,471,7.3,
 2019-09-13T05:00:00.000Z,7.2,272.9,469,7.6,
 2019-09-13T06:00:00.000Z,7.2,273,467,7.5,
 2019-09-13T07:00:00.000Z,7.2,273,477,6.8,
 2019-09-13T08:00:00.000Z,7.2,273.1,467,6.1,
 2019-09-13T09:00:00.000Z,7.2,273.1,481,6.2,
 2019-09-13T10:00:00.000Z,7.2,273.1,475,5.8,
 2019-09-13T11:00:00.000Z,7.2,273.2,480,4.2,
 2019-09-13T12:00:00.000Z,7.2,273.2,479,5.1,
 2019-09-13T13:00:00.000Z,7.2,273.3,476,4.2,
 2019-09-13T14:00:00.000Z,7.2,273.3,472,4.8,
 2019-09-13T15:00:00.000Z,7.2,273.4,470,4.1,
 2019-09-13T16:00:00.000Z,7.2,273.4,469,3.8,
 2019-09-13T17:00:00.000Z,7.2,273.4,467,2,
 2019-09-13T18:00:00.000Z,7.2,273.5,481,1.3,
 2019-09-13T19:00:00.000Z,7.2,273.5,501,1.4,
 2019-09-13T20:00:00.000Z,7.2,273.6,524,1.7,
 2019-09-13T21:00:00.000Z,7.2,273.6,541,1.7,
 2019-09-13T22:00:00.000Z,7.2,273.6,518,1.6,
 2019-09-13T23:00:00.000Z,7.2,273.7,514,1.5,
 2019-09-14T00:00:00.000Z,7.2,273.7,506,1.4,
 2019-09-14T01:00:00.000Z,7.2,273.8,495,1.4,
 2019-09-14T02:00:00.000Z,7.2,273.8,483,1.3,
 2019-09-14T03:00:00.000Z,7.2,273.8,478,1.2,
 2019-09-14T04:00:00.000Z,7.2,273.9,486,1.5,
 2019-09-14T05:00:00.000Z,7.2,273.9,489,1.7,
 2019-09-14T06:00:00.000Z,7.2,274,479,1.6,
 2019-09-14T07:00:00.000Z,7.2,274,474,1.7,
 2019-09-14T08:00:00.000Z,7.2,274,476,2,
 2019-09-14T09:00:00.000Z,7.2,274.1,465,2.2,
 2019-09-14T10:00:00.000Z,7.2,274.1,465,2.4,
 2019-09-14T11:00:00.000Z,7.2,274.2,456,2.6,
 2019-09-14T12:00:00.000Z,7.2,274.2,461,3.3,
 2019-09-14T13:00:00.000Z,7.2,274.3,457,3.3,
 2019-09-14T14:00:00.000Z,7.2,274.3,451,3.3,
 2019-09-14T15:00:00.000Z,7.2,274.3,452,3.9,
 2019-09-14T16:00:00.000Z,7.2,274.4,447,3.6,
 2019-09-14T17:00:00.000Z,7.2,274.4,445,3.4,
 2019-09-14T18:00:00.000Z,7.2,274.5,454,2.9,
 2019-09-14T19:00:00.000Z,7.2,274.5,441,2.9,
 2019-09-14T20:00:00.000Z,7.2,274.5,434,3.4,
 2019-09-14T21:00:00.000Z,7.2,274.6,429,3.7,
 2019-09-14T22:00:00.000Z,7.2,274.6,427,3.7,
 2019-09-14T23:00:00.000Z,7.2,274.7,421,3.5,
 2019-09-15T00:00:00.000Z,7.2,274.7,421,3.9,
