EPOCH_yyyy-mm-ddThh:mm:ss.sssZ,PIONEER_DIST_Au,PIONEER_LAT_deg,PIONEER_LONG_deg,PIONEER_BR_nT,PIONEER_BT_nT,PIONEER_BN_nT,PIONEER_MAG_AVG_nT,PIONEER_SPEED_kms,PIONEER_DENSITY_Ncm3,PIONEER_TEMP_DegK
 1972-11-01T01:00:00.000Z,2.92,1.9,210.5,-1.00E+31,-1.00E+31,-1.00E+31,-1.00E+31,-1.00E+31,-1.00E+31,-1.00E+31
 1972-11-01T02:00:00.000Z,2.92,1.9,210.5,-1.00E+31,-1.00E+31,-1.00E+31,-1.00E+31,-1.00E+31,-1.00E+31,-1.00E+31
 1972-11-01T03:00:00.000Z,2.92,1.9,210.6,-0.176,0.9125,0.3012,0.9871,362.3,0.6874,5409
 1972-11-01T04:00:00.000Z,2.92,1.9,210.6,-0.1166,0.8649,0.4618,0.9943,365,0.6446,2546
 1972-11-01T05:00:00.000Z,2.92,1.9,210.6,0.083,0.8299,0.1093,0.8667,367.8,0.7971,6418
 1972-11-01T06:00:00.000Z,2.92,1.9,210.5,0.1176,0.8978,-0.0525,0.9125,365.2,0.8567,8079
 1972-11-01T07:00:00.000Z,2.92,1.9,210.5,-0.2912,0.646,0.1379,0.9194,-1.00E+31,-1.00E+31,-1.00E+31
 1972-11-01T08:00:00.000Z,2.92,2,210.5,-0.5887,-0.631,0.154,0.9652,364.9,0.5978,8935
 1972-11-01T09:00:00.000Z,2.92,2,210.5,-0.4096,-0.7557,0.1562,1.0477,364.2,0.6535,10065
 1972-11-01T10:00:00.000Z,2.92,2,210.6,-0.4719,-0.5729,0.3836,0.9117,365.9,0.6127,8840
 1972-11-01T11:00:00.000Z,2.92,2,210.6,0.235,-0.5987,-0.8625,1.1248,373.7,0.7377,18810
 1972-11-01T12:00:00.000Z,2.92,2,210.6,0.2395,-0.4648,-0.9165,1.1271,375.5,0.7896,17591
 1972-11-01T13:00:00.000Z,2.92,2,210.6,0.2791,0.0609,-0.8319,0.9145,373.6,0.9226,18570
 1972-11-01T14:00:00.000Z,2.92,2,210.6,0.3233,-0.0086,-0.9762,1.0676,-1.00E+31,-1.00E+31,-1.00E+31
 1972-11-01T15:00:00.000Z,2.92,2,210.6,0.0838,0.5891,-0.7486,1.0322,374.1,0.7376,17162
 1972-11-01T16:00:00.000Z,2.92,2,210.7,0.0966,0.3707,-1.0061,1.3061,376.3,0.7408,20376
 1972-11-01T17:00:00.000Z,2.92,2,210.6,-0.0164,-0.6112,-0.3099,0.7068,373.9,1.8605,8026
 1972-11-01T18:00:00.000Z,2.92,2,210.6,-0.1684,-0.758,-0.0386,0.8019,374.1,1.6808,6330
 1972-11-01T19:00:00.000Z,2.92,2,210.6,-0.1476,-0.8472,0.3852,0.9512,375.7,1.1804,1127
 1972-11-01T20:00:00.000Z,2.92,2,210.6,-0.2148,-1.0288,0.077,1.1299,-1.00E+31,-1.00E+31,-1.00E+31
 1972-11-01T21:00:00.000Z,2.92,2,210.6,-0.3718,-1.0847,-0.6451,1.3361,370.3,0.5947,1513
 1972-11-01T22:00:00.000Z,2.92,2,210.6,-0.3462,-1.0983,-0.6925,1.3627,369,0.6361,2665
 1972-11-01T23:00:00.000Z,2.92,2,210.7,-0.386,-1.2209,-0.38,1.358,-1.00E+31,-1.00E+31,-1.00E+31
 1972-11-02T00:00:00.000Z,2.92,2,210.7,-0.7221,-1.1321,-0.0058,1.394,364.9,0.5953,8751
 1972-11-02T01:00:00.000Z,2.92,2,210.7,-1.0853,-0.3308,0.2064,1.2774,369.6,0.8945,8199
 1972-11-02T02:00:00.000Z,2.92,2,210.7,-1.6134,-0.1689,-0.1815,1.6419,365.2,0.7942,7888
 1972-11-02T03:00:00.000Z,2.92,2,210.7,-1.759,0.2807,-0.3192,1.8188,372.5,1.1419,11574
 1972-11-02T04:00:00.000Z,2.92,2,210.6,-0.1512,-0.6783,-0.3471,1.7616,-1.00E+31,-1.00E+31,-1.00E+31
 1972-11-02T05:00:00.000Z,2.92,2,210.7,-1.00E+31,-1.00E+31,-1.00E+31,-1.00E+31,-1.00E+31,-1.00E+31,-1.00E+31
 1972-11-02T06:00:00.000Z,2.93,2,210.7,0.1379,-1.3664,-1.0122,1.7235,375,0.5481,4982
 1972-11-02T07:00:00.000Z,2.93,2,210.7,-0.0044,-1.0332,-1.3747,1.7281,369.9,0.4303,2903
 1972-11-02T08:00:00.000Z,2.93,2,210.7,-0.3024,-0.6802,-1.6543,1.8401,-1.00E+31,-1.00E+31,-1.00E+31
 1972-11-02T09:00:00.000Z,2.93,2,210.7,-0.6535,-0.2814,-1.7222,1.8877,363.6,0.558,9746
 1972-11-02T10:00:00.000Z,2.93,2,210.7,-0.2895,-0.3117,-1.9071,1.9925,362.7,0.5674,8867
 1972-11-02T11:00:00.000Z,2.93,2,210.7,-0.2302,-0.2557,-2.0206,2.0597,-1.00E+31,-1.00E+31,-1.00E+31
 1972-11-02T12:00:00.000Z,2.93,2,210.8,-0.247,-0.003,-2.0729,2.098,358.8,0.5907,9517
 1972-11-02T13:00:00.000Z,2.93,2,210.8,-0.5771,0.0137,-2.102,2.1845,357.2,0.5144,6885
 1972-11-02T14:00:00.000Z,2.93,2,210.8,-0.8694,-0.0201,-2.0812,2.3007,-1.00E+31,-1.00E+31,-1.00E+31
 1972-11-02T15:00:00.000Z,2.93,2,210.7,-1.1679,1.1116,-1.5425,2.2644,357.8,0.6945,11409
 1972-11-02T16:00:00.000Z,2.93,2,210.7,-1.2649,1.0708,-1.4077,2.1843,355.7,0.9094,11873
 1972-11-02T17:00:00.000Z,2.93,2,210.7,-1.2664,1.0755,-1.3434,2.1425,355.4,0.9524,6735
 1972-11-02T18:00:00.000Z,2.93,2,210.8,-1.2348,0.9472,-1.339,2.0698,-1.00E+31,-1.00E+31,-1.00E+31
 1972-11-02T19:00:00.000Z,2.93,2,210.8,-0.9103,1.2745,-1.1884,1.9788,-1.00E+31,-1.00E+31,-1.00E+31
 1972-11-02T20:00:00.000Z,2.93,2,210.8,-1.0115,1.3885,-0.9092,1.9531,-1.00E+31,-1.00E+31,-1.00E+31
 1972-11-02T21:00:00.000Z,2.93,2,210.8,-0.9477,1.3773,-0.7899,1.8862,-1.00E+31,-1.00E+31,-1.00E+31
 1972-11-02T22:00:00.000Z,2.93,2,210.8,-0.7311,1.5507,-0.6864,1.8769,-1.00E+31,-1.00E+31,-1.00E+31
 1972-11-02T23:00:00.000Z,2.93,2,210.8,-0.8703,1.5434,-0.3726,1.8221,352.1,0.9499,6567
 1972-11-03T00:00:00.000Z,2.93,2,210.8,-0.757,1.3791,-0.4755,1.6476,351.9,1.0147,9723
 1972-11-03T01:00:00.000Z,2.93,2,210.9,-0.7765,1.6063,-0.3377,1.829,-1.00E+31,-1.00E+31,-1.00E+31
 1972-11-03T02:00:00.000Z,2.93,2,210.8,-1.00E+31,-1.00E+31,-1.00E+31,-1.00E+31,-1.00E+31,-1.00E+31,-1.00E+31
 1972-11-03T03:00:00.000Z,2.93,2,210.8,-0.524,1.7255,0.1631,1.8217,358.4,1.0422,8651
 1972-11-03T04:00:00.000Z,2.93,2,210.8,-0.65,1.6558,0.0572,1.8932,-1.00E+31,-1.00E+31,-1.00E+31
 1972-11-03T05:00:00.000Z,2.93,2,210.8,-0.6136,1.7015,0.3603,1.8763,359.7,0.8011,6576
 1972-11-03T06:00:00.000Z,2.93,2,210.8,-0.6216,1.366,0.5907,1.6579,359.6,0.7995,10293
 1972-11-03T07:00:00.000Z,2.93,2,210.8,-0.6482,0.8591,1.058,1.5704,351.2,0.7147,8104
 1972-11-03T08:00:00.000Z,2.93,2,210.9,-0.5713,0.1003,0.9766,1.3131,358,1.8629,10880
 1972-11-03T09:00:00.000Z,2.93,2,210.9,-0.4082,0.4526,0.8034,1.0565,359.2,1.8248,10429
 1972-11-03T10:00:00.000Z,2.93,2,210.9,-0.4479,0.6893,0.4388,0.9544,353.7,1.9215,8653
 1972-11-03T11:00:00.000Z,2.93,2,210.9,-1.00E+31,-1.00E+31,-1.00E+31,-1.00E+31,-1.00E+31,-1.00E+31,-1.00E+31
 1972-11-03T12:00:00.000Z,2.93,2,210.9,-0.9232,-0.4839,0.5168,1.2048,-1.00E+31,-1.00E+31,-1.00E+31
 1972-11-03T13:00:00.000Z,2.94,2,210.8,-0.7167,-0.6913,0.6063,1.1912,-1.00E+31,-1.00E+31,-1.00E+31
 1972-11-03T14:00:00.000Z,2.94,2,210.9,-0.4178,-0.9204,0.3415,1.076,354.3,1.9715,5503
 1972-11-03T15:00:00.000Z,2.94,2,210.9,-0.0236,-0.1886,0.3667,0.6122,355.2,2.2933,7691
 1972-11-03T16:00:00.000Z,2.94,2,210.9,-0.3323,0.0172,0.375,0.6611,356.3,2.5338,12092
 1972-11-03T17:00:00.000Z,2.94,2,210.9,-0.7056,0.3744,0.1317,0.9181,-1.00E+31,-1.00E+31,-1.00E+31
 1972-11-03T18:00:00.000Z,2.94,2,210.9,-0.072,0.6244,-0.1269,0.9446,357.3,2.3957,8545
 1972-11-03T19:00:00.000Z,2.94,2,210.9,-0.3053,0.1816,0.9363,1.1286,356.5,1.7874,8258
 1972-11-03T20:00:00.000Z,2.94,2,210.9,-0.3592,0.7785,0.7163,1.1718,359.3,3.0801,8966
 1972-11-03T21:00:00.000Z,2.94,2,211,-0.139,0.8791,0.8343,1.246,361.7,2.6183,13314
 1972-11-03T22:00:00.000Z,2.94,2,211,-0.0231,0.0818,-0.0908,1.4602,362.8,0.7922,7254
 1972-11-03T23:00:00.000Z,2.94,2,211,-0.1105,-0.2769,-1.1042,1.8822,367.8,1.0048,4767
 1972-11-04T00:00:00.000Z,2.94,2,211,-0.3151,1.5212,-1.0073,1.8727,362,1.048,4772
 1972-11-04T01:00:00.000Z,2.94,2,210.9,-0.3509,1.4841,-1.0225,1.8846,365.6,0.6877,7902
 1972-11-04T02:00:00.000Z,2.94,2,210.9,-0.5162,0.5997,-1.8486,2.0258,362.9,0.4742,5814
 1972-11-04T03:00:00.000Z,2.94,2,211,-0.55,0.382,-1.9237,2.0635,360.3,0.407,8372
 1972-11-04T04:00:00.000Z,2.94,2,211,-0.6063,0.5093,-1.9487,2.121,362.1,0.4076,5875
 1972-11-04T05:00:00.000Z,2.94,2,211,-0.6221,0.3276,-2.0636,2.1838,360.2,0.3732,4780
 1972-11-04T06:00:00.000Z,2.94,2,211,-1.00E+31,-1.00E+31,-1.00E+31,-1.00E+31,-1.00E+31,-1.00E+31,-1.00E+31
 1972-11-04T07:00:00.000Z,2.94,2,211,-0.7566,-0.4454,-1.9697,2.1741,360.2,0.346,6287
 1972-11-04T08:00:00.000Z,2.94,2,211,-0.7797,-0.5677,-1.981,2.2082,363.3,0.2648,3091
 1972-11-04T09:00:00.000Z,2.94,2,211,-0.7582,-0.56,-2.041,2.252,361.9,0.394,4920
 1972-11-04T10:00:00.000Z,2.94,2,211.1,-0.5418,-0.9189,-1.7915,2.1203,-1.00E+31,-1.00E+31,-1.00E+31
 1972-11-04T11:00:00.000Z,2.94,2,211.1,-0.0179,-1.3598,-1.558,2.0741,-1.00E+31,-1.00E+31,-1.00E+31
 1972-11-04T12:00:00.000Z,2.94,2,211,0.0121,-1.1852,-1.6603,2.0425,350.4,0.531,7236
 1972-11-04T13:00:00.000Z,2.94,2,211,0.0317,-1.1901,-1.6202,2.0148,352,0.6191,7003
 1972-11-04T14:00:00.000Z,2.94,2,211,-0.0206,-1.19,-1.5889,1.9881,348.1,0.6476,6044
 1972-11-04T15:00:00.000Z,2.94,2,211,0.0193,-1.1363,-1.6254,1.9867,349.6,0.6731,8194
 1972-11-04T16:00:00.000Z,2.94,2,211,-0.2505,-1.3003,-1.4661,1.9911,352.3,0.6966,7807
 1972-11-04T17:00:00.000Z,2.94,2,211.1,-0.5826,-1.3392,-1.4259,2.0458,352.3,0.6685,5142
 1972-11-04T18:00:00.000Z,2.94,2,211.1,-0.5224,-1.315,-1.3715,1.9762,355.2,0.888,3545
 1972-11-04T19:00:00.000Z,2.94,2,211.1,-0.4377,-1.4283,-1.2076,1.9277,352.2,0.9587,2486
 1972-11-04T20:00:00.000Z,2.94,2,211.1,-0.5546,-1.5574,-1.1479,2.0274,356.9,0.6368,3425
 1972-11-04T21:00:00.000Z,2.95,2,211.1,-0.7264,-1.4213,-1.3959,2.1287,357.7,0.3826,6896
 1972-11-04T22:00:00.000Z,2.95,2,211.1,-0.7277,-1.2434,-1.5507,2.1231,357.5,0.3671,4781
 1972-11-04T23:00:00.000Z,2.95,2,211.1,-0.6445,-1.3027,-1.1776,1.9532,352.8,0.5433,7985
 1972-11-05T00:00:00.000Z,2.95,2,211.1,0.4156,1.0329,-0.0467,1.3441,353.7,1.9547,5461
 1972-11-05T01:00:00.000Z,2.95,2,211.1,0.5321,1.1742,-0.3401,1.3959,350.7,1.8901,4586
 1972-11-05T02:00:00.000Z,2.95,2,211.1,0.2658,0.0393,-1.0182,1.2493,352.6,2.6502,8041
 1972-11-05T03:00:00.000Z,2.95,2,211.1,-0.4531,-1.284,-0.9439,1.6938,349.8,1.7322,7414
 1972-11-05T04:00:00.000Z,2.95,2,211.1,-0.1951,-1.3481,-1.6129,2.1326,351.3,0.6425,7742
 1972-11-05T05:00:00.000Z,2.95,2,211.1,-0.2247,-1.6277,-1.6992,2.3712,351.3,0.6665,8790
 1972-11-05T06:00:00.000Z,2.95,2,211.2,-0.3598,-1.6168,-1.6291,2.3316,354.5,0.5445,3347
 1972-11-05T07:00:00.000Z,2.95,2,211.2,-0.2922,-1.6332,-1.6261,2.3262,352.8,0.6757,8830
 1972-11-05T08:00:00.000Z,2.95,2,211.2,-0.3189,-1.7353,-1.4695,2.3036,354.3,0.6676,7589
 1972-11-05T09:00:00.000Z,2.95,2,211.2,-0.8776,-2.9034,-2.903,4.2131,398.9,1.5692,19734
 1972-11-05T10:00:00.000Z,2.95,2,211.1,-0.913,-3.1391,-3.0507,4.5107,409.7,2.1761,25116
 1972-11-05T11:00:00.000Z,2.95,2,211.1,-0.5938,-1.5197,-3.9019,4.3104,411.8,3.6093,14572
 1972-11-05T12:00:00.000Z,2.95,2,211.1,-0.4378,0.328,-4.2635,4.4231,405,1.6287,9493
 1972-11-05T13:00:00.000Z,2.95,2,211.2,-0.065,2.4145,-3.9473,4.8296,-1.00E+31,-1.00E+31,-1.00E+31
 1972-11-05T14:00:00.000Z,2.95,2,211.2,0.2012,2.6552,-4.2458,5.0324,395.4,2.3826,26514
 1972-11-05T15:00:00.000Z,2.95,2,211.2,-0.166,2.7611,-4.1491,4.9989,396.8,2.3116,22245
 1972-11-05T16:00:00.000Z,2.95,2,211.2,-0.1713,2.72,-4.1336,4.9743,390.9,1.8128,13874
 1972-11-05T17:00:00.000Z,2.95,2,211.2,-0.0154,2.2518,-4.5623,5.1288,390.9,1.4823,10802
 1972-11-05T18:00:00.000Z,2.95,2,211.2,0.1603,1.4314,-5.0205,5.2513,389,1.3322,2695
 1972-11-05T19:00:00.000Z,2.95,2,211.3,-0.1503,-0.0258,-5.3423,5.3992,392.4,1.8556,8895
 1972-11-05T20:00:00.000Z,2.95,2,211.3,-0.0454,0.5982,-5.2642,5.4389,388.4,1.4473,11637
 1972-11-05T21:00:00.000Z,2.95,2,211.2,-0.3233,-0.8586,-5.22,5.3609,392.9,1.5531,8032
 1972-11-05T22:00:00.000Z,2.95,2,211.2,-0.5884,1.9283,-4.0736,5.2096,-1.00E+31,-1.00E+31,-1.00E+31
 1972-11-05T23:00:00.000Z,2.95,2,211.2,-0.5257,3.8491,-3.8325,5.472,-1.00E+31,-1.00E+31,-1.00E+31
 1972-11-06T00:00:00.000Z,2.95,2,211.2,-0.1182,-1.0652,-5.0733,5.5718,392.5,0.898,25492
 1972-11-06T01:00:00.000Z,2.95,2,211.2,0.2461,-1.9237,-5.2898,5.6699,397,1.0831,21123
 1972-11-06T02:00:00.000Z,2.95,2,211.3,0.4578,-1.6164,-5.428,5.6901,390.4,0.8009,21672
 1972-11-06T03:00:00.000Z,2.95,2,211.3,0.473,-1.5837,-5.3709,5.6358,393.2,0.6599,16126
 1972-11-06T04:00:00.000Z,2.95,2,211.3,-1.00E+31,-1.00E+31,-1.00E+31,-1.00E+31,380.6,0.7154,11538
 1972-11-06T05:00:00.000Z,2.96,2,211.3,0.7547,-2.5793,-4.9084,5.6139,380,1.048,15315
 1972-11-06T06:00:00.000Z,2.96,2,211.3,0.9409,-3.3398,-4.2517,5.5132,389.5,1.2916,12520
 1972-11-06T07:00:00.000Z,2.96,2,211.3,0.6124,-2.7108,-4.5466,5.4102,388.8,1.2701,23887
 1972-11-06T08:00:00.000Z,2.96,2,211.3,0.8731,-4.113,-3.1017,5.2623,378.9,1.3977,24159
 1972-11-06T09:00:00.000Z,2.96,2,211.3,0.6378,-2.9618,-3.8847,5.0126,383.7,1.2494,28287
 1972-11-06T10:00:00.000Z,2.96,2,211.3,1.4632,-3.8669,-3.0609,5.2209,374.7,1.9657,28958
 1972-11-06T11:00:00.000Z,2.96,2,211.3,1.5618,-4.1265,-2.8834,5.2884,378.4,1.0614,18932
 1972-11-06T12:00:00.000Z,2.96,2,211.3,1.2888,-3.6994,-2.0546,4.4595,389.3,2.4533,73279
 1972-11-06T13:00:00.000Z,2.96,2,211.3,0.8112,-2.5666,-1.3637,3.0311,396.9,5.2873,62284
 1972-11-06T14:00:00.000Z,2.96,2.1,211.3,-1.00E+31,-1.00E+31,-1.00E+31,-1.00E+31,-1.00E+31,-1.00E+31,-1.00E+31
 1972-11-06T15:00:00.000Z,2.96,2.1,211.4,1.402,-3.2112,-1.0591,3.7349,382.6,3.1178,64326
 1972-11-06T16:00:00.000Z,2.96,2.1,211.4,1.0708,-2.7258,-1.1307,3.158,386.6,1.7461,51704
 1972-11-06T17:00:00.000Z,2.96,2.1,211.4,-1.00E+31,-1.00E+31,-1.00E+31,-1.00E+31,375.4,1.0492,34781
 1972-11-06T18:00:00.000Z,2.96,2.1,211.4,1.6685,-4.3089,-1.6847,4.9223,374.7,1.36,22580
 1972-11-06T19:00:00.000Z,2.96,2.1,211.3,1.8918,-4.1705,-1.5884,4.8553,371.9,1.0859,28599
 1972-11-06T20:00:00.000Z,2.96,2.1,211.3,2.3208,-3.169,1.5407,4.7077,368,1.4751,28809
 1972-11-06T21:00:00.000Z,2.96,2.1,211.3,2.5059,-2.8961,2.5757,4.654,350.2,0.6244,11699
 1972-11-06T22:00:00.000Z,2.96,2.1,211.4,2.5051,-3.2554,2.4533,4.7941,362.5,0.6986,12197
 1972-11-06T23:00:00.000Z,2.96,2.1,211.4,2.4776,-3.5858,0.817,4.8262,357.5,0.6818,11955
 1972-11-07T00:00:00.000Z,2.96,2.1,211.4,2.4015,-3.9914,-1.3431,4.8589,350.1,1.0871,11595
 1972-11-07T01:00:00.000Z,2.96,2.1,211.4,2.8476,-3.6187,-1.5536,4.8687,358.8,0.9297,18451
 1972-11-07T02:00:00.000Z,2.96,2.1,211.4,2.7754,-3.715,-0.8906,4.7536,361.8,1.4437,25378
 1972-11-07T03:00:00.000Z,2.96,2.1,211.4,2.2238,-4.0128,-0.619,4.6444,358.7,1.5758,24130
 1972-11-07T04:00:00.000Z,2.96,2.1,211.5,2.2257,-3.7905,-0.3985,4.5665,-1.00E+31,-1.00E+31,-1.00E+31
 1972-11-07T05:00:00.000Z,2.96,2.1,211.5,3.3829,-3.1124,-0.8479,4.6796,355.2,1.4564,31069
 1972-11-07T06:00:00.000Z,2.96,2.1,211.5,3.5925,-3.0129,-1.0294,4.8062,-1.00E+31,-1.00E+31,-1.00E+31
 1972-11-07T07:00:00.000Z,2.96,2.1,211.4,3.7747,-2.9278,0.5133,4.8347,355.4,1.5097,26959
 1972-11-07T08:00:00.000Z,2.96,2.1,211.4,3.8487,-2.9065,0.082,4.8394,351.2,1.7408,22124
 1972-11-07T09:00:00.000Z,2.96,2.1,211.4,3.4629,-2.6606,1.5498,4.6894,-1.00E+31,-1.00E+31,-1.00E+31
 1972-11-07T10:00:00.000Z,2.96,2.1,211.4,3.4888,-2.3357,1.7789,4.5691,350.9,1.6642,19044
 1972-11-07T11:00:00.000Z,2.96,2.1,211.5,3.0713,-2.7935,0.0224,4.4631,342.8,1.8346,19247
 1972-11-07T12:00:00.000Z,2.96,2.1,211.5,3.2792,-2.7174,0.7586,4.4457,340.9,1.1766,16108
 1972-11-07T13:00:00.000Z,2.97,2.1,211.5,3.3124,-2.2193,1.4462,4.2607,345.1,1.4043,25435
 1972-11-07T14:00:00.000Z,2.97,2.1,211.5,3.3545,-1.9278,1.2991,4.0922,-1.00E+31,-1.00E+31,-1.00E+31
 1972-11-07T15:00:00.000Z,2.97,2.1,211.5,3.0675,-1.4176,2.0831,3.9865,338.7,1.2772,19207
 1972-11-07T16:00:00.000Z,2.97,2.1,211.5,2.632,-1.9658,1.0692,3.7636,-1.00E+31,-1.00E+31,-1.00E+31
 1972-11-07T17:00:00.000Z,2.97,2.1,211.5,2.036,-2.7569,1.9386,3.9759,344.1,1.7543,17672
 1972-11-07T18:00:00.000Z,2.97,2.1,211.5,1.8081,-2.3384,2.4924,3.9499,-1.00E+31,-1.00E+31,-1.00E+31
 1972-11-07T19:00:00.000Z,2.97,2.1,211.5,1.4612,-1.3783,3.1146,3.7617,349.7,1.2636,23102
 1972-11-07T20:00:00.000Z,2.97,2.1,211.5,0.6363,-1.7167,1.4069,2.7596,-1.00E+31,-1.00E+31,-1.00E+31
 1972-11-07T21:00:00.000Z,2.97,2.1,211.5,-1.00E+31,-1.00E+31,-1.00E+31,-1.00E+31,-1.00E+31,-1.00E+31,-1.00E+31
 1972-11-07T22:00:00.000Z,2.97,2.1,211.5,-1.00E+31,-1.00E+31,-1.00E+31,-1.00E+31,-1.00E+31,-1.00E+31,-1.00E+31
 1972-11-07T23:00:00.000Z,2.97,2.1,211.5,-1.00E+31,-1.00E+31,-1.00E+31,-1.00E+31,-1.00E+31,-1.00E+31,-1.00E+31
 1972-11-08T00:00:00.000Z,2.97,2.1,211.6,1.5001,0.3425,1.6121,2.2486,346.8,2.1409,8483
 1972-11-08T01:00:00.000Z,2.97,2.1,211.6,1.8209,-0.2285,1.1483,2.2335,355.2,2.6047,21617
 1972-11-08T02:00:00.000Z,2.97,2.1,211.6,2.0328,-0.3537,0.4509,2.1664,-1.00E+31,-1.00E+31,-1.00E+31
 1972-11-08T03:00:00.000Z,2.97,2.1,211.6,1.1173,-1.2035,-0.1737,2.2012,363.3,2.781,21296
 1972-11-08T04:00:00.000Z,2.97,2.1,211.6,0.1196,-1.7862,-1.9357,2.6775,-1.00E+31,-1.00E+31,-1.00E+31
 1972-11-08T05:00:00.000Z,2.97,2.1,211.5,-0.4808,-0.9996,-2.1112,2.3997,378.9,1.9897,14215
 1972-11-08T06:00:00.000Z,2.97,2.1,211.5,-0.2038,-0.5023,-2.0201,2.1341,377.4,2.7617,10327
 1972-11-08T07:00:00.000Z,2.97,2.1,211.6,-0.065,-0.3766,-2.0274,2.094,373,3.1239,15076
 1972-11-08T08:00:00.000Z,2.97,2.1,211.6,0.2078,-0.0148,-1.9553,2.042,368.2,3.0917,14851
 1972-11-08T09:00:00.000Z,2.97,2.1,211.6,0.5615,1.1864,-1.2883,2.0284,357.4,2.1966,15783
 1972-11-08T10:00:00.000Z,2.97,2.1,211.6,0.4076,1.4925,-0.0941,1.9319,368.9,2.9178,22499
 1972-11-08T11:00:00.000Z,2.97,2.1,211.6,-0.5253,-1.7081,-1.119,2.2516,365.3,0.2744,8023
 1972-11-08T12:00:00.000Z,2.97,2.1,211.6,-1.3174,-0.6741,-1.643,2.4079,373.8,0.3614,1914
 1972-11-08T13:00:00.000Z,2.97,2.1,211.6,-1.4036,0.0096,-2.2067,2.6268,372,0.3587,4485
 1972-11-08T14:00:00.000Z,2.97,2.1,211.7,-0.7969,-1.1572,-0.8601,2.4348,350.4,1.3347,8627
 1972-11-08T15:00:00.000Z,2.97,2.1,211.7,-1.3279,0.4661,-1.6802,2.4537,391.4,0.6318,3233
 1972-11-08T16:00:00.000Z,2.97,2.1,211.6,-1.3224,0.9833,-1.8172,2.5122,382.3,1.2963,2932
 1972-11-08T17:00:00.000Z,2.97,2.1,211.6,-0.3916,-1.1055,-2.168,2.6027,370.2,1.1356,1963
 1972-11-08T18:00:00.000Z,2.97,2.1,211.6,-0.9818,0.455,-2.1054,2.7448,-1.00E+31,-1.00E+31,-1.00E+31
 1972-11-08T19:00:00.000Z,2.97,2.1,211.6,0.1029,-1.5239,-0.1694,2.362,361.1,1.0372,27620
 1972-11-08T20:00:00.000Z,2.97,2.1,211.7,-0.2041,0.5257,-1.2577,2.1258,367.1,1.0553,11620
 1972-11-08T21:00:00.000Z,2.98,2.1,211.7,-0.391,1.7348,-2.0608,2.7389,373.3,0.52,2653
 1972-11-08T22:00:00.000Z,2.98,2.1,211.7,-0.2335,1.2336,-1.986,2.3761,367.8,2.1177,21629
 1972-11-08T23:00:00.000Z,2.98,2.1,211.7,-0.1968,1.5349,-1.7062,2.3638,370.1,2.5213,19387
 1972-11-09T00:00:00.000Z,2.98,2.1,211.7,-0.0134,1.1316,-1.5452,1.9861,373.3,2.8535,17054
 1972-11-09T01:00:00.000Z,2.98,2.1,211.7,0.2144,1.4418,0.3691,1.6184,374.5,2.8824,18458
 1972-11-09T02:00:00.000Z,2.98,2.1,211.7,-0.1097,0.5705,0.6886,1.439,377.6,2.9972,24504
 1972-11-09T03:00:00.000Z,2.98,2.1,211.7,0.2287,0.6166,0.5938,1.2246,-1.00E+31,-1.00E+31,-1.00E+31
 1972-11-09T04:00:00.000Z,2.98,2.1,211.7,-1.00E+31,-1.00E+31,-1.00E+31,-1.00E+31,-1.00E+31,-1.00E+31,-1.00E+31
 1972-11-09T05:00:00.000Z,2.98,2.1,211.7,0.1539,-0.5165,0.5136,0.8465,380.4,2.5868,13415
 1972-11-09T06:00:00.000Z,2.98,2.1,211.7,0.3107,-0.4046,0.5191,0.7365,382.4,2.7754,13832
 1972-11-09T07:00:00.000Z,2.98,2.1,211.7,0.3657,-0.532,0.4287,0.8157,384.9,2.3456,15656
 1972-11-09T08:00:00.000Z,2.98,2.1,211.7,0.2442,-0.5166,0.4219,0.7587,384.3,2.3204,16857
 1972-11-09T09:00:00.000Z,2.98,2.1,211.7,0.6179,-0.8761,0.5096,1.2364,378.1,1.5003,29963
 1972-11-09T10:00:00.000Z,2.98,2.1,211.8,0.4022,-0.7588,0.5223,1.062,376.4,1.5476,34325
 1972-11-09T11:00:00.000Z,2.98,2.1,211.8,1.0174,0.3267,0.2844,1.1576,364,1.2485,43739
 1972-11-09T12:00:00.000Z,2.98,2.1,211.8,0.806,-0.0802,-0.7792,1.231,365.4,1.4017,30859
 1972-11-09T13:00:00.000Z,2.98,2.1,211.8,0.1979,-0.5678,-0.6664,1.0578,-1.00E+31,-1.00E+31,-1.00E+31
 1972-11-09T14:00:00.000Z,2.98,2.1,211.7,0.8339,-1.4199,0.1468,1.6809,367.4,1.43,30842
 1972-11-09T15:00:00.000Z,2.98,2.1,211.7,0.6694,-1.1565,0.2597,1.4618,377.5,1.4639,26362
 1972-11-09T16:00:00.000Z,2.98,2.1,211.8,0.2881,-0.6298,0.2713,1.0175,394.3,1.4018,14230
 1972-11-09T17:00:00.000Z,2.98,2.1,211.8,0.372,-0.6336,0.3182,0.8405,402.5,0.8662,7878
 1972-11-09T18:00:00.000Z,2.98,2.1,211.8,0.2427,-0.7504,-0.0875,0.802,399.4,1.0558,5204
 1972-11-09T19:00:00.000Z,2.98,2.1,211.8,0.2622,-0.5367,0.2392,0.6975,401.9,1.1978,7183
 1972-11-09T20:00:00.000Z,2.98,2.1,211.8,0.2835,-0.1293,0.5043,0.6583,404.2,1.2902,6690
 1972-11-09T21:00:00.000Z,2.98,2.1,211.8,0.1456,0.3854,0.4525,0.6844,405.7,1.3844,7297
 1972-11-09T22:00:00.000Z,2.98,2.1,211.8,0.0185,0.9422,0.1203,1.0307,405,1.8729,7092
 1972-11-09T23:00:00.000Z,2.98,2.1,211.9,-0.1855,1.1365,-0.2463,1.2104,403.1,1.5209,11841
 1972-11-10T00:00:00.000Z,2.98,2.1,211.9,-0.5461,1.1841,0.2443,1.3704,396.6,1.2048,13424
 1972-11-10T01:00:00.000Z,2.98,2.1,211.8,-0.4099,1.1736,-0.4492,1.3687,397.2,1.2725,13397
 1972-11-10T02:00:00.000Z,2.98,2.1,211.8,-0.1555,1.3098,-0.1843,1.3781,-1.00E+31,-1.00E+31,-1.00E+31
 1972-11-10T03:00:00.000Z,2.98,2.1,211.8,-0.1305,1.2305,-0.2309,1.2961,397.5,1.2072,10996
 1972-11-10T04:00:00.000Z,2.98,2.1,211.8,-0.4502,1.1802,-0.0013,1.2814,392.8,1.135,9459
 1972-11-10T05:00:00.000Z,2.99,2.1,211.8,-0.5162,1.023,-0.1827,1.1738,391.1,1.5809,13620
 1972-11-10T06:00:00.000Z,2.99,2.1,211.9,-0.1178,1.328,-0.1564,1.3552,395.8,1.1254,9139
 1972-11-10T07:00:00.000Z,2.99,2.1,211.9,-0.0867,1.3735,0.2004,1.4088,396.3,1.1718,9272
 1972-11-10T08:00:00.000Z,2.99,2.1,211.9,-0.0805,1.3179,-0.4263,1.4002,395.7,1.1494,10208
 1972-11-10T09:00:00.000Z,2.99,2.1,211.9,-0.0407,1.3989,-0.2161,1.4622,394.3,1.1825,10215
 1972-11-10T10:00:00.000Z,2.99,2.1,211.9,0.1914,1.3256,0.2083,1.3785,397.2,1.5286,11329
 1972-11-10T11:00:00.000Z,2.99,2.1,211.9,0.0399,1.2232,0.3902,1.3376,394.9,1.3202,5300
 1972-11-10T12:00:00.000Z,2.99,2.1,211.9,0.2025,1.2117,0.1956,1.2699,392.5,1.5616,11950
 1972-11-10T13:00:00.000Z,2.99,2.1,211.9,0.0184,1.1922,0.1131,1.2118,391.1,1.6279,14658
 1972-11-10T14:00:00.000Z,2.99,2.1,211.9,-0.0456,1.2195,0.1843,1.249,387.8,1.0079,4382
 1972-11-10T15:00:00.000Z,2.99,2.1,211.9,-0.0816,1.1597,0.4124,1.247,-1.00E+31,-1.00E+31,-1.00E+31
 1972-11-10T16:00:00.000Z,2.99,2.1,211.9,-0.2411,1.0191,0.3573,1.1424,383.5,1.3819,11701
 1972-11-10T17:00:00.000Z,2.99,2.1,211.9,-0.124,1.1115,0.1053,1.1331,-1.00E+31,-1.00E+31,-1.00E+31
 1972-11-10T18:00:00.000Z,2.99,2.1,211.9,-0.0402,0.8451,0.4453,1.0679,381,1.711,27096
 1972-11-10T19:00:00.000Z,2.99,2.1,212,0.22,0.8089,-0.2545,1.0766,-1.00E+31,-1.00E+31,-1.00E+31
 1972-11-10T20:00:00.000Z,2.99,2.1,212,0.3562,0.7016,-0.2987,1.1674,-1.00E+31,-1.00E+31,-1.00E+31
 1972-11-10T21:00:00.000Z,2.99,2.1,212,0.2339,0.9376,0.2472,1.096,-1.00E+31,-1.00E+31,-1.00E+31
 1972-11-10T22:00:00.000Z,2.99,2.1,212,-0.247,0.512,0.285,0.8287,-1.00E+31,-1.00E+31,-1.00E+31
 1972-11-10T23:00:00.000Z,2.99,2.1,212,-0.43,0.5793,0.4096,0.9641,373.8,1.1272,33554
 1972-11-11T00:00:00.000Z,2.99,2.1,211.9,-0.6377,0.5797,0.714,1.1522,376.9,0.8487,26241
 1972-11-11T01:00:00.000Z,2.99,2.1,211.9,-0.5869,0.7756,0.423,1.1099,369.1,0.9306,30233
 1972-11-11T02:00:00.000Z,2.99,2.1,212,-0.6235,0.6728,0.6232,1.1317,371.1,0.9289,27830
 1972-11-11T03:00:00.000Z,2.99,2.1,212,-0.8648,0.4022,0.5674,1.1582,-1.00E+31,-1.00E+31,-1.00E+31
 1972-11-11T04:00:00.000Z,2.99,2.1,212,-1.00E+31,-1.00E+31,-1.00E+31,-1.00E+31,373.9,0.8506,27134
 1972-11-11T05:00:00.000Z,2.99,2.1,212,-1.0097,0.3711,0.5536,1.2212,367.9,0.8739,27835
 1972-11-11T06:00:00.000Z,2.99,2.1,212,-0.8705,0.5904,0.5266,1.1852,371.6,0.7908,23844
 1972-11-11T07:00:00.000Z,2.99,2.1,212,-0.6148,0.6846,-0.0841,0.9748,370.1,0.9074,34214
 1972-11-11T08:00:00.000Z,2.99,2.1,212,-0.1085,0.6317,-0.3524,0.9861,372.8,0.8228,22700
 1972-11-11T09:00:00.000Z,2.99,2.1,212.1,-0.4029,0.6696,0.3083,1.0029,364.5,0.9738,29942
 1972-11-11T10:00:00.000Z,2.99,2.1,212.1,0.5232,0.783,-0.3136,1.0436,374.1,0.7026,18633
 1972-11-11T11:00:00.000Z,2.99,2.1,212,-0.8827,0.1763,0.5298,1.0698,373.2,0.6799,17028
 1972-11-11T12:00:00.000Z,2.99,2.1,212,-0.8904,0.3167,0.4183,1.0447,364.6,0.6646,20140
 1972-11-11T13:00:00.000Z,2.99,2.1,212,-0.7625,0.5165,0.258,0.9629,358,0.7952,21152
 1972-11-11T14:00:00.000Z,3,2.1,212,-0.7986,0.3273,0.4389,0.9813,363.7,0.6513,17624
 1972-11-11T15:00:00.000Z,3,2.1,212.1,-0.9031,0.2262,0.3646,1.004,361.6,0.7143,20125
 1972-11-11T16:00:00.000Z,3,2.1,212.1,-0.8858,0.2528,0.2845,0.9672,362.2,0.6734,17496
 1972-11-11T17:00:00.000Z,3,2.1,212.1,-0.8421,0.3597,0.1516,0.9432,362.2,0.9195,13576
 1972-11-11T18:00:00.000Z,3,2.1,212.1,-0.6498,0.6406,0.2767,0.9661,360.2,0.6697,15509
 1972-11-11T19:00:00.000Z,3,2.1,212.1,-0.759,0.4086,0.4646,1.0266,361.3,0.6805,17759
 1972-11-11T20:00:00.000Z,3,2.1,212.1,-0.5388,0.5928,0.38,0.9607,363,0.612,15245
 1972-11-11T21:00:00.000Z,3,2.1,212.1,-0.1882,0.6763,0.1141,0.7357,364.8,0.7368,18051
 1972-11-11T22:00:00.000Z,3,2.1,212.1,-0.1717,0.6161,-0.139,0.7613,-1.00E+31,-1.00E+31,-1.00E+31
 1972-11-11T23:00:00.000Z,3,2.1,212.1,0.0365,0.3933,-0.2181,0.8481,364.4,0.6973,23120
 1972-11-12T00:00:00.000Z,3,2.2,212.1,-0.5057,0.6528,0.6359,1.0545,363.7,0.6878,16045
 1972-11-12T01:00:00.000Z,3,2.2,212.1,-0.5551,0.7236,0.5981,1.1037,367,0.3635,7270
 1972-11-12T02:00:00.000Z,3,2.2,212.1,-0.2974,0.9277,-0.0287,1.0371,363.6,0.6885,16741
 1972-11-12T03:00:00.000Z,3,2.2,212.1,-0.1129,0.7812,-0.4917,1.0747,366.7,0.569,14443
 1972-11-12T04:00:00.000Z,3,2.2,212.1,0.4702,0.3437,-0.9066,1.1539,363.2,0.4728,12814
 1972-11-12T05:00:00.000Z,3,2.2,212.2,0.22,0.5791,-0.6977,1.0472,362,0.3757,10854
 1972-11-12T06:00:00.000Z,3,2.2,212.2,-0.4052,0.6466,-0.0727,0.858,367.8,0.6345,19422
 1972-11-12T07:00:00.000Z,3,2.2,212.2,-0.1538,0.7116,-0.3851,0.849,368.1,0.7443,24609
 1972-11-12T08:00:00.000Z,3,2.2,212.2,-0.1127,0.4506,-0.3664,0.6489,374.1,0.9067,19056
 1972-11-12T09:00:00.000Z,3,2.2,212.1,0.1417,0.1426,-0.3544,0.4602,366.8,0.9641,15666
 1972-11-12T10:00:00.000Z,3,2.2,212.1,0.4526,0.0544,-0.0963,0.5165,368.2,0.9473,16658
 1972-11-12T11:00:00.000Z,3,2.2,212.2,-0.2985,0.11,-0.3236,0.4798,366.7,0.9657,14840
 1972-11-12T12:00:00.000Z,3,2.2,212.2,0.1844,0.0806,-0.1692,0.3205,365.1,0.8683,16613
 1972-11-12T13:00:00.000Z,3,2.2,212.2,0.2866,0.0897,-0.0832,0.3225,365.8,0.8286,17397
 1972-11-12T14:00:00.000Z,3,2.2,212.2,0.0502,0.3659,-0.2969,0.5201,361.4,0.5341,16016
 1972-11-12T15:00:00.000Z,3,2.2,212.2,-0.1929,0.4796,-0.3468,0.6741,356.3,0.6596,17031
 1972-11-12T16:00:00.000Z,3,2.2,212.2,0.18,0.5671,-0.3223,0.6923,362.5,0.5162,7605
 1972-11-12T17:00:00.000Z,3,2.2,212.2,0.2017,0.6222,-0.162,0.6815,361.8,0.8734,8141
 1972-11-12T18:00:00.000Z,3,2.2,212.3,0.186,0.5662,-0.1186,0.6637,357.5,0.4204,11207
 1972-11-12T19:00:00.000Z,3,2.2,212.3,0.1769,0.4598,-0.3301,0.6242,357.1,0.5153,13145
 1972-11-12T20:00:00.000Z,3,2.2,212.2,0.0553,0.3387,-0.493,0.6789,-1.00E+31,-1.00E+31,-1.00E+31
 1972-11-12T21:00:00.000Z,3,2.2,212.2,0.0514,0.6903,-0.2127,0.7353,352.8,0.5218,8517
 1972-11-12T22:00:00.000Z,3.01,2.2,212.2,0.0343,0.6636,0.0019,0.7058,356.6,0.5046,6974
 1972-11-12T23:00:00.000Z,3.01,2.2,212.2,0.1316,0.663,-0.0767,0.7012,354.6,0.5927,8837
 1972-11-13T00:00:00.000Z,3.01,2.2,212.2,0.2378,0.5926,-0.2418,0.7028,352.4,0.6232,9577
 1972-11-13T01:00:00.000Z,3.01,2.2,212.3,0.3539,0.3929,-0.3853,0.6801,352.2,0.641,12197
 1972-11-13T02:00:00.000Z,3.01,2.2,212.3,0.1905,0.6579,-0.2409,0.7385,358.2,0.6458,8024
 1972-11-13T03:00:00.000Z,3.01,2.2,212.3,0.0105,0.686,-0.2216,0.7318,355.1,0.3997,1009
 1972-11-13T04:00:00.000Z,3.01,2.2,212.3,-1.00E+31,-1.00E+31,-1.00E+31,-1.00E+31,-1.00E+31,-1.00E+31,-1.00E+31
 1972-11-13T05:00:00.000Z,3.01,2.2,212.3,0.1231,0.5783,-0.5084,0.7876,352.1,0.6053,5083
 1972-11-13T06:00:00.000Z,3.01,2.2,212.3,0.0779,0.6458,-0.3868,0.7623,354.1,0.7622,7369
 1972-11-13T07:00:00.000Z,3.01,2.2,212.2,0.0969,0.6195,-0.403,0.7543,353,0.7901,7498
 1972-11-13T08:00:00.000Z,3.01,2.2,212.3,0.0478,0.6003,-0.4692,0.775,355,0.696,5820
 1972-11-13T09:00:00.000Z,3.01,2.2,212.3,0.0023,0.5671,-0.4883,0.7586,354.9,1.1254,6673
 1972-11-13T10:00:00.000Z,3.01,2.2,212.3,0.0025,0.6143,-0.4126,0.7465,354,0.7857,6547
 1972-11-13T11:00:00.000Z,3.01,2.2,212.3,0.059,0.4584,-0.5793,0.7611,347,0.7701,9378
 1972-11-13T12:00:00.000Z,3.01,2.2,212.3,0.1945,0.3939,-0.5603,0.7464,347.9,0.7177,7316
 1972-11-13T13:00:00.000Z,3.01,2.2,212.3,-0.5228,0.4626,-0.2721,0.7939,-1.00E+31,-1.00E+31,-1.00E+31
 1972-11-13T14:00:00.000Z,3.01,2.2,212.4,-0.3282,-0.1178,0.5332,0.6699,347.3,1.1596,15493
 1972-11-13T15:00:00.000Z,3.01,2.2,212.4,-0.5871,0.0334,0.4223,0.7535,345,0.664,8642
 1972-11-13T16:00:00.000Z,3.01,2.2,212.4,-0.5071,-0.0529,0.7032,0.8787,351.6,0.729,7133
 1972-11-13T17:00:00.000Z,3.01,2.2,212.4,-0.5145,-0.0488,0.7568,0.9207,348.2,0.618,5389
 1972-11-13T18:00:00.000Z,3.01,2.2,212.3,-0.4918,0.0013,0.7586,0.9108,350.1,0.8405,8283
 1972-11-13T19:00:00.000Z,3.01,2.2,212.3,-0.5359,0.0977,0.745,0.9256,-1.00E+31,-1.00E+31,-1.00E+31
 1972-11-13T20:00:00.000Z,3.01,2.2,212.3,-1.00E+31,-1.00E+31,-1.00E+31,-1.00E+31,-1.00E+31,-1.00E+31,-1.00E+31
 1972-11-13T21:00:00.000Z,3.01,2.2,212.4,-1.00E+31,-1.00E+31,-1.00E+31,-1.00E+31,-1.00E+31,-1.00E+31,-1.00E+31
 1972-11-13T22:00:00.000Z,3.01,2.2,212.4,-1.00E+31,-1.00E+31,-1.00E+31,-1.00E+31,-1.00E+31,-1.00E+31,-1.00E+31
 1972-11-13T23:00:00.000Z,3.01,2.2,212.4,-0.6211,0.1953,0.469,1.09,-1.00E+31,-1.00E+31,-1.00E+31
 1972-11-14T00:00:00.000Z,3.01,2.2,212.4,-0.5314,0.4478,0.7781,1.0492,347.3,0.295,6985
 1972-11-14T01:00:00.000Z,3.01,2.2,212.4,-0.2907,0.5159,0.5322,0.8969,349.2,0.5818,16649
 1972-11-14T02:00:00.000Z,3.01,2.2,212.4,0.2991,0.1548,-0.5284,0.8107,352.4,0.4362,5075
 1972-11-14T03:00:00.000Z,3.01,2.2,212.4,0.03,0.5284,-0.1114,0.691,346.5,0.768,19941
 1972-11-14T04:00:00.000Z,3.01,2.2,212.5,0.1645,0.649,-0.4896,0.8614,352,0.7527,13469
 1972-11-14T05:00:00.000Z,3.01,2.2,212.5,0.0913,0.7983,-0.268,0.893,350.4,0.87,12035
 1972-11-14T06:00:00.000Z,3.02,2.2,212.4,-0.2224,0.9127,0.0229,0.9664,346.7,0.6691,13196
 1972-11-14T07:00:00.000Z,3.02,2.2,212.4,-0.3915,0.8715,0.333,1.0291,343.6,0.8223,13521
 1972-11-14T08:00:00.000Z,3.02,2.2,212.4,-0.2135,0.8017,0.6011,1.0445,344.8,0.6825,10139
 1972-11-14T09:00:00.000Z,3.02,2.2,212.4,-0.1041,0.739,0.7448,1.084,-1.00E+31,-1.00E+31,-1.00E+31
 1972-11-14T10:00:00.000Z,3.02,2.2,212.4,0.1484,0.5606,0.8089,1.0582,346.1,0.5773,11239
 1972-11-14T11:00:00.000Z,3.02,2.2,212.5,0.0888,0.3289,-0.4495,0.9273,348.4,0.7471,6313
 1972-11-14T12:00:00.000Z,3.02,2.2,212.5,-0.1236,0.3862,-0.0645,0.8902,343.1,1.0095,12296
 1972-11-14T13:00:00.000Z,3.02,2.2,212.5,-0.0324,0.3976,-0.268,0.6604,341,1.3628,5422
 1972-11-14T14:00:00.000Z,3.02,2.2,212.5,-0.0411,0.1185,0.0812,0.2256,343.3,1.0592,4577
 1972-11-14T15:00:00.000Z,3.02,2.2,212.5,-0.1608,0.1019,0.0646,0.3659,342.5,1.2817,6952
 1972-11-14T16:00:00.000Z,3.02,2.2,212.5,-0.1178,-0.1269,-0.2434,0.3228,340.5,1.4798,744
 1972-11-14T17:00:00.000Z,3.02,2.2,212.5,-0.1703,-0.0597,-0.0658,0.2945,342.4,1.1298,4340
 1972-11-14T18:00:00.000Z,3.02,2.2,212.5,-0.0762,0.2112,0.0222,0.2728,343.1,0.7898,419
 1972-11-14T19:00:00.000Z,3.02,2.2,212.5,0.0354,0.2475,0.0131,0.2891,343.3,0.7966,475
 1972-11-14T20:00:00.000Z,3.02,2.2,212.5,0.1086,0.4341,0.0497,0.4729,348.6,1.0171,2743
 1972-11-14T21:00:00.000Z,3.02,2.2,212.5,0.0816,0.5376,0.106,0.5793,345.9,1.5034,6030
 1972-11-14T22:00:00.000Z,3.02,2.2,212.5,0.2649,0.4374,-0.2662,0.6596,349.7,0.977,670
 1972-11-14T23:00:00.000Z,3.02,2.2,212.5,0.2219,0.0218,-0.4654,0.5622,345.8,1.2874,4302
 1972-11-15T00:00:00.000Z,3.02,2.2,212.6,0.1264,-0.0753,-0.5122,0.5701,347.5,1.0387,3881
 1972-11-15T01:00:00.000Z,3.02,2.2,212.6,0.3857,-0.2923,-0.3347,0.5965,343.6,1.3139,5878
 1972-11-15T02:00:00.000Z,3.02,2.2,212.6,0.1738,-0.0019,-0.3167,0.4526,347.4,1.0771,2280
 1972-11-15T03:00:00.000Z,3.02,2.2,212.6,-1.00E+31,-1.00E+31,-1.00E+31,-1.00E+31,-1.00E+31,-1.00E+31,-1.00E+31
 1972-11-15T04:00:00.000Z,3.02,2.2,212.5,0.0566,0.0211,-0.1873,0.5665,344,0.8522,7543
 1972-11-15T05:00:00.000Z,3.02,2.2,212.5,0.2429,-0.4793,-0.4037,0.7744,340.6,0.8798,10933
 1972-11-15T06:00:00.000Z,3.02,2.2,212.5,0.4189,-0.6191,0.0813,0.7965,341,0.925,10624
 1972-11-15T07:00:00.000Z,3.02,2.2,212.6,0.5064,-0.5923,-0.1893,0.8329,341.6,0.8499,10213
 1972-11-15T08:00:00.000Z,3.02,2.2,212.6,0.6232,-0.6341,-0.172,0.9194,340.1,0.9423,13307
 1972-11-15T09:00:00.000Z,3.02,2.2,212.6,0.7863,-1.5085,-0.1857,1.8284,378.7,2.0482,29055
 1972-11-15T10:00:00.000Z,3.02,2.2,212.6,0.7507,-1.6138,-1.0805,2.2826,381.7,1.7259,19813
 1972-11-15T11:00:00.000Z,3.02,2.2,212.6,0.1656,-1.8349,-0.7805,2.151,386.2,2.4989,17851
 1972-11-15T12:00:00.000Z,3.02,2.2,212.6,-0.2043,0.3458,1.4966,2.3284,394.3,1.5464,3135
 1972-11-15T13:00:00.000Z,3.02,2.2,212.6,-0.5737,2.8452,0.0523,2.9582,390.6,1.9597,20829
 1972-11-15T14:00:00.000Z,3.02,2.2,212.7,-0.2523,2.7394,-0.3615,2.8644,389.1,1.7282,16538
 1972-11-15T15:00:00.000Z,3.03,2.2,212.6,-0.5088,2.1451,-0.5865,2.3795,389.6,2.4723,34541
 1972-11-15T16:00:00.000Z,3.03,2.2,212.6,-0.3701,2.6002,-0.3206,2.6598,383.7,2.2736,28828
 1972-11-15T17:00:00.000Z,3.03,2.2,212.6,-0.3885,2.7372,0.0294,2.8504,384.1,2.1176,26272
 1972-11-15T18:00:00.000Z,3.03,2.2,212.6,-0.412,1.9628,-0.5984,2.2101,382.5,1.8523,41127
 1972-11-15T19:00:00.000Z,3.03,2.2,212.6,-0.4868,2.0256,0.3447,2.5146,381.7,1.8734,20067
 1972-11-15T20:00:00.000Z,3.03,2.2,212.7,-0.0743,1.1623,-1.773,2.2247,391.1,1.9141,10964
 1972-11-15T21:00:00.000Z,3.03,2.2,212.7,-0.2209,1.5882,-1.748,2.4647,386.7,2.5585,13220
 1972-11-15T22:00:00.000Z,3.03,2.2,212.7,0.208,2.0383,-0.3215,2.5148,395.7,2.468,7682
 1972-11-15T23:00:00.000Z,3.03,2.2,212.7,0.4343,1.0354,-1.5751,2.0232,387.8,2.925,9286
 1972-11-16T00:00:00.000Z,3.03,2.2,212.7,0.3748,-1.5283,0.6981,2.0622,387.8,2.1409,26766
 1972-11-16T01:00:00.000Z,3.03,2.2,212.7,0.3317,-2.2573,1.1841,2.5843,382.8,1.9768,25929
 1972-11-16T02:00:00.000Z,3.03,2.2,212.6,0.1146,-2.5034,0.8963,2.6913,380.3,1.5593,19959
 1972-11-16T03:00:00.000Z,3.03,2.2,212.7,0.14,-2.4397,0.5301,2.6421,382.5,1.8122,30045
 1972-11-16T04:00:00.000Z,3.03,2.2,212.7,-0.0853,-2.2565,0.2765,2.3763,382,1.9784,31319
 1972-11-16T05:00:00.000Z,3.03,2.2,212.7,0.3252,-2.2193,0.6968,2.3612,381.4,2.1068,29052
 1972-11-16T06:00:00.000Z,3.03,2.2,212.7,1.0064,-1.6289,1.1598,2.3676,378.9,1.8501,29689
 1972-11-16T07:00:00.000Z,3.03,2.2,212.7,0.4472,-2.5402,0.6806,2.801,380.1,0.9181,34584
 1972-11-16T08:00:00.000Z,3.03,2.2,212.7,-0.2107,-1.8235,-0.0024,2.0053,385.1,1.2722,68530
 1972-11-16T09:00:00.000Z,3.03,2.2,212.7,0.1211,-1.6899,0.272,1.7578,388.1,1.275,62631
 1972-11-16T10:00:00.000Z,3.03,2.2,212.8,0.2083,-1.8019,0.3061,1.9592,378.8,1.1961,64688
 1972-11-16T11:00:00.000Z,3.03,2.2,212.8,0.3381,-2.1464,0.0887,2.2297,375,1.1099,59034
 1972-11-16T12:00:00.000Z,3.03,2.2,212.8,-0.0978,-1.9695,-0.1127,2.0624,377.1,1.0315,66659
 1972-11-16T13:00:00.000Z,3.03,2.2,212.7,-0.3733,-1.339,-0.7532,1.6222,374.4,1.4121,60170
 1972-11-16T14:00:00.000Z,3.03,2.2,212.7,-0.1687,-1.5941,-0.8585,1.9217,373.9,1.2669,52940
 1972-11-16T15:00:00.000Z,3.03,2.2,212.7,0.098,-1.6426,-0.9825,1.9838,371.6,1.2188,46461
 1972-11-16T16:00:00.000Z,3.03,2.2,212.7,-0.4985,-0.6521,-1.712,2.0303,388.6,1.0538,60312
 1972-11-16T17:00:00.000Z,3.03,2.2,212.8,0.0966,-1.6069,-0.4139,2.0183,385.5,1.1584,67833
 1972-11-16T18:00:00.000Z,3.03,2.2,212.8,0.2785,-1.7735,0.0368,2.0915,384.9,1.0927,40276
 1972-11-16T19:00:00.000Z,3.03,2.2,212.8,0.0418,-2.0148,-1.0756,2.3218,-1.00E+31,-1.00E+31,-1.00E+31
 1972-11-16T20:00:00.000Z,3.03,2.2,212.8,0.1326,-1.0402,-0.2876,2.5426,391,1.0828,42624
 1972-11-16T21:00:00.000Z,3.03,2.2,212.8,0.7172,-1.2756,2.0907,2.637,389.6,1.035,35311
 1972-11-16T22:00:00.000Z,3.03,2.2,212.8,0.8137,-2.0224,1.2974,2.5776,-1.00E+31,-1.00E+31,-1.00E+31
 1972-11-16T23:00:00.000Z,3.04,2.2,212.9,0.519,-2.1661,-0.0978,2.3189,391,1.2028,42572
 1972-11-17T00:00:00.000Z,3.04,2.2,212.8,0.1399,-1.7034,-1.0933,2.145,394.4,1.2947,40972
 1972-11-17T01:00:00.000Z,3.04,2.2,212.8,-0.0093,-1.2411,-1.4547,2.0374,396.3,1.1009,48778
 1972-11-17T02:00:00.000Z,3.04,2.2,212.8,0.3312,-1.393,-0.8648,1.9783,390.2,1.1928,35330
 1972-11-17T03:00:00.000Z,3.04,2.2,212.8,0.3445,-2.0385,-0.162,2.1693,391.2,1.0101,25279
 1972-11-17T04:00:00.000Z,3.04,2.2,212.8,0.383,-2.1692,0.4843,2.2827,392.1,0.8977,24783
 1972-11-17T05:00:00.000Z,3.04,2.2,212.8,0.4534,-2.2072,0.6803,2.3656,387.5,0.8758,19437
 1972-11-17T06:00:00.000Z,3.04,2.2,212.9,0.4136,-2.1735,0.4764,2.2765,390.7,0.9953,23524
 1972-11-17T07:00:00.000Z,3.04,2.2,212.9,0.3989,-2.1053,0.013,2.1675,392.7,1.1934,22116
 1972-11-17T08:00:00.000Z,3.04,2.2,212.9,0.5216,-1.6162,0.2151,1.8141,401.2,1.4024,26440
 1972-11-17T09:00:00.000Z,3.04,2.2,212.9,0.3252,-1.2353,0.4823,1.5283,-1.00E+31,-1.00E+31,-1.00E+31
 1972-11-17T10:00:00.000Z,3.04,2.2,212.9,0.0459,-0.841,0.8613,1.5013,402.4,1.2989,35856
 1972-11-17T11:00:00.000Z,3.04,2.2,212.8,0.0467,-1.255,1.1505,1.8211,401.7,0.9898,33871
 1972-11-17T12:00:00.000Z,3.04,2.2,212.8,0.0013,-1.0422,1.0109,1.6452,402.6,1.153,46787
 1972-11-17T13:00:00.000Z,3.04,2.2,212.9,-0.1188,-1.1501,-1.0608,1.8383,400.7,0.9165,42094
 1972-11-17T14:00:00.000Z,3.04,2.3,212.9,0.0072,-0.4396,-1.6205,1.7485,399.2,0.9806,38126
 1972-11-17T15:00:00.000Z,3.04,2.3,212.9,-0.0106,-0.6889,-0.497,1.4383,399.6,0.9326,44484
 1972-11-17T16:00:00.000Z,3.04,2.3,212.9,-0.1974,-1.2185,0.1371,1.3546,412.4,0.8018,36343
 1972-11-17T17:00:00.000Z,3.04,2.3,212.9,-0.1898,-1.0207,0.111,1.2201,409.9,0.7595,33171
 1972-11-17T18:00:00.000Z,3.04,2.3,212.9,-0.4128,-0.9293,-0.0916,1.084,416.1,0.7934,49374
 1972-11-17T19:00:00.000Z,3.04,2.3,212.9,-0.4362,-0.8269,0.7505,1.2716,413.6,0.7153,28062
 1972-11-17T20:00:00.000Z,3.04,2.3,213,-0.0683,-0.104,1.0032,1.1569,403.7,0.8219,28263
 1972-11-17T21:00:00.000Z,3.04,2.3,213,0.2911,-0.5285,0.2371,0.9187,402.7,0.8143,31770
 1972-11-17T22:00:00.000Z,3.04,2.3,213,0.1478,-0.1261,0.9045,1.1185,413.6,0.5222,31834
 1972-11-17T23:00:00.000Z,3.04,2.3,212.9,0.048,0.3042,1.1813,1.2376,412.5,0.6287,28424
 1972-11-18T00:00:00.000Z,3.04,2.3,212.9,-0.0146,-0.046,0.9779,1.0396,415.4,0.6105,30672
 1972-11-18T01:00:00.000Z,3.04,2.3,212.9,-0.0686,-0.7135,0.5998,1.0227,410.6,0.7002,33216
 1972-11-18T02:00:00.000Z,3.04,2.3,212.9,0.0492,-0.7251,0.4498,0.9992,411.8,0.7021,29872
 1972-11-18T03:00:00.000Z,3.04,2.3,213,0.0793,-0.8574,-0.3337,1.0071,410.9,1.0298,20680
 1972-11-18T04:00:00.000Z,3.04,2.3,213,-1.00E+31,-1.00E+31,-1.00E+31,-1.00E+31,-1.00E+31,-1.00E+31,-1.00E+31
 1972-11-18T05:00:00.000Z,3.04,2.3,213,0.5483,-0.7273,-0.4979,1.108,405.5,0.7896,30335
 1972-11-18T06:00:00.000Z,3.04,2.3,213,0.7325,-0.9207,0.1873,1.2859,404.5,0.6538,26854
 1972-11-18T07:00:00.000Z,3.04,2.3,213,0.163,-0.3394,0.8409,1.071,409.3,0.6839,32287
 1972-11-18T08:00:00.000Z,3.05,2.3,213,0.1589,-0.4831,0.5852,1.0168,404.5,0.4991,18160
 1972-11-18T09:00:00.000Z,3.05,2.3,213.1,0.0282,-1.1434,0.0957,1.1951,410.6,0.5474,22124
 1972-11-18T10:00:00.000Z,3.05,2.3,213,-0.0553,-1.0601,0.5197,1.2073,-1.00E+31,-1.00E+31,-1.00E+31
 1972-11-18T11:00:00.000Z,3.05,2.3,213,-0.1615,-0.6543,0.9327,1.1872,-1.00E+31,-1.00E+31,-1.00E+31
 1972-11-18T12:00:00.000Z,3.05,2.3,213,0.0072,-0.6117,0.215,1.0179,-1.00E+31,-1.00E+31,-1.00E+31
 1972-11-18T13:00:00.000Z,3.05,2.3,213,0.115,-0.4535,0.4261,0.9813,-1.00E+31,-1.00E+31,-1.00E+31
 1972-11-18T14:00:00.000Z,3.05,2.3,213,0.5089,-0.3113,-0.1979,0.8039,402.2,0.5478,40413
 1972-11-18T15:00:00.000Z,3.05,2.3,213,0.5411,-0.617,-0.1574,0.9311,401.7,0.5762,28827
 1972-11-18T16:00:00.000Z,3.05,2.3,213.1,0.2886,-0.4288,0.4833,0.9757,406,0.8911,21942
 1972-11-18T17:00:00.000Z,3.05,2.3,213.1,0.1517,-0.6242,0.5296,0.9167,405.1,0.5754,34562
 1972-11-18T18:00:00.000Z,3.05,2.3,213.1,-0.0988,-0.4629,0.9564,1.1138,412.2,0.5889,28803
 1972-11-18T19:00:00.000Z,3.05,2.3,213.1,-0.0542,-0.9844,0.5205,1.1467,417.1,0.4806,25463
 1972-11-18T20:00:00.000Z,3.05,2.3,213.1,0.2448,-0.5984,0.8959,1.1754,411.9,0.5736,29715
 1972-11-18T21:00:00.000Z,3.05,2.3,213,0.0456,-0.9631,0.5556,1.2177,424.6,0.5821,25212
 1972-11-18T22:00:00.000Z,3.05,2.3,213,0.0169,-1.1668,0.3055,1.2684,418.1,0.4802,19065
 1972-11-18T23:00:00.000Z,3.05,2.3,213.1,0.4518,-1.1552,0.2139,1.2916,418.3,0.5577,24847
 1972-11-19T00:00:00.000Z,3.05,2.3,213.1,0.7317,-1.0153,0.1142,1.3279,407.5,0.5197,18331
 1972-11-19T01:00:00.000Z,3.05,2.3,213.1,0.7664,-1.036,-0.3956,1.3995,407.4,0.5021,20436
 1972-11-19T02:00:00.000Z,3.05,2.3,213.1,0.4115,-0.6304,-0.9635,1.3135,408.9,0.5118,17883
 1972-11-19T03:00:00.000Z,3.05,2.3,213.1,0.2289,-1.0395,-0.5755,1.3264,430.2,0.3054,1391
 1972-11-19T04:00:00.000Z,3.05,2.3,213.1,0.4479,-1.2452,-0.2577,1.3735,408.7,0.5289,19533
 1972-11-19T05:00:00.000Z,3.05,2.3,213.1,0.3303,-1.2353,-0.2744,1.3386,415.5,0.6001,22565
 1972-11-19T06:00:00.000Z,3.05,2.3,213.2,0.2323,-1.2343,0.0165,1.2993,415.7,0.5479,19747
 1972-11-19T07:00:00.000Z,3.05,2.3,213.2,0.1435,-1.2332,0.1406,1.2872,415.1,0.5695,20905
 1972-11-19T08:00:00.000Z,3.05,2.3,213.1,0.4281,-1.2195,0.1092,1.3267,408.8,0.6308,22580
 1972-11-19T09:00:00.000Z,3.05,2.3,213.1,0.4076,-1.1424,0.1791,1.3037,409.3,0.5933,22483
 1972-11-19T10:00:00.000Z,3.05,2.3,213.1,0.3439,-1.2139,0.255,1.3053,405.8,0.9154,14583
 1972-11-19T11:00:00.000Z,3.05,2.3,213.1,0.4042,-1.2531,0.1545,1.3366,408,0.6509,22798
 1972-11-19T12:00:00.000Z,3.05,2.3,213.1,0.4827,-1.2589,-0.1215,1.4466,406.5,0.6021,18878
 1972-11-19T13:00:00.000Z,3.05,2.3,213.2,0.487,-1.1312,0.2824,1.3259,408.4,0.6623,20234
 1972-11-19T14:00:00.000Z,3.05,2.3,213.2,0.8417,-0.8334,-0.1331,1.2253,399.8,0.7238,24177
 1972-11-19T15:00:00.000Z,3.05,2.3,213.2,1.0762,-0.4467,0.3521,1.2286,400.2,0.7411,28797
 1972-11-19T16:00:00.000Z,3.05,2.3,213.2,0.7736,-0.7087,0.4086,1.1568,402.8,0.716,24097
 1972-11-19T17:00:00.000Z,3.06,2.3,213.2,0.6614,-0.6065,0.6379,1.114,405.9,0.6526,23981
 1972-11-19T18:00:00.000Z,3.06,2.3,213.2,0.2369,-0.0894,0.529,0.7867,403.6,0.7462,25234
 1972-11-19T19:00:00.000Z,3.06,2.3,213.2,0.5339,-0.791,0.0017,0.9856,402,0.6357,23101
 1972-11-19T20:00:00.000Z,3.06,2.3,213.2,0.6055,-0.7881,0.0238,1.0008,402.3,0.6404,22308
 1972-11-19T21:00:00.000Z,3.06,2.3,213.2,0.591,-0.8076,0.1286,1.0212,402.6,0.5943,20473
 1972-11-19T22:00:00.000Z,3.06,2.3,213.2,0.6194,-0.7828,0.138,1.029,397.8,0.4496,17424
 1972-11-19T23:00:00.000Z,3.06,2.3,213.2,0.7584,-0.6401,0.2646,1.0392,395,0.4915,18261
 1972-11-20T00:00:00.000Z,3.06,2.3,213.2,0.5703,-0.6341,0.3046,1.0014,-1.00E+31,-1.00E+31,-1.00E+31
 1972-11-20T01:00:00.000Z,3.06,2.3,213.2,0.5533,-0.5207,0.2346,0.9634,392.3,0.5109,24919
 1972-11-20T02:00:00.000Z,3.06,2.3,213.3,0.4986,-0.0406,0.3604,0.9634,408.5,0.2126,53344
 1972-11-20T03:00:00.000Z,3.06,2.3,213.3,0.1213,0.8035,0.7412,1.1209,413.4,0.1374,4223
 1972-11-20T04:00:00.000Z,3.06,2.3,213.3,0.1842,0.8351,0.7973,1.1765,-1.00E+31,-1.00E+31,-1.00E+31
 1972-11-20T05:00:00.000Z,3.06,2.3,213.3,0.2688,0.4893,0.8156,1.1577,418.8,0.1774,26741
 1972-11-20T06:00:00.000Z,3.06,2.3,213.2,0.5777,0.3645,1.0347,1.2445,425.1,0.1381,37304
 1972-11-20T07:00:00.000Z,3.06,2.3,213.2,0.7978,0.0727,0.94,1.261,427.1,0.142,34987
 1972-11-20T08:00:00.000Z,3.06,2.3,213.2,0.7635,-0.0968,0.7153,1.1084,420.9,0.1419,40949
 1972-11-20T09:00:00.000Z,3.06,2.3,213.3,0.6692,-0.5923,0.5781,1.0793,423.3,0.14,53790
 1972-11-20T10:00:00.000Z,3.06,2.3,213.3,0.7232,-0.5418,0.438,1.0114,436.9,0.1813,46090
 1972-11-20T11:00:00.000Z,3.06,2.3,213.3,0.7165,-0.5221,0.3333,0.9525,435.8,0.1775,39919
 1972-11-20T12:00:00.000Z,3.06,2.3,213.3,0.7156,-0.6499,0.3085,1.0195,436.6,0.15,31922
 1972-11-20T13:00:00.000Z,3.06,2.3,213.3,0.8482,-0.5419,0.1711,1.0271,430.5,0.1508,34436
 1972-11-20T14:00:00.000Z,3.06,2.3,213.3,0.8121,-0.6054,0.101,1.022,429.3,0.1558,33013
 1972-11-20T15:00:00.000Z,3.06,2.3,213.3,0.752,-0.6866,0.0231,1.0202,426.4,0.1569,33748
 1972-11-20T16:00:00.000Z,3.06,2.3,213.4,0.7814,-0.6051,-0.1137,1.0044,421.8,0.1381,36559
 1972-11-20T17:00:00.000Z,3.06,2.3,213.3,0.7101,-0.4288,-0.2659,0.8751,-1.00E+31,-1.00E+31,-1.00E+31
 1972-11-20T18:00:00.000Z,3.06,2.3,213.3,-1.00E+31,-1.00E+31,-1.00E+31,-1.00E+31,-1.00E+31,-1.00E+31,-1.00E+31
 1972-11-20T19:00:00.000Z,3.06,2.3,213.3,-1.00E+31,-1.00E+31,-1.00E+31,-1.00E+31,-1.00E+31,-1.00E+31,-1.00E+31
 1972-11-20T20:00:00.000Z,3.06,2.3,213.3,-1.00E+31,-1.00E+31,-1.00E+31,-1.00E+31,-1.00E+31,-1.00E+31,-1.00E+31
 1972-11-20T21:00:00.000Z,3.06,2.3,213.3,0.7348,-0.5834,-0.2541,0.9746,416.5,0.1353,16192
 1972-11-20T22:00:00.000Z,3.06,2.3,213.3,0.7237,-0.6163,-0.127,0.9642,413.7,0.1543,21199
 1972-11-20T23:00:00.000Z,3.06,2.3,213.4,0.7313,-0.5929,0.0018,0.9482,408.3,0.1437,17060
 1972-11-21T00:00:00.000Z,3.06,2.3,213.4,0.6603,-0.7348,-0.0448,0.9951,414.2,0.1202,19715
 1972-11-21T01:00:00.000Z,3.07,2.3,213.4,0.6335,-0.7629,-0.0672,0.9964,414.7,0.1686,13647
 1972-11-21T02:00:00.000Z,3.07,2.3,213.4,0.6533,-0.7397,-0.0397,0.9917,410.9,0.1135,15810
 1972-11-21T03:00:00.000Z,3.07,2.3,213.4,0.6262,-0.7542,-0.0217,0.9862,406.4,0.095,11000
 1972-11-21T04:00:00.000Z,3.07,2.3,213.3,0.5977,-0.7647,0.0482,0.9749,405,0.1292,17498
 1972-11-21T05:00:00.000Z,3.07,2.3,213.3,0.6276,-0.6878,-0.0241,0.9531,406.2,0.1047,12639
 1972-11-21T06:00:00.000Z,3.07,2.3,213.4,0.6121,-0.6823,0.0226,0.9227,404.7,0.0879,11020
 1972-11-21T07:00:00.000Z,3.07,2.3,213.4,0.2251,-0.6669,0.3334,0.8511,406.2,0.2157,14582
 1972-11-21T08:00:00.000Z,3.07,2.3,213.4,-0.0339,-0.5103,0.4746,0.7779,401.6,0.2301,16964
 1972-11-21T09:00:00.000Z,3.07,2.3,213.4,0.3067,-0.6266,-0.0553,0.7285,390.1,0.2722,24764
 1972-11-21T10:00:00.000Z,3.07,2.3,213.4,0.2301,-0.5234,0.0871,0.6867,-1.00E+31,-1.00E+31,-1.00E+31
 1972-11-21T11:00:00.000Z,3.07,2.3,213.4,0.391,-0.3762,0.0183,0.5849,389.8,0.2687,22637
 1972-11-21T12:00:00.000Z,3.07,2.3,213.5,0.2977,-0.4991,0.1553,0.6257,386.9,0.278,19314
 1972-11-21T13:00:00.000Z,3.07,2.3,213.5,0.2475,-0.5392,0.1414,0.6488,391.2,0.2895,14455
 1972-11-21T14:00:00.000Z,3.07,2.3,213.5,0.3423,-0.4145,0.2576,0.6241,385.2,0.2572,16294
 1972-11-21T15:00:00.000Z,3.07,2.3,213.5,0.0214,-0.51,0.2994,0.6264,397,0.2872,14939
 1972-11-21T16:00:00.000Z,3.07,2.3,213.4,0.0082,-0.5198,0.4187,0.6738,392.9,0.3493,10895
 1972-11-21T17:00:00.000Z,3.07,2.3,213.4,0.1534,-0.3766,0.4517,0.6345,390.1,0.286,13104
 1972-11-21T18:00:00.000Z,3.07,2.3,213.4,0.1933,-0.5198,0.1768,0.5919,382.2,0.3195,17026
 1972-11-21T19:00:00.000Z,3.07,2.3,213.5,0.3162,-0.4829,0.1148,0.5937,-1.00E+31,-1.00E+31,-1.00E+31
 1972-11-21T20:00:00.000Z,3.07,2.3,213.5,0.2321,-0.49,0.058,0.573,385.5,0.2994,16674
 1972-11-21T21:00:00.000Z,3.07,2.3,213.5,0.2481,-0.5032,0.0958,0.5746,380.5,0.2571,13548
 1972-11-21T22:00:00.000Z,3.07,2.3,213.5,-0.0295,-0.3385,0.2798,0.5273,385.9,0.2439,11889
 1972-11-21T23:00:00.000Z,3.07,2.3,213.5,0.1574,-0.5185,0.0298,0.5564,384.8,0.2291,7397
 1972-11-22T00:00:00.000Z,3.07,2.3,213.5,0.1297,-0.5224,-0.1783,0.5831,379.4,0.301,11657
 1972-11-22T01:00:00.000Z,3.07,2.3,213.5,0.1811,-0.4938,-0.1821,0.5687,378.7,0.2648,12449
 1972-11-22T02:00:00.000Z,3.07,2.3,213.6,0.3209,-0.3594,-0.2277,0.5385,-1.00E+31,-1.00E+31,-1.00E+31
 1972-11-22T03:00:00.000Z,3.07,2.3,213.5,0.3781,-0.3475,-0.1755,0.5453,-1.00E+31,-1.00E+31,-1.00E+31
 1972-11-22T04:00:00.000Z,3.07,2.3,213.5,-1.00E+31,-1.00E+31,-1.00E+31,-1.00E+31,379.8,0.2663,4681
 1972-11-22T05:00:00.000Z,3.07,2.3,213.5,0.0743,-0.4667,0.26,0.5941,378.6,0.413,14189
 1972-11-22T06:00:00.000Z,3.07,2.3,213.5,0.2113,-0.5297,0.1764,0.6112,374.6,0.2964,17124
 1972-11-22T07:00:00.000Z,3.07,2.3,213.5,0.3705,-0.341,-0.2202,0.5836,380.3,0.1928,6149
 1972-11-22T08:00:00.000Z,3.07,2.3,213.5,0.3686,-0.2603,-0.3205,0.5597,-1.00E+31,-1.00E+31,-1.00E+31
 1972-11-22T09:00:00.000Z,3.07,2.3,213.6,0.2265,-0.4139,-0.2627,0.554,372.5,0.3632,14533
 1972-11-22T10:00:00.000Z,3.08,2.3,213.6,0.1036,-0.5395,-0.1386,0.576,374.2,0.303,11527
 1972-11-22T11:00:00.000Z,3.08,2.3,213.6,0.2293,-0.4637,0.2338,0.5964,369.4,0.2427,12068
 1972-11-22T12:00:00.000Z,3.08,2.3,213.6,0.1339,-0.4172,0.0909,0.5452,372.3,0.1347,2378
 1972-11-22T13:00:00.000Z,3.08,2.3,213.6,0.1186,-0.5172,0.0365,0.5515,369.7,0.2794,10999
 1972-11-22T14:00:00.000Z,3.08,2.3,213.5,0.0797,-0.5335,0.1765,0.5822,374.4,0.2794,8878
 1972-11-22T15:00:00.000Z,3.08,2.3,213.5,0.0685,-0.5689,0.0992,0.5925,-1.00E+31,-1.00E+31,-1.00E+31
 1972-11-22T16:00:00.000Z,3.08,2.3,213.6,0.2313,-0.4355,-0.072,0.5438,367.7,0.2495,10107
 1972-11-22T17:00:00.000Z,3.08,2.3,213.6,0.2805,-0.3242,-0.2255,0.5101,-1.00E+31,-1.00E+31,-1.00E+31
 1972-11-22T18:00:00.000Z,3.08,2.3,213.6,0.1392,-0.3531,-0.0218,0.3943,373.5,0.1503,812
 1972-11-22T19:00:00.000Z,3.08,2.3,213.6,0.0967,-0.3831,-0.0793,0.4119,371.1,0.1884,2036
 1972-11-22T20:00:00.000Z,3.08,2.3,213.6,0.0787,-0.3508,0.0205,0.3698,-1.00E+31,-1.00E+31,-1.00E+31
 1972-11-22T21:00:00.000Z,3.08,2.3,213.6,0.0912,-0.3279,0.0204,0.3618,370,0.3526,9810
 1972-11-22T22:00:00.000Z,3.08,2.3,213.6,0.0474,-0.2553,-0.2558,0.3848,367.9,0.3063,8120
 1972-11-22T23:00:00.000Z,3.08,2.3,213.7,0.1411,-0.2099,-0.3919,0.4843,363.3,0.212,2216
 1972-11-23T00:00:00.000Z,3.08,2.3,213.7,0.1553,-0.3118,-0.265,0.4595,367.9,0.3112,6648
 1972-11-23T01:00:00.000Z,3.08,2.3,213.6,0.1163,-0.3003,-0.1352,0.3628,-1.00E+31,-1.00E+31,-1.00E+31
 1972-11-23T02:00:00.000Z,3.08,2.3,213.6,0.0628,-0.185,-0.167,0.2914,365,0.3908,6868
 1972-11-23T03:00:00.000Z,3.08,2.3,213.6,0.0555,0.0097,-0.0296,0.1018,364.3,0.5068,5178
 1972-11-23T04:00:00.000Z,3.08,2.3,213.6,0.0743,-0.0223,-0.0409,0.1297,362.6,0.247,371
 1972-11-23T05:00:00.000Z,3.08,2.3,213.6,0.1126,-0.0717,0.0032,0.1687,362.4,0.3282,824
 1972-11-23T06:00:00.000Z,3.08,2.3,213.7,0.0439,-0.0691,0.0082,0.18,363.3,0.2554,634
 1972-11-23T07:00:00.000Z,3.08,2.3,213.7,-0.0198,-0.1233,0.1351,0.2025,359,0.3388,924
 1972-11-23T08:00:00.000Z,3.08,2.4,213.7,0.0126,-0.1667,0.1093,0.2183,362,0.5729,5437
 1972-11-23T09:00:00.000Z,3.08,2.4,213.7,0.0525,-0.1826,0.0344,0.2384,364.4,0.5784,9175
 1972-11-23T10:00:00.000Z,3.08,2.4,213.7,0.1329,-0.1874,-0.0527,0.2436,363.6,0.54,7183
 1972-11-23T11:00:00.000Z,3.08,2.4,213.7,0.1963,-0.1696,-0.1549,0.3122,363.6,0.4012,3657
 1972-11-23T12:00:00.000Z,3.08,2.4,213.7,0.4484,-0.2049,-0.4679,0.6917,381.3,0.9563,10863
 1972-11-23T13:00:00.000Z,3.08,2.4,213.7,0.4792,-0.1151,-0.5317,0.8722,394.2,1.1366,8236
 1972-11-23T14:00:00.000Z,3.08,2.4,213.7,0.5336,-0.2944,-0.1443,0.7358,385.3,1.5842,15074
 1972-11-23T15:00:00.000Z,3.08,2.4,213.7,-0.1686,-0.5489,0.9696,1.2996,384.9,0.8384,8417
 1972-11-23T16:00:00.000Z,3.08,2.4,213.7,-0.1462,0.8974,-0.0396,1.7039,380.1,0.8819,4197
 1972-11-23T17:00:00.000Z,3.08,2.4,213.7,0.1613,1.2858,-1.5876,2.0777,378.4,0.9267,9342
 1972-11-23T18:00:00.000Z,3.08,2.4,213.7,-0.5683,1.4163,-0.1751,1.6952,372.8,0.9617,27169
 1972-11-23T19:00:00.000Z,3.09,2.4,213.8,0.0532,1.7345,-0.8852,1.9717,376.4,0.8333,20321
 1972-11-23T20:00:00.000Z,3.09,2.4,213.8,-0.1933,1.8766,-0.4384,1.9584,378.3,0.8731,16834
 1972-11-23T21:00:00.000Z,3.09,2.4,213.8,-0.5027,1.526,-0.2566,1.6764,-1.00E+31,-1.00E+31,-1.00E+31
 1972-11-23T22:00:00.000Z,3.09,2.4,213.8,-0.496,1.5607,0.1551,1.6585,379.7,1.0489,21895
 1972-11-23T23:00:00.000Z,3.09,2.4,213.7,-0.1869,1.561,0.0156,1.5995,379.3,1.1906,22297
 1972-11-24T00:00:00.000Z,3.09,2.4,213.7,-0.5446,1.1252,0.3856,1.5466,381,0.9546,19306
 1972-11-24T01:00:00.000Z,3.09,2.4,213.7,-1.3866,0.4713,0.7351,1.6604,385.9,0.9016,24231
 1972-11-24T02:00:00.000Z,3.09,2.4,213.8,-1.0136,0.5704,0.5311,1.4376,378.6,0.9079,25494
 1972-11-24T03:00:00.000Z,3.09,2.4,213.8,-0.1708,1.1451,0.3095,1.2593,377,0.9186,21431
 1972-11-24T04:00:00.000Z,3.09,2.4,213.8,0.3496,0.6801,-0.5571,1.1774,382.6,0.8669,26882
 1972-11-24T05:00:00.000Z,3.09,2.4,213.8,0.5516,0.5024,-0.7655,1.1464,382,0.7941,18139
 1972-11-24T06:00:00.000Z,3.09,2.4,213.8,1.0426,0.2513,-0.8781,1.3957,375.9,0.8562,22481
 1972-11-24T07:00:00.000Z,3.09,2.4,213.8,1.0626,-0.4723,-0.7818,1.4242,379.4,0.809,21506
 1972-11-24T08:00:00.000Z,3.09,2.4,213.8,-0.6918,0.928,-0.1125,1.3218,371.2,0.9217,15680
 1972-11-24T09:00:00.000Z,3.09,2.4,213.9,-0.7897,1.0815,0.0242,1.3484,375.1,0.7211,11843
 1972-11-24T10:00:00.000Z,3.09,2.4,213.8,-0.4876,1.0891,0.3685,1.2647,365.2,0.98,13943
 1972-11-24T11:00:00.000Z,3.09,2.4,213.8,-0.4431,1.1667,0.2077,1.2832,368.9,0.7988,10156
 1972-11-24T12:00:00.000Z,3.09,2.4,213.8,-0.6185,1.0494,0.028,1.2505,366.8,0.8964,21763
 1972-11-24T13:00:00.000Z,3.09,2.4,213.8,-0.4991,1.0592,-0.0831,1.2034,366.6,0.8247,16747
 1972-11-24T14:00:00.000Z,3.09,2.4,213.8,-0.3364,1.1446,-0.0944,1.2051,366.4,0.8314,12021
 1972-11-24T15:00:00.000Z,3.09,2.4,213.8,-0.3601,0.9557,-0.3581,1.1358,361.7,0.8078,11811
 1972-11-24T16:00:00.000Z,3.09,2.4,213.9,-0.4992,0.8376,-0.2526,1.0539,360.5,0.8002,12264
 1972-11-24T17:00:00.000Z,3.09,2.4,213.9,-0.5382,0.6319,-0.3494,0.9661,358.3,0.8321,12863
 1972-11-24T18:00:00.000Z,3.09,2.4,213.9,-0.3923,0.6381,-0.4826,0.9027,353.8,0.8391,11866
 1972-11-24T19:00:00.000Z,3.09,2.4,213.9,-0.5116,0.7602,-0.2888,0.9821,355.3,0.8568,14661
 1972-11-24T20:00:00.000Z,3.09,2.4,213.9,-0.5279,0.8105,-0.0925,0.9836,-1.00E+31,-1.00E+31,-1.00E+31
 1972-11-24T21:00:00.000Z,3.09,2.4,213.9,-0.5564,0.8107,0.0085,0.9967,-1.00E+31,-1.00E+31,-1.00E+31
 1972-11-24T22:00:00.000Z,3.09,2.4,213.8,-1.00E+31,-1.00E+31,-1.00E+31,-1.00E+31,-1.00E+31,-1.00E+31,-1.00E+31
 1972-11-24T23:00:00.000Z,3.09,2.4,213.9,-1.00E+31,-1.00E+31,-1.00E+31,-1.00E+31,-1.00E+31,-1.00E+31,-1.00E+31
 1972-11-25T00:00:00.000Z,3.09,2.4,213.9,-1.00E+31,-1.00E+31,-1.00E+31,-1.00E+31,-1.00E+31,-1.00E+31,-1.00E+31
 1972-11-25T01:00:00.000Z,3.09,2.4,213.9,0.1136,0.6241,-0.0105,0.6858,-1.00E+31,-1.00E+31,-1.00E+31
 1972-11-25T02:00:00.000Z,3.09,2.4,213.9,0.3253,0.5365,-0.1219,0.6926,361.9,0.2958,1211
 1972-11-25T03:00:00.000Z,3.09,2.4,213.9,0.3461,0.6345,-0.0592,0.7684,358,0.6663,8673
 1972-11-25T04:00:00.000Z,3.1,2.4,213.9,-0.3551,1.2042,0.2024,1.3064,376.6,1.2896,21698
 1972-11-25T05:00:00.000Z,3.1,2.4,213.9,-0.7634,1.2839,0.3929,1.5561,376.3,1.2818,21618
 1972-11-25T06:00:00.000Z,3.1,2.4,214,0.0883,0.7951,-0.7209,1.496,376.9,1.0952,17020
 1972-11-25T07:00:00.000Z,3.1,2.4,214,0.7644,0.5642,-1.2478,1.5822,374.9,1.2528,21266
 1972-11-25T08:00:00.000Z,3.1,2.4,214,0.8836,0.1885,-1.0933,1.4222,371.5,1.349,22244
 1972-11-25T09:00:00.000Z,3.1,2.4,213.9,0.9995,-0.0369,-0.8456,1.3471,366.6,0.8131,15306
 1972-11-25T10:00:00.000Z,3.1,2.4,213.9,0.7817,0.7047,-1.0088,1.4769,370.9,1.0329,16673
 1972-11-25T11:00:00.000Z,3.1,2.4,213.9,0.8607,0.4971,-0.9142,1.3615,368.1,1.0768,20178
 1972-11-25T12:00:00.000Z,3.1,2.4,214,0.9415,0.3736,-0.7806,1.2924,-1.00E+31,-1.00E+31,-1.00E+31
 1972-11-25T13:00:00.000Z,3.1,2.4,214,1.0886,0.3684,-0.7556,1.4149,366.9,1.0779,20372
 1972-11-25T14:00:00.000Z,3.1,2.4,214,0.9721,-0.0063,-0.7496,1.3253,367.9,1.0201,25057
 1972-11-25T15:00:00.000Z,3.1,2.4,214,0.7185,0.5058,-0.8213,1.226,364.5,1.0152,15774
 1972-11-25T16:00:00.000Z,3.1,2.4,214,0.823,0.2225,-0.8148,1.2325,363.1,1.0731,20032
 1972-11-25T17:00:00.000Z,3.1,2.4,214,0.4348,0.5293,-1.1286,1.3564,363.3,0.8367,16404
 1972-11-25T18:00:00.000Z,3.1,2.4,214,0.1295,1.2874,-0.3816,1.3841,363.3,0.7157,16389
 1972-11-25T19:00:00.000Z,3.1,2.4,214.1,-0.1151,1.1046,-0.1933,1.167,361,0.9011,16654
 1972-11-25T20:00:00.000Z,3.1,2.4,214,-0.5633,1.1327,-0.117,1.2834,358,0.5551,23180
 1972-11-25T21:00:00.000Z,3.1,2.4,214,-0.6491,1.0873,-0.1749,1.2836,358.6,0.5618,25026
 1972-11-25T22:00:00.000Z,3.1,2.4,214,-0.8561,0.9923,-0.1289,1.3233,358.3,0.5424,24839
 1972-11-25T23:00:00.000Z,3.1,2.4,214,-0.9965,0.9088,-0.1514,1.3629,361.4,0.5134,26234
 1972-11-26T00:00:00.000Z,3.1,2.4,214,-1.075,0.7832,0.0967,1.3465,358.5,0.5345,24625
 1972-11-26T01:00:00.000Z,3.1,2.4,214,-1.0675,0.839,0.1283,1.3668,356.4,0.5135,27152
 1972-11-26T02:00:00.000Z,3.1,2.4,214.1,-0.9993,0.8409,0.0536,1.344,357.1,0.4814,23096
 1972-11-26T03:00:00.000Z,3.1,2.4,214.1,-0.7761,1.0699,-0.3498,1.3721,359.8,0.4916,19905
 1972-11-26T04:00:00.000Z,3.1,2.4,214.1,-0.7703,1.0522,-0.3366,1.3494,363.1,0.4495,10464
 1972-11-26T05:00:00.000Z,3.1,2.4,214.1,-0.6841,1.0272,-0.3285,1.2845,363.6,0.5567,19033
 1972-11-26T06:00:00.000Z,3.1,2.4,214.1,-0.5512,1.0439,-0.3605,1.2397,352.5,0.4031,17330
 1972-11-26T07:00:00.000Z,3.1,2.4,214,-0.3554,1.0767,-0.599,1.2906,349.9,0.4366,20746
 1972-11-26T08:00:00.000Z,3.1,2.4,214,-0.2057,1.0226,-0.669,1.243,350.1,0.4575,20004
 1972-11-26T09:00:00.000Z,3.1,2.4,214.1,-0.1635,0.9842,-0.5713,1.158,349.1,0.5876,21851
 1972-11-26T10:00:00.000Z,3.1,2.4,214.1,0.0465,1.0799,-0.6283,1.2566,-1.00E+31,-1.00E+31,-1.00E+31
 1972-11-26T11:00:00.000Z,3.1,2.4,214.1,0.0971,1.1564,-0.7363,1.3827,356.4,0.7642,22615
 1972-11-26T12:00:00.000Z,3.1,2.4,214.1,0.0717,1.1145,-0.7382,1.348,-1.00E+31,-1.00E+31,-1.00E+31
 1972-11-26T13:00:00.000Z,3.1,2.4,214.1,0.1109,1.1177,-0.6077,1.2845,359.7,0.8436,23395
 1972-11-26T14:00:00.000Z,3.11,2.4,214.1,0.2311,1.1254,-0.5833,1.3147,360.2,0.772,24166
 1972-11-26T15:00:00.000Z,3.11,2.4,214.1,-0.2996,1.2091,-0.1355,1.322,357.8,0.6798,24409
 1972-11-26T16:00:00.000Z,3.11,2.4,214.2,-0.8781,0.996,0.2833,1.4064,358.1,0.5923,22981
 1972-11-26T17:00:00.000Z,3.11,2.4,214.2,-0.4974,1.0985,-0.1095,1.3267,368.6,0.7741,31723
 1972-11-26T18:00:00.000Z,3.11,2.4,214.1,0.1865,0.7263,-0.4636,1.1618,369.3,0.8288,43725
 1972-11-26T19:00:00.000Z,3.11,2.4,214.1,0.7608,0.3806,-0.9387,1.3256,371.9,0.8195,32188
 1972-11-26T20:00:00.000Z,3.11,2.4,214.1,0.8686,-0.2699,-0.9625,1.4008,372.4,0.694,34203
 1972-11-26T21:00:00.000Z,3.11,2.4,214.1,0.9543,0.1211,-0.7985,1.4047,361.3,0.7814,28427
 1972-11-26T22:00:00.000Z,3.11,2.4,214.1,1.0472,-0.4313,-0.6826,1.3919,368.7,0.6723,26231
 1972-11-26T23:00:00.000Z,3.11,2.4,214.2,0.7232,0.5104,-0.701,1.1833,-1.00E+31,-1.00E+31,-1.00E+31
 1972-11-27T00:00:00.000Z,3.11,2.4,214.2,-0.1344,0.8824,-0.6096,1.1237,371,0.734,27653
 1972-11-27T01:00:00.000Z,3.11,2.4,214.2,0.3177,0.639,-0.822,1.1124,374,0.8438,18222
 1972-11-27T02:00:00.000Z,3.11,2.4,214.2,0.6062,0.5342,-0.7391,1.1103,364.7,0.7102,24515
 1972-11-27T03:00:00.000Z,3.11,2.4,214.2,0.6473,0.5092,-0.6212,1.0477,-1.00E+31,-1.00E+31,-1.00E+31
 1972-11-27T04:00:00.000Z,3.11,2.4,214.2,0.3717,0.7452,-0.6094,1.0416,359.8,0.6577,21349
 1972-11-27T05:00:00.000Z,3.11,2.4,214.1,0.1101,-0.0902,-0.4317,0.7184,369,0.715,35508
 1972-11-27T06:00:00.000Z,3.11,2.4,214.2,-0.4711,0.5268,-0.6848,1.0816,373.6,0.8447,33216
 1972-11-27T07:00:00.000Z,3.11,2.4,214.2,-0.0118,0.7383,-0.8096,1.3865,383,0.672,25158
 1972-11-27T08:00:00.000Z,3.11,2.4,214.2,0.8864,0.349,-0.8564,1.3356,392,1.0484,13030
 1972-11-27T09:00:00.000Z,3.11,2.4,214.2,-0.4747,-0.4699,0.729,1.0915,380.7,0.914,29072
 1972-11-27T10:00:00.000Z,3.11,2.4,214.2,-0.405,-0.5009,0.7867,1.1113,380.5,0.8227,41927
 1972-11-27T11:00:00.000Z,3.11,2.4,214.2,-0.9834,-0.1138,0.4994,1.1166,379.2,0.8349,30541
 1972-11-27T12:00:00.000Z,3.11,2.4,214.2,-1.0107,-0.2437,0.6743,1.242,-1.00E+31,-1.00E+31,-1.00E+31
 1972-11-27T13:00:00.000Z,3.11,2.4,214.3,-0.9598,-0.1885,0.6241,1.174,380,0.7765,34900
 1972-11-27T14:00:00.000Z,3.11,2.4,214.3,-1.0173,-0.079,0.5219,1.1541,377.7,0.8131,53367
 1972-11-27T15:00:00.000Z,3.11,2.4,214.3,-1.0185,0.0801,0.3593,1.0909,380.6,0.7798,46724
 1972-11-27T16:00:00.000Z,3.11,2.4,214.2,-0.2199,0.6496,-0.177,1.1976,376.5,0.7595,40385
 1972-11-27T17:00:00.000Z,3.11,2.4,214.2,-0.9498,0.9278,0.019,1.5707,382,0.6028,34466
 1972-11-27T18:00:00.000Z,3.11,2.4,214.2,-1.2275,1.1312,0.099,1.7496,377.5,0.5403,44039
 1972-11-27T19:00:00.000Z,3.11,2.4,214.2,-0.8766,1.3074,-0.1881,1.9896,395.6,0.4098,6451
 1972-11-27T20:00:00.000Z,3.11,2.4,214.3,0.9433,1.2631,-1.4343,2.1516,397.6,0.3038,1840
 1972-11-27T21:00:00.000Z,3.11,2.4,214.3,1.3106,0.9422,-1.4477,2.221,374.8,0.165,10222
 1972-11-27T22:00:00.000Z,3.11,2.4,214.3,1.4354,0.7025,-1.5956,2.264,376.9,0.2322,3530
 1972-11-27T23:00:00.000Z,3.12,2.4,214.3,1.3344,0.8337,-1.5473,2.214,378.3,0.3359,10503
 1972-11-28T00:00:00.000Z,3.12,2.4,214.3,1.3365,0.1441,-1.4835,2.0864,374.5,0.4779,18141
 1972-11-28T01:00:00.000Z,3.12,2.4,214.3,1.4448,-1.089,-0.9444,2.0475,378.8,0.4834,13227
 1972-11-28T02:00:00.000Z,3.12,2.4,214.3,1.3068,-1.445,-0.7683,2.1002,388.6,0.6289,16535
 1972-11-28T03:00:00.000Z,3.12,2.4,214.3,1.4202,-1.6191,-0.7858,2.3042,378.8,0.5576,12490
 1972-11-28T04:00:00.000Z,3.12,2.4,214.3,1.6273,-1.7664,-0.7201,2.5184,378.1,0.7237,13469
 1972-11-28T05:00:00.000Z,3.12,2.4,214.3,1.6707,-1.761,-0.5787,2.5041,371.6,0.325,7638
 1972-11-28T06:00:00.000Z,3.12,2.4,214.3,1.6772,-1.58,-0.3945,2.3556,378.4,0.8944,32134
 1972-11-28T07:00:00.000Z,3.12,2.4,214.3,1.311,-1.7887,-0.5814,2.3201,-1.00E+31,-1.00E+31,-1.00E+31
 1972-11-28T08:00:00.000Z,3.12,2.4,214.3,1.2855,-1.6002,-0.9271,2.3404,400.8,1.0206,37687
 1972-11-28T09:00:00.000Z,3.12,2.4,214.3,0.7712,-2.0374,0.4351,2.4252,-1.00E+31,-1.00E+31,-1.00E+31
 1972-11-28T10:00:00.000Z,3.12,2.4,214.4,0.8079,-1.8143,1.0696,2.3324,385.1,0.8167,31097
 1972-11-28T11:00:00.000Z,3.12,2.4,214.4,0.8788,-1.3996,-0.3974,1.9189,384.5,1.0497,52566
 1972-11-28T12:00:00.000Z,3.12,2.4,214.4,1.2607,-1.1012,-0.4239,1.9517,383.3,1.0563,45397
 1972-11-28T13:00:00.000Z,3.12,2.4,214.4,1.0811,-1.127,0.0818,1.6647,-1.00E+31,-1.00E+31,-1.00E+31
 1972-11-28T14:00:00.000Z,3.12,2.4,214.4,-0.3238,-0.8573,0.1157,1.3085,389.6,1.9795,42540
 1972-11-28T15:00:00.000Z,3.12,2.4,214.3,0.9377,-1.5503,-0.056,1.9611,396.4,0.8517,2737
 1972-11-28T16:00:00.000Z,3.12,2.4,214.4,1.4955,-2.1331,0.4699,2.68,-1.00E+31,-1.00E+31,-1.00E+31
 1972-11-28T17:00:00.000Z,3.12,2.4,214.4,1.1704,-1.9985,1.2647,2.6828,383.8,0.6193,14836
 1972-11-28T18:00:00.000Z,3.12,2.4,214.4,1.0743,-1.9242,1.6062,2.7323,374.6,0.838,23576
 1972-11-28T19:00:00.000Z,3.12,2.4,214.4,0.7253,-1.5829,1.8238,2.5523,365.5,0.8937,16365
 1972-11-28T20:00:00.000Z,3.12,2.4,214.4,0.6558,-1.8699,1.6141,2.5842,366.4,0.7017,15747
 1972-11-28T21:00:00.000Z,3.12,2.4,214.4,0.6993,-1.797,1.5546,2.5162,378.2,0.6254,9372
 1972-11-28T22:00:00.000Z,3.12,2.4,214.4,0.9144,-1.7502,1.3792,2.4836,374.3,0.5653,8372
 1972-11-28T23:00:00.000Z,3.12,2.4,214.5,0.5823,-1.6588,1.638,2.5081,370.2,0.4467,23263
 1972-11-29T00:00:00.000Z,3.12,2.4,214.5,0.5336,-1.5438,1.9879,2.6079,375.4,0.6251,11421
 1972-11-29T01:00:00.000Z,3.12,2.4,214.5,0.4229,-1.5772,1.9459,2.6125,367.2,0.8979,11895
 1972-11-29T02:00:00.000Z,3.12,2.4,214.4,0.7041,-1.5398,1.9756,2.6522,366.1,1.3781,24069
 1972-11-29T03:00:00.000Z,3.12,2.4,214.4,0.9019,-2.1037,1.6175,2.816,371.8,1.1439,17057
 1972-11-29T04:00:00.000Z,3.12,2.4,214.4,0.7481,-2.2936,1.4479,2.8195,373.2,0.9652,21753
 1972-11-29T05:00:00.000Z,3.12,2.4,214.4,0.5012,-2.2097,1.1035,2.5465,374.4,1.6705,25805
 1972-11-29T06:00:00.000Z,3.12,2.4,214.5,0.3497,-2.0954,1.0014,2.4277,378.3,1.4086,43556
 1972-11-29T07:00:00.000Z,3.12,2.5,214.5,0.1567,-1.7759,0.699,2.4299,383.5,0.4726,90709
 1972-11-29T08:00:00.000Z,3.13,2.5,214.5,0.1218,-2.2011,-0.663,2.3281,-1.00E+31,-1.00E+31,-1.00E+31
 1972-11-29T09:00:00.000Z,3.13,2.5,214.5,0.0512,-2.1752,-0.1578,2.1958,395.7,0.4209,152075
 1972-11-29T10:00:00.000Z,3.13,2.5,214.5,0.1276,-2.1775,0.5668,2.2679,-1.00E+31,-1.00E+31,-1.00E+31
 1972-11-29T11:00:00.000Z,3.13,2.5,214.5,0.1563,-2.0954,0.6,2.2291,388.5,0.3514,103446
 1972-11-29T12:00:00.000Z,3.13,2.5,214.5,0.1747,-2.0101,0.7844,2.1963,394.5,0.3484,97347
 1972-11-29T13:00:00.000Z,3.13,2.5,214.5,0.6387,-2.2802,0.3513,2.4284,-1.00E+31,-1.00E+31,-1.00E+31
 1972-11-29T14:00:00.000Z,3.13,2.5,214.5,0.4911,-1.6743,0.6463,2.3272,388.7,0.2581,56711
 1972-11-29T15:00:00.000Z,3.13,2.5,214.5,0.0828,-1.2302,1.6047,2.0577,389.8,0.2448,48249
 1972-11-29T16:00:00.000Z,3.13,2.5,214.5,0.4612,-1.4511,1.4154,2.2897,410.3,0.3203,83565
 1972-11-29T17:00:00.000Z,3.13,2.5,214.5,0.7548,-1.8663,1.0239,2.2921,378,0.3832,80781
 1972-11-29T18:00:00.000Z,3.13,2.5,214.5,0.272,-2.0772,0.8005,2.4114,393.6,0.3281,84577
 1972-11-29T19:00:00.000Z,3.13,2.5,214.5,0.632,-2.3452,-0.2942,2.4585,399.4,0.3102,109435
 1972-11-29T20:00:00.000Z,3.13,2.5,214.6,0.7217,-2.1535,-0.652,2.4087,377.2,0.3587,87250
 1972-11-29T21:00:00.000Z,3.13,2.5,214.6,0.6844,-2.1446,-0.6062,2.3501,371.4,0.3993,62882
 1972-11-29T22:00:00.000Z,3.13,2.5,214.6,0.6918,-2.2938,-0.1818,2.4271,366.2,0.3119,40815
 1972-11-29T23:00:00.000Z,3.13,2.5,214.6,0.6771,-2.3405,0.0417,2.4433,-1.00E+31,-1.00E+31,-1.00E+31
 1972-11-30T00:00:00.000Z,3.13,2.5,214.5,0.3599,-2.0918,-0.04,2.1556,360.4,0.8313,80605
 1972-11-30T01:00:00.000Z,3.13,2.5,214.5,0.0485,-1.8575,0.3151,1.9404,359.7,0.7472,56419
 1972-11-30T02:00:00.000Z,3.13,2.5,214.5,0.2514,-1.9495,0.5402,2.0571,364.1,0.7509,56474
 1972-11-30T03:00:00.000Z,3.13,2.5,214.6,-0.1654,-1.3635,0.2235,1.4319,393.9,0.4836,42211
 1972-11-30T04:00:00.000Z,3.13,2.5,214.6,-0.333,-1.2539,0.358,1.3774,390.8,0.4353,36022
 1972-11-30T05:00:00.000Z,3.13,2.5,214.6,-0.2213,-0.9365,0.8404,1.3771,390.6,0.4589,34293
 1972-11-30T06:00:00.000Z,3.13,2.5,214.6,-0.1852,-0.797,0.554,1.2382,392,0.5441,20786
 1972-11-30T07:00:00.000Z,3.13,2.5,214.6,-0.0085,-0.4341,0.8733,0.9886,394.7,0.7552,18224
 1972-11-30T08:00:00.000Z,3.13,2.5,214.6,0.1111,-0.532,1.0115,1.171,387.8,0.7202,23438
 1972-11-30T09:00:00.000Z,3.13,2.5,214.6,0.0561,-0.4937,0.762,0.9297,392.6,1.064,24013
 1972-11-30T10:00:00.000Z,3.13,2.5,214.7,-0.0511,-0.5008,0.7381,0.9808,-1.00E+31,-1.00E+31,-1.00E+31
 1972-11-30T11:00:00.000Z,3.13,2.5,214.6,-0.5764,-0.8085,0.0846,1.034,381.1,1.2575,25097
 1972-11-30T12:00:00.000Z,3.13,2.5,214.6,0.5939,0.3248,0.6153,0.9519,391.9,0.842,14422
 1972-11-30T13:00:00.000Z,3.13,2.5,214.6,0.3793,-0.0252,0.5968,0.8019,390.8,0.9868,20687
 1972-11-30T14:00:00.000Z,3.13,2.5,214.6,-0.0016,-0.3655,0.154,0.5827,384,0.8927,11522
 1972-11-30T15:00:00.000Z,3.13,2.5,214.6,-0.5512,-0.6231,-0.1026,0.8504,385.3,0.6273,20107
 1972-11-30T16:00:00.000Z,3.13,2.5,214.6,-0.3091,-0.8671,0.2649,0.9938,390.6,0.31,13606
 1972-11-30T17:00:00.000Z,3.13,2.5,214.7,-0.1322,-0.8677,0.4829,1.0491,383.6,0.4221,24886
 1972-11-30T18:00:00.000Z,3.14,2.5,214.7,0.0374,-0.9393,0.4705,1.0598,-1.00E+31,-1.00E+31,-1.00E+31
 1972-11-30T19:00:00.000Z,3.14,2.5,214.7,0.0784,-0.4008,0.8694,0.9793,383.6,0.2964,21234
 1972-11-30T20:00:00.000Z,3.14,2.5,214.7,0.1177,-0.1942,0.8128,0.8593,389,0.4357,12801
 1972-11-30T21:00:00.000Z,3.14,2.5,214.7,0.1932,-0.0315,0.7284,0.7638,387.2,0.5394,17712
 1972-11-30T22:00:00.000Z,3.14,2.5,214.6,0.2263,-0.124,0.7753,0.8212,-1.00E+31,-1.00E+31,-1.00E+31
 1972-11-30T23:00:00.000Z,3.14,2.5,214.6,0.3107,-0.2402,0.69,0.8109,-1.00E+31,-1.00E+31,-1.00E+31
,,,,,,,,,,
,,,,,,,,,,
,,,,,,,,,,
,,,,,,,,,,
,,,,,,,,,,
,,,,,,,,,,
,,,,,,,,,,
,,,,,,,,,,
,,,,,,,,,,
,,,,,,,,,,
,,,,,,,,,,
,,,,,,,,,,
,,,,,,,,,,
,,,,,,,,,,
,,,,,,,,,,
,,,,,,,,,,
,,,,,,,,,,
,,,,,,,,,,
,,,,,,,,,,
,,,,,,,,,,
,,,,,,,,,,
,,,,,,,,,,
,,,,,,,,,,
,,,,,,,,,,
,,,,,,,,,,
,,,,,,,,,,
,,,,,,,,,,
,,,,,,,,,,
,,,,,,,,,,
,,,,,,,,,,
,,,,,,,,,,
,,,,,,,,,,
,,,,,,,,,,
,,,,,,,,,,
,,,,,,,,,,
,,,,,,,,,,
,,,,,,,,,,
,,,,,,,,,,
,,,,,,,,,,
,,,,,,,,,,
,,,,,,,,,,
,,,,,,,,,,
,,,,,,,,,,
,,,,,,,,,,
,,,,,,,,,,
,,,,,,,,,,
,,,,,,,,,,
,,,,,,,,,,
,,,,,,,,,,
,,,,,,,,,,
,,,,,,,,,,
,,,,,,,,,,
,,,,,,,,,,
,,,,,,,,,,
,,,,,,,,,,
,,,,,,,,,,
,,,,,,,,,,
,,,,,,,,,,
,,,,,,,,,,
,,,,,,,,,,
,,,,,,,,,,
,,,,,,,,,,
,,,,,,,,,,
,,,,,,,,,,
,,,,,,,,,,
,,,,,,,,,,
,,,,,,,,,,
,,,,,,,,,,
,,,,,,,,,,
,,,,,,,,,,
,,,,,,,,,,
,,,,,,,,,,
,,,,,,,,,,
,,,,,,,,,,
,,,,,,,,,,
,,,,,,,,,,
,,,,,,,,,,
,,,,,,,,,,
,,,,,,,,,,
,,,,,,,,,,
,,,,,,,,,,
,,,,,,,,,,
,,,,,,,,,,
,,,,,,,,,,
,,,,,,,,,,
,,,,,,,,,,
,,,,,,,,,,
,,,,,,,,,,
,,,,,,,,,,
,,,,,,,,,,
,,,,,,,,,,
,,,,,,,,,,
,,,,,,,,,,
,,,,,,,,,,
,,,,,,,,,,
,,,,,,,,,,
,,,,,,,,,,
,,,,,,,,,,
,,,,,,,,,,
,,,,,,,,,,
,,,,,,,,,,
,,,,,,,,,,
,,,,,,,,,,
,,,,,,,,,,
,,,,,,,,,,
,,,,,,,,,,
,,,,,,,,,,
,,,,,,,,,,
,,,,,,,,,,
,,,,,,,,,,
,,,,,,,,,,
,,,,,,,,,,
,,,,,,,,,,
,,,,,,,,,,
,,,,,,,,,,
,,,,,,,,,,
,,,,,,,,,,
,,,,,,,,,,
,,,,,,,,,,
,,,,,,,,,,
,,,,,,,,,,
,,,,,,,,,,
,,,,,,,,,,
,,,,,,,,,,
,,,,,,,,,,
,,,,,,,,,,
,,,,,,,,,,
,,,,,,,,,,
,,,,,,,,,,
,,,,,,,,,,
,,,,,,,,,,
,,,,,,,,,,
,,,,,,,,,,
,,,,,,,,,,
,,,,,,,,,,
,,,,,,,,,,
,,,,,,,,,,
,,,,,,,,,,
,,,,,,,,,,
,,,,,,,,,,
,,,,,,,,,,
,,,,,,,,,,
,,,,,,,,,,
,,,,,,,,,,
,,,,,,,,,,
,,,,,,,,,,
,,,,,,,,,,
,,,,,,,,,,
,,,,,,,,,,
,,,,,,,,,,
,,,,,,,,,,
,,,,,,,,,,
,,,,,,,,,,
,,,,,,,,,,
,,,,,,,,,,
,,,,,,,,,,
,,,,,,,,,,
,,,,,,,,,,
,,,,,,,,,,
,,,,,,,,,,
,,,,,,,,,,
,,,,,,,,,,
,,,,,,,,,,
,,,,,,,,,,
,,,,,,,,,,
,,,,,,,,,,
,,,,,,,,,,
,,,,,,,,,,
,,,,,,,,,,
,,,,,,,,,,
,,,,,,,,,,
,,,,,,,,,,
,,,,,,,,,,
,,,,,,,,,,
,,,,,,,,,,
,,,,,,,,,,
,,,,,,,,,,
,,,,,,,,,,
,,,,,,,,,,
,,,,,,,,,,
,,,,,,,,,,
,,,,,,,,,,
,,,,,,,,,,
,,,,,,,,,,
,,,,,,,,,,
,,,,,,,,,,
,,,,,,,,,,
,,,,,,,,,,
,,,,,,,,,,
,,,,,,,,,,
,,,,,,,,,,
,,,,,,,,,,
,,,,,,,,,,
,,,,,,,,,,
,,,,,,,,,,
,,,,,,,,,,
,,,,,,,,,,
,,,,,,,,,,
,,,,,,,,,,
,,,,,,,,,,
,,,,,,,,,,
,,,,,,,,,,
,,,,,,,,,,
,,,,,,,,,,
,,,,,,,,,,
,,,,,,,,,,
,,,,,,,,,,
,,,,,,,,,,
,,,,,,,,,,
,,,,,,,,,,
,,,,,,,,,,
,,,,,,,,,,
,,,,,,,,,,
,,,,,,,,,,
,,,,,,,,,,
,,,,,,,,,,
,,,,,,,,,,
,,,,,,,,,,
,,,,,,,,,,
,,,,,,,,,,
,,,,,,,,,,
,,,,,,,,,,
,,,,,,,,,,
,,,,,,,,,,
,,,,,,,,,,
,,,,,,,,,,
,,,,,,,,,,
,,,,,,,,,,
,,,,,,,,,,
,,,,,,,,,,
,,,,,,,,,,
,,,,,,,,,,
,,,,,,,,,,
,,,,,,,,,,
,,,,,,,,,,
,,,,,,,,,,
,,,,,,,,,,
,,,,,,,,,,
,,,,,,,,,,
,,,,,,,,,,
,,,,,,,,,,
,,,,,,,,,,
,,,,,,,,,,
,,,,,,,,,,
,,,,,,,,,,
,,,,,,,,,,
,,,,,,,,,,
,,,,,,,,,,
,,,,,,,,,,
,,,,,,,,,,
,,,,,,,,,,
,,,,,,,,,,
,,,,,,,,,,
,,,,,,,,,,
,,,,,,,,,,
,,,,,,,,,,
,,,,,,,,,,
,,,,,,,,,,
,,,,,,,,,,
,,,,,,,,,,
,,,,,,,,,,
,,,,,,,,,,
,,,,,,,,,,
,,,,,,,,,,
,,,,,,,,,,
,,,,,,,,,,
,,,,,,,,,,
,,,,,,,,,,
,,,,,,,,,,
,,,,,,,,,,
,,,,,,,,,,
,,,,,,,,,,
,,,,,,,,,,
,,,,,,,,,,
,,,,,,,,,,
,,,,,,,,,,
,,,,,,,,,,
,,,,,,,,,,
,,,,,,,,,,
,,,,,,,,,,
,,,,,,,,,,
,,,,,,,,,,
,,,,,,,,,,
,,,,,,,,,,
,,,,,,,,,,
,,,,,,,,,,
,,,,,,,,,,
,,,,,,,,,,
,,,,,,,,,,
,,,,,,,,,,
,,,,,,,,,,
,,,,,,,,,,
,,,,,,,,,,
,,,,,,,,,,
,,,,,,,,,,
,,,,,,,,,,
,,,,,,,,,,
,,,,,,,,,,
,,,,,,,,,,
,,,,,,,,,,
,,,,,,,,,,
,,,,,,,,,,
,,,,,,,,,,
,,,,,,,,,,
,,,,,,,,,,
,,,,,,,,,,
,,,,,,,,,,
,,,,,,,,,,
,,,,,,,,,,
,,,,,,,,,,
,,,,,,,,,,
,,,,,,,,,,
,,,,,,,,,,
,,,,,,,,,,
,,,,,,,,,,
,,,,,,,,,,
,,,,,,,,,,
,,,,,,,,,,
,,,,,,,,,,
,,,,,,,,,,
,,,,,,,,,,
,,,,,,,,,,
,,,,,,,,,,
,,,,,,,,,,
,,,,,,,,,,
,,,,,,,,,,
,,,,,,,,,,
,,,,,,,,,,
,,,,,,,,,,
,,,,,,,,,,
,,,,,,,,,,
,,,,,,,,,,
,,,,,,,,,,
,,,,,,,,,,
,,,,,,,,,,
,,,,,,,,,,
,,,,,,,,,,
,,,,,,,,,,
,,,,,,,,,,
,,,,,,,,,,
,,,,,,,,,,
,,,,,,,,,,
,,,,,,,,,,
,,,,,,,,,,
,,,,,,,,,,
,,,,,,,,,,
,,,,,,,,,,
,,,,,,,,,,
,,,,,,,,,,
,,,,,,,,,,
,,,,,,,,,,
,,,,,,,,,,
,,,,,,,,,,
,,,,,,,,,,
,,,,,,,,,,
,,,,,,,,,,
,,,,,,,,,,
,,,,,,,,,,
,,,,,,,,,,
,,,,,,,,,,
,,,,,,,,,,
,,,,,,,,,,
,,,,,,,,,,
,,,,,,,,,,
,,,,,,,,,,
,,,,,,,,,,
,,,,,,,,,,
,,,,,,,,,,
,,,,,,,,,,
,,,,,,,,,,
,,,,,,,,,,
,,,,,,,,,,
,,,,,,,,,,
,,,,,,,,,,
,,,,,,,,,,
,,,,,,,,,,
,,,,,,,,,,
,,,,,,,,,,
,,,,,,,,,,
,,,,,,,,,,
,,,,,,,,,,
,,,,,,,,,,
,,,,,,,,,,
,,,,,,,,,,
,,,,,,,,,,
,,,,,,,,,,
,,,,,,,,,,
,,,,,,,,,,
,,,,,,,,,,
,,,,,,,,,,
,,,,,,,,,,
,,,,,,,,,,
,,,,,,,,,,
,,,,,,,,,,
,,,,,,,,,,
,,,,,,,,,,
,,,,,,,,,,
,,,,,,,,,,
,,,,,,,,,,
,,,,,,,,,,
,,,,,,,,,,
,,,,,,,,,,
,,,,,,,,,,
,,,,,,,,,,
,,,,,,,,,,
,,,,,,,,,,
,,,,,,,,,,
,,,,,,,,,,
,,,,,,,,,,
,,,,,,,,,,
,,,,,,,,,,
,,,,,,,,,,
,,,,,,,,,,
,,,,,,,,,,
,,,,,,,,,,
,,,,,,,,,,
,,,,,,,,,,
,,,,,,,,,,
,,,,,,,,,,
,,,,,,,,,,
,,,,,,,,,,
,,,,,,,,,,
,,,,,,,,,,
,,,,,,,,,,
,,,,,,,,,,
,,,,,,,,,,
,,,,,,,,,,
,,,,,,,,,,
,,,,,,,,,,
,,,,,,,,,,
,,,,,,,,,,
,,,,,,,,,,
,,,,,,,,,,
,,,,,,,,,,
,,,,,,,,,,
,,,,,,,,,,
,,,,,,,,,,
,,,,,,,,,,
,,,,,,,,,,
,,,,,,,,,,
,,,,,,,,,,
,,,,,,,,,,
,,,,,,,,,,
,,,,,,,,,,
,,,,,,,,,,
,,,,,,,,,,
,,,,,,,,,,
,,,,,,,,,,
,,,,,,,,,,
,,,,,,,,,,
,,,,,,,,,,
,,,,,,,,,,
,,,,,,,,,,
,,,,,,,,,,
,,,,,,,,,,
,,,,,,,,,,
,,,,,,,,,,
,,,,,,,,,,
,,,,,,,,,,
,,,,,,,,,,
,,,,,,,,,,
,,,,,,,,,,
,,,,,,,,,,
,,,,,,,,,,
,,,,,,,,,,
,,,,,,,,,,
,,,,,,,,,,
,,,,,,,,,,
,,,,,,,,,,
,,,,,,,,,,
,,,,,,,,,,
,,,,,,,,,,
,,,,,,,,,,
,,,,,,,,,,
,,,,,,,,,,
,,,,,,,,,,
,,,,,,,,,,
,,,,,,,,,,
,,,,,,,,,,
,,,,,,,,,,
,,,,,,,,,,
,,,,,,,,,,
,,,,,,,,,,
,,,,,,,,,,
,,,,,,,,,,
,,,,,,,,,,
,,,,,,,,,,
,,,,,,,,,,
,,,,,,,,,,
,,,,,,,,,,
,,,,,,,,,,
,,,,,,,,,,
,,,,,,,,,,
,,,,,,,,,,
,,,,,,,,,,
,,,,,,,,,,
,,,,,,,,,,
,,,,,,,,,,
,,,,,,,,,,
,,,,,,,,,,
,,,,,,,,,,
,,,,,,,,,,
,,,,,,,,,,
,,,,,,,,,,
,,,,,,,,,,
,,,,,,,,,,
,,,,,,,,,,
,,,,,,,,,,
,,,,,,,,,,
,,,,,,,,,,
,,,,,,,,,,
,,,,,,,,,,
,,,,,,,,,,
,,,,,,,,,,
,,,,,,,,,,
,,,,,,,,,,
,,,,,,,,,,
,,,,,,,,,,
,,,,,,,,,,
,,,,,,,,,,
,,,,,,,,,,
,,,,,,,,,,
,,,,,,,,,,
,,,,,,,,,,
,,,,,,,,,,
,,,,,,,,,,
,,,,,,,,,,
,,,,,,,,,,
,,,,,,,,,,
,,,,,,,,,,
,,,,,,,,,,
,,,,,,,,,,
,,,,,,,,,,
,,,,,,,,,,
,,,,,,,,,,
,,,,,,,,,,
,,,,,,,,,,
,,,,,,,,,,
,,,,,,,,,,
,,,,,,,,,,
,,,,,,,,,,
,,,,,,,,,,
,,,,,,,,,,
,,,,,,,,,,
,,,,,,,,,,
,,,,,,,,,,
,,,,,,,,,,
,,,,,,,,,,
,,,,,,,,,,
,,,,,,,,,,
,,,,,,,,,,
,,,,,,,,,,
,,,,,,,,,,
,,,,,,,,,,
,,,,,,,,,,
,,,,,,,,,,
,,,,,,,,,,
,,,,,,,,,,
,,,,,,,,,,
,,,,,,,,,,
,,,,,,,,,,
,,,,,,,,,,
,,,,,,,,,,
,,,,,,,,,,
,,,,,,,,,,
,,,,,,,,,,
,,,,,,,,,,
,,,,,,,,,,
,,,,,,,,,,
,,,,,,,,,,
,,,,,,,,,,
,,,,,,,,,,
,,,,,,,,,,
,,,,,,,,,,
,,,,,,,,,,
,,,,,,,,,,
,,,,,,,,,,
,,,,,,,,,,
,,,,,,,,,,
,,,,,,,,,,
,,,,,,,,,,
,,,,,,,,,,
,,,,,,,,,,
,,,,,,,,,,
,,,,,,,,,,
,,,,,,,,,,
,,,,,,,,,,
,,,,,,,,,,
,,,,,,,,,,
,,,,,,,,,,
,,,,,,,,,,
,,,,,,,,,,
,,,,,,,,,,
,,,,,,,,,,
,,,,,,,,,,
,,,,,,,,,,
,,,,,,,,,,
,,,,,,,,,,
,,,,,,,,,,
,,,,,,,,,,
,,,,,,,,,,
,,,,,,,,,,
,,,,,,,,,,
,,,,,,,,,,
,,,,,,,,,,
,,,,,,,,,,
,,,,,,,,,,
,,,,,,,,,,
,,,,,,,,,,
,,,,,,,,,,
,,,,,,,,,,
,,,,,,,,,,
,,,,,,,,,,
,,,,,,,,,,
,,,,,,,,,,
,,,,,,,,,,
,,,,,,,,,,
,,,,,,,,,,
,,,,,,,,,,
,,,,,,,,,,
,,,,,,,,,,
,,,,,,,,,,
,,,,,,,,,,
,,,,,,,,,,
,,,,,,,,,,
,,,,,,,,,,
,,,,,,,,,,
,,,,,,,,,,
,,,,,,,,,,
,,,,,,,,,,
,,,,,,,,,,
,,,,,,,,,,
,,,,,,,,,,
,,,,,,,,,,
,,,,,,,,,,
,,,,,,,,,,
,,,,,,,,,,
,,,,,,,,,,
,,,,,,,,,,
,,,,,,,,,,
,,,,,,,,,,
,,,,,,,,,,
,,,,,,,,,,
,,,,,,,,,,
,,,,,,,,,,
,,,,,,,,,,
,,,,,,,,,,
,,,,,,,,,,
,,,,,,,,,,
,,,,,,,,,,
,,,,,,,,,,
,,,,,,,,,,
,,,,,,,,,,
,,,,,,,,,,
,,,,,,,,,,
,,,,,,,,,,
,,,,,,,,,,
,,,,,,,,,,
,,,,,,,,,,
,,,,,,,,,,
,,,,,,,,,,
,,,,,,,,,,
,,,,,,,,,,
,,,,,,,,,,
,,,,,,,,,,
,,,,,,,,,,
,,,,,,,,,,
,,,,,,,,,,
,,,,,,,,,,
,,,,,,,,,,
,,,,,,,,,,
,,,,,,,,,,
,,,,,,,,,,
,,,,,,,,,,
,,,,,,,,,,
,,,,,,,,,,
,,,,,,,,,,
,,,,,,,,,,
,,,,,,,,,,
,,,,,,,,,,
,,,,,,,,,,
,,,,,,,,,,
,,,,,,,,,,
,,,,,,,,,,
,,,,,,,,,,
,,,,,,,,,,
,,,,,,,,,,
,,,,,,,,,,
,,,,,,,,,,
,,,,,,,,,,
,,,,,,,,,,
,,,,,,,,,,
,,,,,,,,,,
,,,,,,,,,,
,,,,,,,,,,
,,,,,,,,,,
,,,,,,,,,,
,,,,,,,,,,
,,,,,,,,,,
,,,,,,,,,,
,,,,,,,,,,
,,,,,,,,,,
,,,,,,,,,,
,,,,,,,,,,
,,,,,,,,,,
,,,,,,,,,,
,,,,,,,,,,
,,,,,,,,,,
,,,,,,,,,,
,,,,,,,,,,
,,,,,,,,,,
,,,,,,,,,,
,,,,,,,,,,
,,,,,,,,,,
,,,,,,,,,,
,,,,,,,,,,
,,,,,,,,,,
,,,,,,,,,,
,,,,,,,,,,
,,,,,,,,,,
,,,,,,,,,,
,,,,,,,,,,
,,,,,,,,,,
,,,,,,,,,,
,,,,,,,,,,
,,,,,,,,,,
,,,,,,,,,,
,,,,,,,,,,
,,,,,,,,,,
,,,,,,,,,,
,,,,,,,,,,
,,,,,,,,,,
,,,,,,,,,,
,,,,,,,,,,
,,,,,,,,,,
,,,,,,,,,,
