EPOCH_yyyy-mm-ddThh:mm:ss.sssZ,Dist2Sun_AU,HGI_LAT_deg,HGI_LONG_deg,SW_FLOW_SPEED_km_s,SW_PROTON_DENS_protons_cm3
 1973-01-01T00:00:00.000Z,3.35,2.9,218.4,323.4,0.8195
 1973-01-01T01:00:00.000Z,3.35,2.9,218.4,324.1,0.8556
 1973-01-01T02:00:00.000Z,3.35,2.9,218.4,318.5,1.0299
 1973-01-01T03:00:00.000Z,3.35,2.9,218.4,320.4,1.6006
 1973-01-01T04:00:00.000Z,3.35,2.9,218.4,-1.00E+31,-1.00E+31
 1973-01-01T05:00:00.000Z,3.35,2.9,218.5,323.9,1.5918
 1973-01-01T06:00:00.000Z,3.35,3,218.5,314.2,1.8752
 1973-01-01T07:00:00.000Z,3.35,3,218.5,313.8,1.9113
 1973-01-01T08:00:00.000Z,3.35,3,218.5,315.8,1.8182
 1973-01-01T09:00:00.000Z,3.36,3,218.5,314.7,1.4791
 1973-01-01T10:00:00.000Z,3.36,3,218.5,309.4,1.5793
 1973-01-01T11:00:00.000Z,3.36,3,218.4,-1.00E+31,-1.00E+31
 1973-01-01T12:00:00.000Z,3.36,3,218.4,307.3,1.1844
 1973-01-01T13:00:00.000Z,3.36,3,218.5,307.4,1.0257
 1973-01-01T14:00:00.000Z,3.36,3,218.5,307.4,0.9934
 1973-01-01T15:00:00.000Z,3.36,3,218.5,307.5,0.9991
 1973-01-01T16:00:00.000Z,3.36,3,218.5,308.3,1.0773
 1973-01-01T17:00:00.000Z,3.36,3,218.5,307.6,1.0714
 1973-01-01T18:00:00.000Z,3.36,3,218.5,-1.00E+31,-1.00E+31
 1973-01-01T19:00:00.000Z,3.36,3,218.5,-1.00E+31,-1.00E+31
 1973-01-01T20:00:00.000Z,3.36,3,218.6,321.1,1.501
 1973-01-01T21:00:00.000Z,3.36,3,218.6,320.5,1.2762
 1973-01-01T22:00:00.000Z,3.36,3,218.5,318.6,1.2492
 1973-01-01T23:00:00.000Z,3.36,3,218.5,319.4,1.4161
 1973-01-02T00:00:00.000Z,3.36,3,218.5,318.3,1.2458
 1973-01-02T01:00:00.000Z,3.36,3,218.5,310,1.6482
 1973-01-02T02:00:00.000Z,3.36,3,218.5,-1.00E+31,-1.00E+31
 1973-01-02T03:00:00.000Z,3.36,3,218.6,315.7,2.0407
 1973-01-02T04:00:00.000Z,3.36,3,218.6,319.8,1.5249
 1973-01-02T05:00:00.000Z,3.36,3,218.6,320.5,1.5454
 1973-01-02T06:00:00.000Z,3.36,3,218.6,319.5,1.665
 1973-01-02T07:00:00.000Z,3.36,3,218.6,323,1.2864
 1973-01-02T08:00:00.000Z,3.36,3,218.6,319.4,1.6135
 1973-01-02T09:00:00.000Z,3.36,3,218.5,317.4,1.5992
 1973-01-02T10:00:00.000Z,3.36,3,218.5,326.4,1.3072
 1973-01-02T11:00:00.000Z,3.36,3,218.6,325.8,0.9838
 1973-01-02T12:00:00.000Z,3.36,3,218.6,331.3,0.8612
 1973-01-02T13:00:00.000Z,3.36,3,218.6,321.3,1.4409
 1973-01-02T14:00:00.000Z,3.36,3,218.6,324.6,1.2041
 1973-01-02T15:00:00.000Z,3.36,3,218.6,325.3,1.2572
 1973-01-02T16:00:00.000Z,3.36,3,218.6,-1.00E+31,-1.00E+31
 1973-01-02T17:00:00.000Z,3.36,3,218.6,327.6,1.1002
 1973-01-02T18:00:00.000Z,3.36,3,218.7,328.7,1.0441
 1973-01-02T19:00:00.000Z,3.36,3,218.7,329.7,1.0819
 1973-01-02T20:00:00.000Z,3.37,3,218.7,329.1,0.9511
 1973-01-02T21:00:00.000Z,3.37,3,218.6,336.7,0.9242
 1973-01-02T22:00:00.000Z,3.37,3,218.6,329,1.4989
 1973-01-02T23:00:00.000Z,3.37,3,218.6,334.6,1.9069
 1973-01-03T00:00:00.000Z,3.37,3,218.6,330.3,1.441
 1973-01-03T01:00:00.000Z,3.37,3,218.7,335.2,1.5199
 1973-01-03T02:00:00.000Z,3.37,3,218.7,333,1.7926
 1973-01-03T03:00:00.000Z,3.37,3,218.7,335,1.8539
 1973-01-03T04:00:00.000Z,3.37,3,218.7,337.1,1.3711
 1973-01-03T05:00:00.000Z,3.37,3,218.7,-1.00E+31,-1.00E+31
 1973-01-03T06:00:00.000Z,3.37,3,218.7,337,1.5377
 1973-01-03T07:00:00.000Z,3.37,3,218.7,334.6,1.409
 1973-01-03T08:00:00.000Z,3.37,3,218.7,337.2,1.4272
 1973-01-03T09:00:00.000Z,3.37,3,218.7,335.5,0.7014
 1973-01-03T10:00:00.000Z,3.37,3,218.7,336,1.2659
 1973-01-03T11:00:00.000Z,3.37,3,218.7,339.3,1.4729
 1973-01-03T12:00:00.000Z,3.37,3,218.7,-1.00E+31,-1.00E+31
 1973-01-03T13:00:00.000Z,3.37,3,218.7,336.1,1.5701
 1973-01-03T14:00:00.000Z,3.37,3,218.7,-1.00E+31,-1.00E+31
 1973-01-03T15:00:00.000Z,3.37,3,218.7,336.1,0.7597
 1973-01-03T16:00:00.000Z,3.37,3,218.8,341.7,2.2649
 1973-01-03T17:00:00.000Z,3.37,3,218.8,-1.00E+31,-1.00E+31
 1973-01-03T18:00:00.000Z,3.37,3,218.8,-1.00E+31,-1.00E+31
 1973-01-03T19:00:00.000Z,3.37,3,218.7,-1.00E+31,-1.00E+31
 1973-01-03T20:00:00.000Z,3.37,3,218.7,-1.00E+31,-1.00E+31
 1973-01-03T21:00:00.000Z,3.37,3,218.7,-1.00E+31,-1.00E+31
 1973-01-03T22:00:00.000Z,3.37,3,218.7,-1.00E+31,-1.00E+31
 1973-01-03T23:00:00.000Z,3.37,3,218.8,-1.00E+31,-1.00E+31
 1973-01-04T00:00:00.000Z,3.37,3,218.8,-1.00E+31,-1.00E+31
 1973-01-04T01:00:00.000Z,3.37,3,218.8,341.8,0.4443
 1973-01-04T02:00:00.000Z,3.37,3,218.8,341.8,0.4306
 1973-01-04T03:00:00.000Z,3.37,3,218.8,340.3,0.2565
 1973-01-04T04:00:00.000Z,3.37,3,218.8,339.9,0.7772
 1973-01-04T05:00:00.000Z,3.37,3,218.8,349.5,0.4692
 1973-01-04T06:00:00.000Z,3.37,3,218.8,-1.00E+31,-1.00E+31
 1973-01-04T07:00:00.000Z,3.37,3,218.8,344.5,0.3236
 1973-01-04T08:00:00.000Z,3.38,3,218.8,342.6,0.1555
 1973-01-04T09:00:00.000Z,3.38,3,218.8,349.4,0.1889
 1973-01-04T10:00:00.000Z,3.38,3,218.8,349.4,0.2901
 1973-01-04T11:00:00.000Z,3.38,3,218.8,-1.00E+31,-1.00E+31
 1973-01-04T12:00:00.000Z,3.38,3,218.8,349.4,0.0986
 1973-01-04T13:00:00.000Z,3.38,3,218.8,349.8,0.1031
 1973-01-04T14:00:00.000Z,3.38,3,218.9,350.4,0.4423
 1973-01-04T15:00:00.000Z,3.38,3,218.9,354.4,0.468
 1973-01-04T16:00:00.000Z,3.38,3,218.9,355.2,0.4922
 1973-01-04T17:00:00.000Z,3.38,3,218.8,355.1,0.3247
 1973-01-04T18:00:00.000Z,3.38,3,218.8,-1.00E+31,-1.00E+31
 1973-01-04T19:00:00.000Z,3.38,3,218.8,-1.00E+31,-1.00E+31
 1973-01-04T20:00:00.000Z,3.38,3,218.8,-1.00E+31,-1.00E+31
 1973-01-04T21:00:00.000Z,3.38,3,218.9,-1.00E+31,-1.00E+31
 1973-01-04T22:00:00.000Z,3.38,3,218.9,-1.00E+31,-1.00E+31
 1973-01-04T23:00:00.000Z,3.38,3,218.9,-1.00E+31,-1.00E+31
 1973-01-05T00:00:00.000Z,3.38,3,218.9,-1.00E+31,-1.00E+31
 1973-01-05T01:00:00.000Z,3.38,3,218.9,350,0.188
 1973-01-05T02:00:00.000Z,3.38,3,218.9,346.4,0.2328
 1973-01-05T03:00:00.000Z,3.38,3,218.9,345.7,0.3674
 1973-01-05T04:00:00.000Z,3.38,3,218.9,344.4,0.2124
 1973-01-05T05:00:00.000Z,3.38,3,218.9,344.8,0.0519
 1973-01-05T06:00:00.000Z,3.38,3,218.9,345.3,0.099
 1973-01-05T07:00:00.000Z,3.38,3,218.9,-1.00E+31,-1.00E+31
 1973-01-05T08:00:00.000Z,3.38,3,218.9,344.7,0.0843
 1973-01-05T09:00:00.000Z,3.38,3,218.9,346.8,0.036
 1973-01-05T10:00:00.000Z,3.38,3,218.9,346.9,0.1372
 1973-01-05T11:00:00.000Z,3.38,3,218.9,347,0.1028
 1973-01-05T12:00:00.000Z,3.38,3,219,-1.00E+31,-1.00E+31
 1973-01-05T13:00:00.000Z,3.38,3,219,355.5,0.4407
 1973-01-05T14:00:00.000Z,3.38,3,219,353.4,0.1426
 1973-01-05T15:00:00.000Z,3.38,3,218.9,-1.00E+31,-1.00E+31
 1973-01-05T16:00:00.000Z,3.38,3,218.9,352.9,0.3801
 1973-01-05T17:00:00.000Z,3.38,3,218.9,353.6,0.1792
 1973-01-05T18:00:00.000Z,3.38,3,218.9,-1.00E+31,-1.00E+31
 1973-01-05T19:00:00.000Z,3.38,3,219,353.6,0.2671
 1973-01-05T20:00:00.000Z,3.39,3,219,-1.00E+31,-1.00E+31
 1973-01-05T21:00:00.000Z,3.39,3,219,351.5,0.3014
 1973-01-05T22:00:00.000Z,3.39,3,219,347.8,0.2398
 1973-01-05T23:00:00.000Z,3.39,3,219,347.8,0.2086
 1973-01-06T00:00:00.000Z,3.39,3,219,347.2,0.1902
 1973-01-06T01:00:00.000Z,3.39,3,219,347,0.2141
 1973-01-06T02:00:00.000Z,3.39,3,219.1,346.5,0.2171
 1973-01-06T03:00:00.000Z,3.39,3,219,347.1,0.4352
 1973-01-06T04:00:00.000Z,3.39,3,219,344.4,0.4115
 1973-01-06T05:00:00.000Z,3.39,3,219,348.6,0.3301
 1973-01-06T06:00:00.000Z,3.39,3,219,346.4,0.381
 1973-01-06T07:00:00.000Z,3.39,3,219,-1.00E+31,-1.00E+31
 1973-01-06T08:00:00.000Z,3.39,3,219,355.1,0.4059
 1973-01-06T09:00:00.000Z,3.39,3,219,349.9,0.3575
 1973-01-06T10:00:00.000Z,3.39,3,219.1,351.8,0.3877
 1973-01-06T11:00:00.000Z,3.39,3,219.1,-1.00E+31,-1.00E+31
 1973-01-06T12:00:00.000Z,3.39,3,219.1,-1.00E+31,-1.00E+31
 1973-01-06T13:00:00.000Z,3.39,3,219.1,372.1,0.8616
 1973-01-06T14:00:00.000Z,3.39,3,219,-1.00E+31,-1.00E+31
 1973-01-06T15:00:00.000Z,3.39,3,219,377.3,1.1453
 1973-01-06T16:00:00.000Z,3.39,3,219,377.5,1.2621
 1973-01-06T17:00:00.000Z,3.39,3,219.1,386.3,1.6388
 1973-01-06T18:00:00.000Z,3.39,3,219.1,389.9,1.5228
 1973-01-06T19:00:00.000Z,3.39,3,219.1,-1.00E+31,-1.00E+31
 1973-01-06T20:00:00.000Z,3.39,3,219.1,-1.00E+31,-1.00E+31
 1973-01-06T21:00:00.000Z,3.39,3,219.1,-1.00E+31,-1.00E+31
 1973-01-06T22:00:00.000Z,3.39,3,219.1,-1.00E+31,-1.00E+31
 1973-01-06T23:00:00.000Z,3.39,3,219.1,428.4,3.0344
 1973-01-07T00:00:00.000Z,3.39,3,219.2,436.5,2.1759
 1973-01-07T01:00:00.000Z,3.39,3,219.1,443.5,1.3013
 1973-01-07T02:00:00.000Z,3.39,3,219.1,436.4,1.7333
 1973-01-07T03:00:00.000Z,3.39,3,219.1,451.1,1.7978
 1973-01-07T04:00:00.000Z,3.39,3,219.1,458.7,2.5998
 1973-01-07T05:00:00.000Z,3.39,3,219.1,-1.00E+31,-1.00E+31
 1973-01-07T06:00:00.000Z,3.39,3,219.1,435.5,2.1986
 1973-01-07T07:00:00.000Z,3.39,3,219.1,-1.00E+31,-1.00E+31
 1973-01-07T08:00:00.000Z,3.4,3,219.2,-1.00E+31,-1.00E+31
 1973-01-07T09:00:00.000Z,3.4,3,219.2,443.6,0.4248
 1973-01-07T10:00:00.000Z,3.4,3,219.2,-1.00E+31,-1.00E+31
 1973-01-07T11:00:00.000Z,3.4,3,219.2,-1.00E+31,-1.00E+31
 1973-01-07T12:00:00.000Z,3.4,3,219.1,430.6,0.907
 1973-01-07T13:00:00.000Z,3.4,3,219.1,-1.00E+31,-1.00E+31
 1973-01-07T14:00:00.000Z,3.4,3,219.1,-1.00E+31,-1.00E+31
 1973-01-07T15:00:00.000Z,3.4,3,219.2,447.6,1.1554
 1973-01-07T16:00:00.000Z,3.4,3,219.2,459.3,1.457
 1973-01-07T17:00:00.000Z,3.4,3,219.2,463.1,1.2436
 1973-01-07T18:00:00.000Z,3.4,3,219.2,448.6,0.8966
 1973-01-07T19:00:00.000Z,3.4,3,219.2,460.8,0.9188
 1973-01-07T20:00:00.000Z,3.4,3,219.2,465.6,0.9451
 1973-01-07T21:00:00.000Z,3.4,3,219.2,-1.00E+31,-1.00E+31
 1973-01-07T22:00:00.000Z,3.4,3,219.2,464.8,1.0488
 1973-01-07T23:00:00.000Z,3.4,3,219.2,475.6,0.6928
 1973-01-08T00:00:00.000Z,3.4,3,219.2,478.9,0.9188
 1973-01-08T01:00:00.000Z,3.4,3,219.2,468.9,0.9339
 1973-01-08T02:00:00.000Z,3.4,3,219.2,476.3,0.6815
 1973-01-08T03:00:00.000Z,3.4,3,219.2,-1.00E+31,-1.00E+31
 1973-01-08T04:00:00.000Z,3.4,3,219.2,-1.00E+31,-1.00E+31
 1973-01-08T05:00:00.000Z,3.4,3,219.2,467.6,0.5024
 1973-01-08T06:00:00.000Z,3.4,3,219.3,-1.00E+31,-1.00E+31
 1973-01-08T07:00:00.000Z,3.4,3,219.3,-1.00E+31,-1.00E+31
 1973-01-08T08:00:00.000Z,3.4,3,219.3,-1.00E+31,-1.00E+31
 1973-01-08T09:00:00.000Z,3.4,3,219.3,-1.00E+31,-1.00E+31
 1973-01-08T10:00:00.000Z,3.4,3,219.2,508.1,0.1765
 1973-01-08T11:00:00.000Z,3.4,3,219.2,-1.00E+31,-1.00E+31
 1973-01-08T12:00:00.000Z,3.4,3,219.2,-1.00E+31,-1.00E+31
 1973-01-08T13:00:00.000Z,3.4,3.1,219.3,-1.00E+31,-1.00E+31
 1973-01-08T14:00:00.000Z,3.4,3.1,219.3,-1.00E+31,-1.00E+31
 1973-01-08T15:00:00.000Z,3.4,3.1,219.3,-1.00E+31,-1.00E+31
 1973-01-08T16:00:00.000Z,3.4,3.1,219.3,501.1,0.2146
 1973-01-08T17:00:00.000Z,3.4,3.1,219.3,506.2,0.2348
 1973-01-08T18:00:00.000Z,3.4,3.1,219.3,498.3,0.2585
 1973-01-08T19:00:00.000Z,3.4,3.1,219.3,496.7,0.2284
 1973-01-08T20:00:00.000Z,3.41,3.1,219.3,489.2,0.2231
 1973-01-08T21:00:00.000Z,3.41,3.1,219.3,-1.00E+31,-1.00E+31
 1973-01-08T22:00:00.000Z,3.41,3.1,219.3,501,0.1997
 1973-01-08T23:00:00.000Z,3.41,3.1,219.3,486.2,0.1791
 1973-01-09T00:00:00.000Z,3.41,3.1,219.3,-1.00E+31,-1.00E+31
 1973-01-09T01:00:00.000Z,3.41,3.1,219.3,-1.00E+31,-1.00E+31
 1973-01-09T02:00:00.000Z,3.41,3.1,219.3,-1.00E+31,-1.00E+31
 1973-01-09T03:00:00.000Z,3.41,3.1,219.3,-1.00E+31,-1.00E+31
 1973-01-09T04:00:00.000Z,3.41,3.1,219.4,-1.00E+31,-1.00E+31
 1973-01-09T05:00:00.000Z,3.41,3.1,219.4,-1.00E+31,-1.00E+31
 1973-01-09T06:00:00.000Z,3.41,3.1,219.4,491.1,0.188
 1973-01-09T07:00:00.000Z,3.41,3.1,219.4,-1.00E+31,-1.00E+31
 1973-01-09T08:00:00.000Z,3.41,3.1,219.3,-1.00E+31,-1.00E+31
 1973-01-09T09:00:00.000Z,3.41,3.1,219.3,-1.00E+31,-1.00E+31
 1973-01-09T10:00:00.000Z,3.41,3.1,219.3,-1.00E+31,-1.00E+31
 1973-01-09T11:00:00.000Z,3.41,3.1,219.4,-1.00E+31,-1.00E+31
 1973-01-09T12:00:00.000Z,3.41,3.1,219.4,-1.00E+31,-1.00E+31
 1973-01-09T13:00:00.000Z,3.41,3.1,219.4,-1.00E+31,-1.00E+31
 1973-01-09T14:00:00.000Z,3.41,3.1,219.4,-1.00E+31,-1.00E+31
 1973-01-09T15:00:00.000Z,3.41,3.1,219.4,-1.00E+31,-1.00E+31
 1973-01-09T16:00:00.000Z,3.41,3.1,219.4,-1.00E+31,-1.00E+31
 1973-01-09T17:00:00.000Z,3.41,3.1,219.4,-1.00E+31,-1.00E+31
 1973-01-09T18:00:00.000Z,3.41,3.1,219.4,-1.00E+31,-1.00E+31
 1973-01-09T19:00:00.000Z,3.41,3.1,219.5,-1.00E+31,-1.00E+31
 1973-01-09T20:00:00.000Z,3.41,3.1,219.4,-1.00E+31,-1.00E+31
 1973-01-09T21:00:00.000Z,3.41,3.1,219.4,-1.00E+31,-1.00E+31
 1973-01-09T22:00:00.000Z,3.41,3.1,219.4,-1.00E+31,-1.00E+31
 1973-01-09T23:00:00.000Z,3.41,3.1,219.4,-1.00E+31,-1.00E+31
 1973-01-10T00:00:00.000Z,3.41,3.1,219.4,-1.00E+31,-1.00E+31
 1973-01-10T01:00:00.000Z,3.41,3.1,219.4,-1.00E+31,-1.00E+31
 1973-01-10T02:00:00.000Z,3.41,3.1,219.5,-1.00E+31,-1.00E+31
 1973-01-10T03:00:00.000Z,3.41,3.1,219.5,-1.00E+31,-1.00E+31
 1973-01-10T04:00:00.000Z,3.41,3.1,219.5,-1.00E+31,-1.00E+31
 1973-01-10T05:00:00.000Z,3.41,3.1,219.5,-1.00E+31,-1.00E+31
 1973-01-10T06:00:00.000Z,3.41,3.1,219.5,-1.00E+31,-1.00E+31
 1973-01-10T07:00:00.000Z,3.41,3.1,219.4,-1.00E+31,-1.00E+31
 1973-01-10T08:00:00.000Z,3.42,3.1,219.4,-1.00E+31,-1.00E+31
 1973-01-10T09:00:00.000Z,3.42,3.1,219.4,-1.00E+31,-1.00E+31
 1973-01-10T10:00:00.000Z,3.42,3.1,219.5,-1.00E+31,-1.00E+31
 1973-01-10T11:00:00.000Z,3.42,3.1,219.5,-1.00E+31,-1.00E+31
 1973-01-10T12:00:00.000Z,3.42,3.1,219.5,-1.00E+31,-1.00E+31
 1973-01-10T13:00:00.000Z,3.42,3.1,219.5,-1.00E+31,-1.00E+31
 1973-01-10T14:00:00.000Z,3.42,3.1,219.5,-1.00E+31,-1.00E+31
 1973-01-10T15:00:00.000Z,3.42,3.1,219.5,-1.00E+31,-1.00E+31
 1973-01-10T16:00:00.000Z,3.42,3.1,219.5,-1.00E+31,-1.00E+31
 1973-01-10T17:00:00.000Z,3.42,3.1,219.6,-1.00E+31,-1.00E+31
 1973-01-10T18:00:00.000Z,3.42,3.1,219.5,-1.00E+31,-1.00E+31
 1973-01-10T19:00:00.000Z,3.42,3.1,219.5,-1.00E+31,-1.00E+31
 1973-01-10T20:00:00.000Z,3.42,3.1,219.5,-1.00E+31,-1.00E+31
 1973-01-10T21:00:00.000Z,3.42,3.1,219.5,-1.00E+31,-1.00E+31
 1973-01-10T22:00:00.000Z,3.42,3.1,219.5,-1.00E+31,-1.00E+31
 1973-01-10T23:00:00.000Z,3.42,3.1,219.5,-1.00E+31,-1.00E+31
 1973-01-11T00:00:00.000Z,3.42,3.1,219.6,-1.00E+31,-1.00E+31
 1973-01-11T01:00:00.000Z,3.42,3.1,219.6,-1.00E+31,-1.00E+31
 1973-01-11T02:00:00.000Z,3.42,3.1,219.6,-1.00E+31,-1.00E+31
 1973-01-11T03:00:00.000Z,3.42,3.1,219.6,-1.00E+31,-1.00E+31
 1973-01-11T04:00:00.000Z,3.42,3.1,219.6,-1.00E+31,-1.00E+31
 1973-01-11T05:00:00.000Z,3.42,3.1,219.5,-1.00E+31,-1.00E+31
 1973-01-11T06:00:00.000Z,3.42,3.1,219.5,-1.00E+31,-1.00E+31
 1973-01-11T07:00:00.000Z,3.42,3.1,219.5,-1.00E+31,-1.00E+31
 1973-01-11T08:00:00.000Z,3.42,3.1,219.6,-1.00E+31,-1.00E+31
 1973-01-11T09:00:00.000Z,3.42,3.1,219.6,-1.00E+31,-1.00E+31
 1973-01-11T10:00:00.000Z,3.42,3.1,219.6,-1.00E+31,-1.00E+31
 1973-01-11T11:00:00.000Z,3.42,3.1,219.6,-1.00E+31,-1.00E+31
 1973-01-11T12:00:00.000Z,3.42,3.1,219.6,-1.00E+31,-1.00E+31
 1973-01-11T13:00:00.000Z,3.42,3.1,219.6,-1.00E+31,-1.00E+31
 1973-01-11T14:00:00.000Z,3.42,3.1,219.6,-1.00E+31,-1.00E+31
 1973-01-11T15:00:00.000Z,3.42,3.1,219.7,-1.00E+31,-1.00E+31
 1973-01-11T16:00:00.000Z,3.42,3.1,219.6,-1.00E+31,-1.00E+31
 1973-01-11T17:00:00.000Z,3.42,3.1,219.6,-1.00E+31,-1.00E+31
 1973-01-11T18:00:00.000Z,3.42,3.1,219.6,-1.00E+31,-1.00E+31
 1973-01-11T19:00:00.000Z,3.42,3.1,219.6,-1.00E+31,-1.00E+31
 1973-01-11T20:00:00.000Z,3.43,3.1,219.6,-1.00E+31,-1.00E+31
 1973-01-11T21:00:00.000Z,3.43,3.1,219.6,-1.00E+31,-1.00E+31
 1973-01-11T22:00:00.000Z,3.43,3.1,219.6,-1.00E+31,-1.00E+31
 1973-01-11T23:00:00.000Z,3.43,3.1,219.7,-1.00E+31,-1.00E+31
 1973-01-12T00:00:00.000Z,3.43,3.1,219.7,-1.00E+31,-1.00E+31
 1973-01-12T01:00:00.000Z,3.43,3.1,219.7,-1.00E+31,-1.00E+31
 1973-01-12T02:00:00.000Z,3.43,3.1,219.7,-1.00E+31,-1.00E+31
 1973-01-12T03:00:00.000Z,3.43,3.1,219.6,-1.00E+31,-1.00E+31
 1973-01-12T04:00:00.000Z,3.43,3.1,219.6,-1.00E+31,-1.00E+31
 1973-01-12T05:00:00.000Z,3.43,3.1,219.6,-1.00E+31,-1.00E+31
 1973-01-12T06:00:00.000Z,3.43,3.1,219.7,-1.00E+31,-1.00E+31
 1973-01-12T07:00:00.000Z,3.43,3.1,219.7,-1.00E+31,-1.00E+31
 1973-01-12T08:00:00.000Z,3.43,3.1,219.7,-1.00E+31,-1.00E+31
 1973-01-12T09:00:00.000Z,3.43,3.1,219.7,-1.00E+31,-1.00E+31
 1973-01-12T10:00:00.000Z,3.43,3.1,219.7,-1.00E+31,-1.00E+31
 1973-01-12T11:00:00.000Z,3.43,3.1,219.7,-1.00E+31,-1.00E+31
 1973-01-12T12:00:00.000Z,3.43,3.1,219.7,-1.00E+31,-1.00E+31
 1973-01-12T13:00:00.000Z,3.43,3.1,219.8,-1.00E+31,-1.00E+31
 1973-01-12T14:00:00.000Z,3.43,3.1,219.7,-1.00E+31,-1.00E+31
 1973-01-12T15:00:00.000Z,3.43,3.1,219.7,-1.00E+31,-1.00E+31
 1973-01-12T16:00:00.000Z,3.43,3.1,219.7,-1.00E+31,-1.00E+31
 1973-01-12T17:00:00.000Z,3.43,3.1,219.7,-1.00E+31,-1.00E+31
 1973-01-12T18:00:00.000Z,3.43,3.1,219.7,-1.00E+31,-1.00E+31
 1973-01-12T19:00:00.000Z,3.43,3.1,219.7,-1.00E+31,-1.00E+31
 1973-01-12T20:00:00.000Z,3.43,3.1,219.7,-1.00E+31,-1.00E+31
 1973-01-12T21:00:00.000Z,3.43,3.1,219.8,-1.00E+31,-1.00E+31
 1973-01-12T22:00:00.000Z,3.43,3.1,219.8,-1.00E+31,-1.00E+31
 1973-01-12T23:00:00.000Z,3.43,3.1,219.8,-1.00E+31,-1.00E+31
 1973-01-13T00:00:00.000Z,3.43,3.1,219.8,-1.00E+31,-1.00E+31
 1973-01-13T01:00:00.000Z,3.43,3.1,219.7,-1.00E+31,-1.00E+31
 1973-01-13T02:00:00.000Z,3.43,3.1,219.7,-1.00E+31,-1.00E+31
 1973-01-13T03:00:00.000Z,3.43,3.1,219.7,-1.00E+31,-1.00E+31
 1973-01-13T04:00:00.000Z,3.43,3.1,219.8,-1.00E+31,-1.00E+31
 1973-01-13T05:00:00.000Z,3.43,3.1,219.8,-1.00E+31,-1.00E+31
 1973-01-13T06:00:00.000Z,3.43,3.1,219.8,-1.00E+31,-1.00E+31
 1973-01-13T07:00:00.000Z,3.43,3.1,219.8,-1.00E+31,-1.00E+31
 1973-01-13T08:00:00.000Z,3.44,3.1,219.8,-1.00E+31,-1.00E+31
 1973-01-13T09:00:00.000Z,3.44,3.1,219.8,-1.00E+31,-1.00E+31
 1973-01-13T10:00:00.000Z,3.44,3.1,219.8,-1.00E+31,-1.00E+31
 1973-01-13T11:00:00.000Z,3.44,3.1,219.8,-1.00E+31,-1.00E+31
 1973-01-13T12:00:00.000Z,3.44,3.1,219.9,-1.00E+31,-1.00E+31
 1973-01-13T13:00:00.000Z,3.44,3.1,219.8,-1.00E+31,-1.00E+31
 1973-01-13T14:00:00.000Z,3.44,3.1,219.8,-1.00E+31,-1.00E+31
 1973-01-13T15:00:00.000Z,3.44,3.1,219.8,-1.00E+31,-1.00E+31
 1973-01-13T16:00:00.000Z,3.44,3.1,219.8,-1.00E+31,-1.00E+31
 1973-01-13T17:00:00.000Z,3.44,3.1,219.8,-1.00E+31,-1.00E+31
 1973-01-13T18:00:00.000Z,3.44,3.1,219.8,-1.00E+31,-1.00E+31
 1973-01-13T19:00:00.000Z,3.44,3.1,219.9,-1.00E+31,-1.00E+31
 1973-01-13T20:00:00.000Z,3.44,3.1,219.9,-1.00E+31,-1.00E+31
 1973-01-13T21:00:00.000Z,3.44,3.1,219.9,-1.00E+31,-1.00E+31
 1973-01-13T22:00:00.000Z,3.44,3.1,219.9,-1.00E+31,-1.00E+31
 1973-01-13T23:00:00.000Z,3.44,3.1,219.9,-1.00E+31,-1.00E+31
 1973-01-14T00:00:00.000Z,3.44,3.1,219.8,-1.00E+31,-1.00E+31
 1973-01-14T01:00:00.000Z,3.44,3.1,219.8,-1.00E+31,-1.00E+31
 1973-01-14T02:00:00.000Z,3.44,3.1,219.9,-1.00E+31,-1.00E+31
 1973-01-14T03:00:00.000Z,3.44,3.1,219.9,-1.00E+31,-1.00E+31
 1973-01-14T04:00:00.000Z,3.44,3.1,219.9,-1.00E+31,-1.00E+31
 1973-01-14T05:00:00.000Z,3.44,3.1,219.9,-1.00E+31,-1.00E+31
 1973-01-14T06:00:00.000Z,3.44,3.1,219.9,-1.00E+31,-1.00E+31
 1973-01-14T07:00:00.000Z,3.44,3.1,219.9,-1.00E+31,-1.00E+31
 1973-01-14T08:00:00.000Z,3.44,3.1,219.9,-1.00E+31,-1.00E+31
 1973-01-14T09:00:00.000Z,3.44,3.1,219.9,-1.00E+31,-1.00E+31
 1973-01-14T10:00:00.000Z,3.44,3.1,220,-1.00E+31,-1.00E+31
 1973-01-14T11:00:00.000Z,3.44,3.1,219.9,-1.00E+31,-1.00E+31
 1973-01-14T12:00:00.000Z,3.44,3.1,219.9,-1.00E+31,-1.00E+31
 1973-01-14T13:00:00.000Z,3.44,3.1,219.9,-1.00E+31,-1.00E+31
 1973-01-14T14:00:00.000Z,3.44,3.1,219.9,-1.00E+31,-1.00E+31
 1973-01-14T15:00:00.000Z,3.44,3.1,219.9,-1.00E+31,-1.00E+31
 1973-01-14T16:00:00.000Z,3.44,3.1,219.9,-1.00E+31,-1.00E+31
 1973-01-14T17:00:00.000Z,3.44,3.1,220,-1.00E+31,-1.00E+31
 1973-01-14T18:00:00.000Z,3.44,3.1,220,-1.00E+31,-1.00E+31
 1973-01-14T19:00:00.000Z,3.44,3.1,220,-1.00E+31,-1.00E+31
 1973-01-14T20:00:00.000Z,3.44,3.1,220,-1.00E+31,-1.00E+31
 1973-01-14T21:00:00.000Z,3.45,3.1,220,-1.00E+31,-1.00E+31
 1973-01-14T22:00:00.000Z,3.45,3.1,219.9,-1.00E+31,-1.00E+31
 1973-01-14T23:00:00.000Z,3.45,3.1,219.9,-1.00E+31,-1.00E+31
 1973-01-15T00:00:00.000Z,3.45,3.1,219.9,-1.00E+31,-1.00E+31
 1973-01-15T01:00:00.000Z,3.45,3.1,220,-1.00E+31,-1.00E+31
 1973-01-15T02:00:00.000Z,3.45,3.1,220,-1.00E+31,-1.00E+31
 1973-01-15T03:00:00.000Z,3.45,3.1,220,-1.00E+31,-1.00E+31
 1973-01-15T04:00:00.000Z,3.45,3.1,220,-1.00E+31,-1.00E+31
 1973-01-15T05:00:00.000Z,3.45,3.1,220,-1.00E+31,-1.00E+31
 1973-01-15T06:00:00.000Z,3.45,3.1,220,-1.00E+31,-1.00E+31
 1973-01-15T07:00:00.000Z,3.45,3.1,220,-1.00E+31,-1.00E+31
 1973-01-15T08:00:00.000Z,3.45,3.1,220.1,-1.00E+31,-1.00E+31
 1973-01-15T09:00:00.000Z,3.45,3.1,220,-1.00E+31,-1.00E+31
 1973-01-15T10:00:00.000Z,3.45,3.1,220,-1.00E+31,-1.00E+31
 1973-01-15T11:00:00.000Z,3.45,3.1,220,-1.00E+31,-1.00E+31
 1973-01-15T12:00:00.000Z,3.45,3.1,220,-1.00E+31,-1.00E+31
 1973-01-15T13:00:00.000Z,3.45,3.1,220,-1.00E+31,-1.00E+31
 1973-01-15T14:00:00.000Z,3.45,3.1,220,-1.00E+31,-1.00E+31
 1973-01-15T15:00:00.000Z,3.45,3.1,220,-1.00E+31,-1.00E+31
 1973-01-15T16:00:00.000Z,3.45,3.1,220.1,-1.00E+31,-1.00E+31
 1973-01-15T17:00:00.000Z,3.45,3.1,220.1,-1.00E+31,-1.00E+31
 1973-01-15T18:00:00.000Z,3.45,3.1,220.1,-1.00E+31,-1.00E+31
 1973-01-15T19:00:00.000Z,3.45,3.1,220.1,-1.00E+31,-1.00E+31
 1973-01-15T20:00:00.000Z,3.45,3.1,220,-1.00E+31,-1.00E+31
 1973-01-15T21:00:00.000Z,3.45,3.1,220,-1.00E+31,-1.00E+31
 1973-01-15T22:00:00.000Z,3.45,3.1,220,-1.00E+31,-1.00E+31
 1973-01-15T23:00:00.000Z,3.45,3.1,220.1,-1.00E+31,-1.00E+31
 1973-01-16T00:00:00.000Z,3.45,3.1,220.1,-1.00E+31,-1.00E+31
 1973-01-16T01:00:00.000Z,3.45,3.1,220.1,-1.00E+31,-1.00E+31
 1973-01-16T02:00:00.000Z,3.45,3.2,220.1,-1.00E+31,-1.00E+31
 1973-01-16T03:00:00.000Z,3.45,3.2,220.1,-1.00E+31,-1.00E+31
 1973-01-16T04:00:00.000Z,3.45,3.2,220.1,-1.00E+31,-1.00E+31
 1973-01-16T05:00:00.000Z,3.45,3.2,220.1,-1.00E+31,-1.00E+31
 1973-01-16T06:00:00.000Z,3.45,3.2,220.2,-1.00E+31,-1.00E+31
 1973-01-16T07:00:00.000Z,3.45,3.2,220.1,-1.00E+31,-1.00E+31
 1973-01-16T08:00:00.000Z,3.45,3.2,220.1,-1.00E+31,-1.00E+31
 1973-01-16T09:00:00.000Z,3.46,3.2,220.1,-1.00E+31,-1.00E+31
 1973-01-16T10:00:00.000Z,3.46,3.2,220.1,-1.00E+31,-1.00E+31
 1973-01-16T11:00:00.000Z,3.46,3.2,220.1,-1.00E+31,-1.00E+31
 1973-01-16T12:00:00.000Z,3.46,3.2,220.1,-1.00E+31,-1.00E+31
 1973-01-16T13:00:00.000Z,3.46,3.2,220.1,-1.00E+31,-1.00E+31
 1973-01-16T14:00:00.000Z,3.46,3.2,220.2,-1.00E+31,-1.00E+31
 1973-01-16T15:00:00.000Z,3.46,3.2,220.2,-1.00E+31,-1.00E+31
 1973-01-16T16:00:00.000Z,3.46,3.2,220.2,-1.00E+31,-1.00E+31
 1973-01-16T17:00:00.000Z,3.46,3.2,220.2,-1.00E+31,-1.00E+31
 1973-01-16T18:00:00.000Z,3.46,3.2,220.2,-1.00E+31,-1.00E+31
 1973-01-16T19:00:00.000Z,3.46,3.2,220.1,-1.00E+31,-1.00E+31
 1973-01-16T20:00:00.000Z,3.46,3.2,220.1,-1.00E+31,-1.00E+31
 1973-01-16T21:00:00.000Z,3.46,3.2,220.2,-1.00E+31,-1.00E+31
 1973-01-16T22:00:00.000Z,3.46,3.2,220.2,-1.00E+31,-1.00E+31
 1973-01-16T23:00:00.000Z,3.46,3.2,220.2,-1.00E+31,-1.00E+31
 1973-01-17T00:00:00.000Z,3.46,3.2,220.2,-1.00E+31,-1.00E+31
 1973-01-17T01:00:00.000Z,3.46,3.2,220.2,-1.00E+31,-1.00E+31
 1973-01-17T02:00:00.000Z,3.46,3.2,220.2,-1.00E+31,-1.00E+31
 1973-01-17T03:00:00.000Z,3.46,3.2,220.2,-1.00E+31,-1.00E+31
 1973-01-17T04:00:00.000Z,3.46,3.2,220.2,-1.00E+31,-1.00E+31
 1973-01-17T05:00:00.000Z,3.46,3.2,220.3,-1.00E+31,-1.00E+31
 1973-01-17T06:00:00.000Z,3.46,3.2,220.2,-1.00E+31,-1.00E+31
 1973-01-17T07:00:00.000Z,3.46,3.2,220.2,-1.00E+31,-1.00E+31
 1973-01-17T08:00:00.000Z,3.46,3.2,220.2,-1.00E+31,-1.00E+31
 1973-01-17T09:00:00.000Z,3.46,3.2,220.2,-1.00E+31,-1.00E+31
 1973-01-17T10:00:00.000Z,3.46,3.2,220.2,-1.00E+31,-1.00E+31
 1973-01-17T11:00:00.000Z,3.46,3.2,220.2,-1.00E+31,-1.00E+31
 1973-01-17T12:00:00.000Z,3.46,3.2,220.3,-1.00E+31,-1.00E+31
 1973-01-17T13:00:00.000Z,3.46,3.2,220.3,-1.00E+31,-1.00E+31
 1973-01-17T14:00:00.000Z,3.46,3.2,220.3,-1.00E+31,-1.00E+31
 1973-01-17T15:00:00.000Z,3.46,3.2,220.3,-1.00E+31,-1.00E+31
 1973-01-17T16:00:00.000Z,3.46,3.2,220.3,-1.00E+31,-1.00E+31
 1973-01-17T17:00:00.000Z,3.46,3.2,220.2,-1.00E+31,-1.00E+31
 1973-01-17T18:00:00.000Z,3.46,3.2,220.2,-1.00E+31,-1.00E+31
 1973-01-17T19:00:00.000Z,3.46,3.2,220.2,-1.00E+31,-1.00E+31
 1973-01-17T20:00:00.000Z,3.46,3.2,220.3,-1.00E+31,-1.00E+31
 1973-01-17T21:00:00.000Z,3.46,3.2,220.3,-1.00E+31,-1.00E+31
 1973-01-17T22:00:00.000Z,3.47,3.2,220.3,-1.00E+31,-1.00E+31
 1973-01-17T23:00:00.000Z,3.47,3.2,220.3,-1.00E+31,-1.00E+31
 1973-01-18T00:00:00.000Z,3.47,3.2,220.3,-1.00E+31,-1.00E+31
 1973-01-18T01:00:00.000Z,3.47,3.2,220.3,-1.00E+31,-1.00E+31
 1973-01-18T02:00:00.000Z,3.47,3.2,220.3,-1.00E+31,-1.00E+31
 1973-01-18T03:00:00.000Z,3.47,3.2,220.4,-1.00E+31,-1.00E+31
 1973-01-18T04:00:00.000Z,3.47,3.2,220.3,-1.00E+31,-1.00E+31
 1973-01-18T05:00:00.000Z,3.47,3.2,220.3,-1.00E+31,-1.00E+31
 1973-01-18T06:00:00.000Z,3.47,3.2,220.3,-1.00E+31,-1.00E+31
 1973-01-18T07:00:00.000Z,3.47,3.2,220.3,-1.00E+31,-1.00E+31
 1973-01-18T08:00:00.000Z,3.47,3.2,220.3,-1.00E+31,-1.00E+31
 1973-01-18T09:00:00.000Z,3.47,3.2,220.3,-1.00E+31,-1.00E+31
 1973-01-18T10:00:00.000Z,3.47,3.2,220.3,-1.00E+31,-1.00E+31
 1973-01-18T11:00:00.000Z,3.47,3.2,220.4,-1.00E+31,-1.00E+31
 1973-01-18T12:00:00.000Z,3.47,3.2,220.4,-1.00E+31,-1.00E+31
 1973-01-18T13:00:00.000Z,3.47,3.2,220.4,-1.00E+31,-1.00E+31
 1973-01-18T14:00:00.000Z,3.47,3.2,220.4,-1.00E+31,-1.00E+31
 1973-01-18T15:00:00.000Z,3.47,3.2,220.3,-1.00E+31,-1.00E+31
 1973-01-18T16:00:00.000Z,3.47,3.2,220.3,-1.00E+31,-1.00E+31
 1973-01-18T17:00:00.000Z,3.47,3.2,220.3,-1.00E+31,-1.00E+31
 1973-01-18T18:00:00.000Z,3.47,3.2,220.4,-1.00E+31,-1.00E+31
 1973-01-18T19:00:00.000Z,3.47,3.2,220.4,-1.00E+31,-1.00E+31
 1973-01-18T20:00:00.000Z,3.47,3.2,220.4,-1.00E+31,-1.00E+31
 1973-01-18T21:00:00.000Z,3.47,3.2,220.4,-1.00E+31,-1.00E+31
 1973-01-18T22:00:00.000Z,3.47,3.2,220.4,-1.00E+31,-1.00E+31
 1973-01-18T23:00:00.000Z,3.47,3.2,220.4,-1.00E+31,-1.00E+31
 1973-01-19T00:00:00.000Z,3.47,3.2,220.4,-1.00E+31,-1.00E+31
 1973-01-19T01:00:00.000Z,3.47,3.2,220.5,-1.00E+31,-1.00E+31
 1973-01-19T02:00:00.000Z,3.47,3.2,220.4,-1.00E+31,-1.00E+31
 1973-01-19T03:00:00.000Z,3.47,3.2,220.4,-1.00E+31,-1.00E+31
 1973-01-19T04:00:00.000Z,3.47,3.2,220.4,-1.00E+31,-1.00E+31
 1973-01-19T05:00:00.000Z,3.47,3.2,220.4,-1.00E+31,-1.00E+31
 1973-01-19T06:00:00.000Z,3.47,3.2,220.4,-1.00E+31,-1.00E+31
 1973-01-19T07:00:00.000Z,3.47,3.2,220.4,-1.00E+31,-1.00E+31
 1973-01-19T08:00:00.000Z,3.47,3.2,220.4,-1.00E+31,-1.00E+31
 1973-01-19T09:00:00.000Z,3.47,3.2,220.5,-1.00E+31,-1.00E+31
 1973-01-19T10:00:00.000Z,3.47,3.2,220.5,-1.00E+31,-1.00E+31
 1973-01-19T11:00:00.000Z,3.48,3.2,220.5,-1.00E+31,-1.00E+31
 1973-01-19T12:00:00.000Z,3.48,3.2,220.5,-1.00E+31,-1.00E+31
 1973-01-19T13:00:00.000Z,3.48,3.2,220.4,-1.00E+31,-1.00E+31
 1973-01-19T14:00:00.000Z,3.48,3.2,220.4,-1.00E+31,-1.00E+31
 1973-01-19T15:00:00.000Z,3.48,3.2,220.4,-1.00E+31,-1.00E+31
 1973-01-19T16:00:00.000Z,3.48,3.2,220.5,-1.00E+31,-1.00E+31
 1973-01-19T17:00:00.000Z,3.48,3.2,220.5,-1.00E+31,-1.00E+31
 1973-01-19T18:00:00.000Z,3.48,3.2,220.5,-1.00E+31,-1.00E+31
 1973-01-19T19:00:00.000Z,3.48,3.2,220.5,-1.00E+31,-1.00E+31
 1973-01-19T20:00:00.000Z,3.48,3.2,220.5,-1.00E+31,-1.00E+31
 1973-01-19T21:00:00.000Z,3.48,3.2,220.5,-1.00E+31,-1.00E+31
 1973-01-19T22:00:00.000Z,3.48,3.2,220.5,-1.00E+31,-1.00E+31
 1973-01-19T23:00:00.000Z,3.48,3.2,220.5,-1.00E+31,-1.00E+31
 1973-01-20T00:00:00.000Z,3.48,3.2,220.5,-1.00E+31,-1.00E+31
 1973-01-20T01:00:00.000Z,3.48,3.2,220.5,-1.00E+31,-1.00E+31
 1973-01-20T02:00:00.000Z,3.48,3.2,220.5,-1.00E+31,-1.00E+31
 1973-01-20T03:00:00.000Z,3.48,3.2,220.5,-1.00E+31,-1.00E+31
 1973-01-20T04:00:00.000Z,3.48,3.2,220.5,-1.00E+31,-1.00E+31
 1973-01-20T05:00:00.000Z,3.48,3.2,220.5,-1.00E+31,-1.00E+31
 1973-01-20T06:00:00.000Z,3.48,3.2,220.5,-1.00E+31,-1.00E+31
 1973-01-20T07:00:00.000Z,3.48,3.2,220.6,-1.00E+31,-1.00E+31
 1973-01-20T08:00:00.000Z,3.48,3.2,220.6,-1.00E+31,-1.00E+31
 1973-01-20T09:00:00.000Z,3.48,3.2,220.6,-1.00E+31,-1.00E+31
 1973-01-20T10:00:00.000Z,3.48,3.2,220.6,-1.00E+31,-1.00E+31
 1973-01-20T11:00:00.000Z,3.48,3.2,220.6,-1.00E+31,-1.00E+31
 1973-01-20T12:00:00.000Z,3.48,3.2,220.5,-1.00E+31,-1.00E+31
 1973-01-20T13:00:00.000Z,3.48,3.2,220.5,-1.00E+31,-1.00E+31
 1973-01-20T14:00:00.000Z,3.48,3.2,220.5,-1.00E+31,-1.00E+31
 1973-01-20T15:00:00.000Z,3.48,3.2,220.6,-1.00E+31,-1.00E+31
 1973-01-20T16:00:00.000Z,3.48,3.2,220.6,-1.00E+31,-1.00E+31
 1973-01-20T17:00:00.000Z,3.48,3.2,220.6,-1.00E+31,-1.00E+31
 1973-01-20T18:00:00.000Z,3.48,3.2,220.6,-1.00E+31,-1.00E+31
 1973-01-20T19:00:00.000Z,3.48,3.2,220.6,-1.00E+31,-1.00E+31
 1973-01-20T20:00:00.000Z,3.48,3.2,220.6,-1.00E+31,-1.00E+31
 1973-01-20T21:00:00.000Z,3.48,3.2,220.6,-1.00E+31,-1.00E+31
 1973-01-20T22:00:00.000Z,3.48,3.2,220.7,-1.00E+31,-1.00E+31
 1973-01-20T23:00:00.000Z,3.48,3.2,220.6,-1.00E+31,-1.00E+31
 1973-01-21T00:00:00.000Z,3.49,3.2,220.6,-1.00E+31,-1.00E+31
 1973-01-21T01:00:00.000Z,3.49,3.2,220.6,-1.00E+31,-1.00E+31
 1973-01-21T02:00:00.000Z,3.49,3.2,220.6,-1.00E+31,-1.00E+31
 1973-01-21T03:00:00.000Z,3.49,3.2,220.6,-1.00E+31,-1.00E+31
 1973-01-21T04:00:00.000Z,3.49,3.2,220.6,-1.00E+31,-1.00E+31
 1973-01-21T05:00:00.000Z,3.49,3.2,220.6,-1.00E+31,-1.00E+31
 1973-01-21T06:00:00.000Z,3.49,3.2,220.7,-1.00E+31,-1.00E+31
 1973-01-21T07:00:00.000Z,3.49,3.2,220.7,-1.00E+31,-1.00E+31
 1973-01-21T08:00:00.000Z,3.49,3.2,220.7,-1.00E+31,-1.00E+31
 1973-01-21T09:00:00.000Z,3.49,3.2,220.7,345.6,0.601
 1973-01-21T10:00:00.000Z,3.49,3.2,220.6,346.8,0.5533
 1973-01-21T11:00:00.000Z,3.49,3.2,220.6,349.4,0.4053
 1973-01-21T12:00:00.000Z,3.49,3.2,220.6,-1.00E+31,-1.00E+31
 1973-01-21T13:00:00.000Z,3.49,3.2,220.7,-1.00E+31,-1.00E+31
 1973-01-21T14:00:00.000Z,3.49,3.2,220.7,362.1,0.9642
 1973-01-21T15:00:00.000Z,3.49,3.2,220.7,-1.00E+31,-1.00E+31
 1973-01-21T16:00:00.000Z,3.49,3.2,220.7,-1.00E+31,-1.00E+31
 1973-01-21T17:00:00.000Z,3.49,3.2,220.7,-1.00E+31,-1.00E+31
 1973-01-21T18:00:00.000Z,3.49,3.2,220.7,-1.00E+31,-1.00E+31
 1973-01-21T19:00:00.000Z,3.49,3.2,220.7,367.3,0.873
 1973-01-21T20:00:00.000Z,3.49,3.2,220.7,-1.00E+31,-1.00E+31
 1973-01-21T21:00:00.000Z,3.49,3.2,220.7,366.6,0.9807
 1973-01-21T22:00:00.000Z,3.49,3.2,220.7,-1.00E+31,-1.00E+31
 1973-01-21T23:00:00.000Z,3.49,3.2,220.7,368.1,1.1013
 1973-01-22T00:00:00.000Z,3.49,3.2,220.7,-1.00E+31,-1.00E+31
 1973-01-22T01:00:00.000Z,3.49,3.2,220.7,-1.00E+31,-1.00E+31
 1973-01-22T02:00:00.000Z,3.49,3.2,220.7,-1.00E+31,-1.00E+31
 1973-01-22T03:00:00.000Z,3.49,3.2,220.7,375.7,0.7109
 1973-01-22T04:00:00.000Z,3.49,3.2,220.8,381.8,0.7543
 1973-01-22T05:00:00.000Z,3.49,3.2,220.8,382.1,1.4142
 1973-01-22T06:00:00.000Z,3.49,3.2,220.8,-1.00E+31,-1.00E+31
 1973-01-22T07:00:00.000Z,3.49,3.2,220.8,-1.00E+31,-1.00E+31
 1973-01-22T08:00:00.000Z,3.49,3.2,220.7,-1.00E+31,-1.00E+31
 1973-01-22T09:00:00.000Z,3.49,3.2,220.7,396.6,0.7711
 1973-01-22T10:00:00.000Z,3.49,3.2,220.7,-1.00E+31,-1.00E+31
 1973-01-22T11:00:00.000Z,3.49,3.2,220.7,412.8,0.8566
 1973-01-22T12:00:00.000Z,3.49,3.2,220.8,-1.00E+31,-1.00E+31
 1973-01-22T13:00:00.000Z,3.5,3.2,220.8,-1.00E+31,-1.00E+31
 1973-01-22T14:00:00.000Z,3.5,3.2,220.8,-1.00E+31,-1.00E+31
 1973-01-22T15:00:00.000Z,3.5,3.2,220.8,401.3,0.9391
 1973-01-22T16:00:00.000Z,3.5,3.2,220.8,-1.00E+31,-1.00E+31
 1973-01-22T17:00:00.000Z,3.5,3.2,220.8,-1.00E+31,-1.00E+31
 1973-01-22T18:00:00.000Z,3.5,3.2,220.8,-1.00E+31,-1.00E+31
 1973-01-22T19:00:00.000Z,3.5,3.2,220.8,-1.00E+31,-1.00E+31
 1973-01-22T20:00:00.000Z,3.5,3.2,220.8,-1.00E+31,-1.00E+31
 1973-01-22T21:00:00.000Z,3.5,3.2,220.8,-1.00E+31,-1.00E+31
 1973-01-22T22:00:00.000Z,3.5,3.2,220.8,-1.00E+31,-1.00E+31
 1973-01-22T23:00:00.000Z,3.5,3.2,220.8,-1.00E+31,-1.00E+31
 1973-01-23T00:00:00.000Z,3.5,3.2,220.8,-1.00E+31,-1.00E+31
 1973-01-23T01:00:00.000Z,3.5,3.2,220.8,407.3,0.9036
 1973-01-23T02:00:00.000Z,3.5,3.2,220.8,406.2,0.8747
 1973-01-23T03:00:00.000Z,3.5,3.2,220.9,408.3,0.9171
 1973-01-23T04:00:00.000Z,3.5,3.2,220.9,403,0.8309
 1973-01-23T05:00:00.000Z,3.5,3.2,220.9,-1.00E+31,-1.00E+31
 1973-01-23T06:00:00.000Z,3.5,3.2,220.8,-1.00E+31,-1.00E+31
 1973-01-23T07:00:00.000Z,3.5,3.2,220.8,-1.00E+31,-1.00E+31
 1973-01-23T08:00:00.000Z,3.5,3.2,220.8,-1.00E+31,-1.00E+31
 1973-01-23T09:00:00.000Z,3.5,3.2,220.8,-1.00E+31,-1.00E+31
 1973-01-23T10:00:00.000Z,3.5,3.2,220.9,-1.00E+31,-1.00E+31
 1973-01-23T11:00:00.000Z,3.5,3.2,220.9,-1.00E+31,-1.00E+31
 1973-01-23T12:00:00.000Z,3.5,3.2,220.9,-1.00E+31,-1.00E+31
 1973-01-23T13:00:00.000Z,3.5,3.2,220.9,-1.00E+31,-1.00E+31
 1973-01-23T14:00:00.000Z,3.5,3.2,220.9,-1.00E+31,-1.00E+31
 1973-01-23T15:00:00.000Z,3.5,3.2,220.9,-1.00E+31,-1.00E+31
 1973-01-23T16:00:00.000Z,3.5,3.2,220.9,-1.00E+31,-1.00E+31
 1973-01-23T17:00:00.000Z,3.5,3.2,220.9,398.5,0.5625
 1973-01-23T18:00:00.000Z,3.5,3.2,220.9,-1.00E+31,-1.00E+31
 1973-01-23T19:00:00.000Z,3.5,3.2,220.9,396.7,0.5052
 1973-01-23T20:00:00.000Z,3.5,3.2,220.9,-1.00E+31,-1.00E+31
 1973-01-23T21:00:00.000Z,3.5,3.3,220.9,-1.00E+31,-1.00E+31
 1973-01-23T22:00:00.000Z,3.5,3.3,220.9,399.6,0.7904
 1973-01-23T23:00:00.000Z,3.5,3.3,220.9,409.8,0.5784
 1973-01-24T00:00:00.000Z,3.5,3.3,220.9,404.1,0.6666
 1973-01-24T01:00:00.000Z,3.5,3.3,221,410.9,0.7088
 1973-01-24T02:00:00.000Z,3.51,3.3,221,399.9,0.6325
 1973-01-24T03:00:00.000Z,3.51,3.3,221,406.9,0.5244
 1973-01-24T04:00:00.000Z,3.51,3.3,221,419.6,0.5435
 1973-01-24T05:00:00.000Z,3.51,3.3,220.9,406.1,0.57
 1973-01-24T06:00:00.000Z,3.51,3.3,220.9,-1.00E+31,-1.00E+31
 1973-01-24T07:00:00.000Z,3.51,3.3,220.9,408.6,0.5231
 1973-01-24T08:00:00.000Z,3.51,3.3,220.9,-1.00E+31,-1.00E+31
 1973-01-24T09:00:00.000Z,3.51,3.3,221,-1.00E+31,-1.00E+31
 1973-01-24T10:00:00.000Z,3.51,3.3,221,404.9,0.5147
 1973-01-24T11:00:00.000Z,3.51,3.3,221,405,0.4712
 1973-01-24T12:00:00.000Z,3.51,3.3,221,404.1,0.5064
 1973-01-24T13:00:00.000Z,3.51,3.3,221,401.5,0.5891
 1973-01-24T14:00:00.000Z,3.51,3.3,221,-1.00E+31,-1.00E+31
 1973-01-24T15:00:00.000Z,3.51,3.3,221,404.9,0.4735
 1973-01-24T16:00:00.000Z,3.51,3.3,221,-1.00E+31,-1.00E+31
 1973-01-24T17:00:00.000Z,3.51,3.3,221,-1.00E+31,-1.00E+31
 1973-01-24T18:00:00.000Z,3.51,3.3,221,-1.00E+31,-1.00E+31
 1973-01-24T19:00:00.000Z,3.51,3.3,221,-1.00E+31,-1.00E+31
 1973-01-24T20:00:00.000Z,3.51,3.3,221,-1.00E+31,-1.00E+31
 1973-01-24T21:00:00.000Z,3.51,3.3,221,413.4,0.4631
 1973-01-24T22:00:00.000Z,3.51,3.3,221,416,0.4947
 1973-01-24T23:00:00.000Z,3.51,3.3,221,419.7,0.4798
 1973-01-25T00:00:00.000Z,3.51,3.3,221.1,417.3,0.4901
 1973-01-25T01:00:00.000Z,3.51,3.3,221.1,420.7,0.5619
 1973-01-25T02:00:00.000Z,3.51,3.3,221.1,422.1,0.5096
 1973-01-25T03:00:00.000Z,3.51,3.3,221,413.5,0.2877
 1973-01-25T04:00:00.000Z,3.51,3.3,221,415.9,0.3589
 1973-01-25T05:00:00.000Z,3.51,3.3,221,415.2,0.2925
 1973-01-25T06:00:00.000Z,3.51,3.3,221,425.2,0.2829
 1973-01-25T07:00:00.000Z,3.51,3.3,221.1,422.9,0.3457
 1973-01-25T08:00:00.000Z,3.51,3.3,221.1,415.6,0.2634
 1973-01-25T09:00:00.000Z,3.51,3.3,221.1,417.2,0.2993
 1973-01-25T10:00:00.000Z,3.51,3.3,221.1,-1.00E+31,-1.00E+31
 1973-01-25T11:00:00.000Z,3.51,3.3,221.1,-1.00E+31,-1.00E+31
 1973-01-25T12:00:00.000Z,3.51,3.3,221.1,420.6,0.6612
 1973-01-25T13:00:00.000Z,3.51,3.3,221.1,-1.00E+31,-1.00E+31
 1973-01-25T14:00:00.000Z,3.51,3.3,221,420.2,0.3463
 1973-01-25T15:00:00.000Z,3.52,3.3,221.1,-1.00E+31,-1.00E+31
 1973-01-25T16:00:00.000Z,3.52,3.3,221.1,417.5,0.3396
 1973-01-25T17:00:00.000Z,3.52,3.3,221.1,417.1,0.2836
 1973-01-25T18:00:00.000Z,3.52,3.3,221.1,411.9,0.2891
 1973-01-25T19:00:00.000Z,3.52,3.3,221.1,-1.00E+31,-1.00E+31
 1973-01-25T20:00:00.000Z,3.52,3.3,221.1,408.8,0.4111
 1973-01-25T21:00:00.000Z,3.52,3.3,221.1,408.5,0.4223
 1973-01-25T22:00:00.000Z,3.52,3.3,221.2,408.5,0.4778
 1973-01-25T23:00:00.000Z,3.52,3.3,221.2,407.1,0.3844
 1973-01-26T00:00:00.000Z,3.52,3.3,221.2,406.6,0.3257
 1973-01-26T01:00:00.000Z,3.52,3.3,221.1,406.1,0.3227
 1973-01-26T02:00:00.000Z,3.52,3.3,221.1,-1.00E+31,-1.00E+31
 1973-01-26T03:00:00.000Z,3.52,3.3,221.1,402.1,0.2837
 1973-01-26T04:00:00.000Z,3.52,3.3,221.1,404.3,0.3262
 1973-01-26T05:00:00.000Z,3.52,3.3,221.1,403.6,0.3052
 1973-01-26T06:00:00.000Z,3.52,3.3,221.2,397.8,0.3598
 1973-01-26T07:00:00.000Z,3.52,3.3,221.2,-1.00E+31,-1.00E+31
 1973-01-26T08:00:00.000Z,3.52,3.3,221.2,394.3,0.3229
 1973-01-26T09:00:00.000Z,3.52,3.3,221.2,393.5,0.3318
 1973-01-26T10:00:00.000Z,3.52,3.3,221.2,393.1,0.2654
 1973-01-26T11:00:00.000Z,3.52,3.3,221.2,392.6,0.2903
 1973-01-26T12:00:00.000Z,3.52,3.3,221.1,392.2,0.2652
 1973-01-26T13:00:00.000Z,3.52,3.3,221.2,390.5,0.318
 1973-01-26T14:00:00.000Z,3.52,3.3,221.2,-1.00E+31,-1.00E+31
 1973-01-26T15:00:00.000Z,3.52,3.3,221.2,-1.00E+31,-1.00E+31
 1973-01-26T16:00:00.000Z,3.52,3.3,221.2,-1.00E+31,-1.00E+31
 1973-01-26T17:00:00.000Z,3.52,3.3,221.2,-1.00E+31,-1.00E+31
 1973-01-26T18:00:00.000Z,3.52,3.3,221.2,-1.00E+31,-1.00E+31
 1973-01-26T19:00:00.000Z,3.52,3.3,221.2,-1.00E+31,-1.00E+31
 1973-01-26T20:00:00.000Z,3.52,3.3,221.2,-1.00E+31,-1.00E+31
 1973-01-26T21:00:00.000Z,3.52,3.3,221.3,-1.00E+31,-1.00E+31
 1973-01-26T22:00:00.000Z,3.52,3.3,221.3,-1.00E+31,-1.00E+31
 1973-01-26T23:00:00.000Z,3.52,3.3,221.2,-1.00E+31,-1.00E+31
 1973-01-27T00:00:00.000Z,3.52,3.3,221.2,-1.00E+31,-1.00E+31
 1973-01-27T01:00:00.000Z,3.52,3.3,221.2,377.1,0.5542
 1973-01-27T02:00:00.000Z,3.52,3.3,221.2,376.2,0.5932
 1973-01-27T03:00:00.000Z,3.52,3.3,221.2,-1.00E+31,-1.00E+31
 1973-01-27T04:00:00.000Z,3.53,3.3,221.2,375.2,0.5752
 1973-01-27T05:00:00.000Z,3.53,3.3,221.3,374.3,0.5329
 1973-01-27T06:00:00.000Z,3.53,3.3,221.3,-1.00E+31,-1.00E+31
 1973-01-27T07:00:00.000Z,3.53,3.3,221.3,-1.00E+31,-1.00E+31
 1973-01-27T08:00:00.000Z,3.53,3.3,221.3,365.8,0.1259
 1973-01-27T09:00:00.000Z,3.53,3.3,221.3,364.3,0.2289
 1973-01-27T10:00:00.000Z,3.53,3.3,221.3,369.9,0.26
 1973-01-27T11:00:00.000Z,3.53,3.3,221.2,362,0.2652
 1973-01-27T12:00:00.000Z,3.53,3.3,221.3,355.9,0.2528
 1973-01-27T13:00:00.000Z,3.53,3.3,221.3,365.5,0.1768
 1973-01-27T14:00:00.000Z,3.53,3.3,221.3,381.2,0.1494
 1973-01-27T15:00:00.000Z,3.53,3.3,221.3,370.9,0.2327
 1973-01-27T16:00:00.000Z,3.53,3.3,221.3,377.5,0.2056
 1973-01-27T17:00:00.000Z,3.53,3.3,221.3,362.8,0.2921
 1973-01-27T18:00:00.000Z,3.53,3.3,221.3,363.8,0.2202
 1973-01-27T19:00:00.000Z,3.53,3.3,221.3,365.9,0.2189
 1973-01-27T20:00:00.000Z,3.53,3.3,221.4,351,0.2284
 1973-01-27T21:00:00.000Z,3.53,3.3,221.4,373.5,0.2161
 1973-01-27T22:00:00.000Z,3.53,3.3,221.3,375.3,0.2469
 1973-01-27T23:00:00.000Z,3.53,3.3,221.3,370.3,0.2319
 1973-01-28T00:00:00.000Z,3.53,3.3,221.3,371.4,0.2324
 1973-01-28T01:00:00.000Z,3.53,3.3,221.3,366.6,0.3162
 1973-01-28T02:00:00.000Z,3.53,3.3,221.3,360.7,0.2942
 1973-01-28T03:00:00.000Z,3.53,3.3,221.4,361.4,0.2396
 1973-01-28T04:00:00.000Z,3.53,3.3,221.4,356.5,0.3042
 1973-01-28T05:00:00.000Z,3.53,3.3,221.4,356.4,0.3619
 1973-01-28T06:00:00.000Z,3.53,3.3,221.4,356.6,0.3348
 1973-01-28T07:00:00.000Z,3.53,3.3,221.4,356.9,0.3225
 1973-01-28T08:00:00.000Z,3.53,3.3,221.4,-1.00E+31,-1.00E+31
 1973-01-28T09:00:00.000Z,3.53,3.3,221.3,357.7,0.2242
 1973-01-28T10:00:00.000Z,3.53,3.3,221.3,357.2,0.2573
 1973-01-28T11:00:00.000Z,3.53,3.3,221.4,-1.00E+31,-1.00E+31
 1973-01-28T12:00:00.000Z,3.53,3.3,221.4,342.5,0.4124
 1973-01-28T13:00:00.000Z,3.53,3.3,221.4,345.3,0.2909
 1973-01-28T14:00:00.000Z,3.53,3.3,221.4,343.4,0.2998
 1973-01-28T15:00:00.000Z,3.53,3.3,221.4,343.6,0.3178
 1973-01-28T16:00:00.000Z,3.53,3.3,221.4,338.4,0.4159
 1973-01-28T17:00:00.000Z,3.53,3.3,221.4,-1.00E+31,-1.00E+31
 1973-01-28T18:00:00.000Z,3.54,3.3,221.5,-1.00E+31,-1.00E+31
 1973-01-28T19:00:00.000Z,3.54,3.3,221.5,335.5,0.3235
 1973-01-28T20:00:00.000Z,3.54,3.3,221.4,337.3,0.3624
 1973-01-28T21:00:00.000Z,3.54,3.3,221.4,340.2,0.363
 1973-01-28T22:00:00.000Z,3.54,3.3,221.4,337.8,0.4031
 1973-01-28T23:00:00.000Z,3.54,3.3,221.4,338.3,0.3669
 1973-01-29T00:00:00.000Z,3.54,3.3,221.4,336.4,0.453
 1973-01-29T01:00:00.000Z,3.54,3.3,221.4,337.7,0.4193
 1973-01-29T02:00:00.000Z,3.54,3.3,221.5,338.5,0.2487
 1973-01-29T03:00:00.000Z,3.54,3.3,221.5,340.4,0.3529
 1973-01-29T04:00:00.000Z,3.54,3.3,221.5,337.4,0.4883
 1973-01-29T05:00:00.000Z,3.54,3.3,221.5,-1.00E+31,-1.00E+31
 1973-01-29T06:00:00.000Z,3.54,3.3,221.5,342.5,0.6563
 1973-01-29T07:00:00.000Z,3.54,3.3,221.4,342.5,0.5888
 1973-01-29T08:00:00.000Z,3.54,3.3,221.4,339,0.5841
 1973-01-29T09:00:00.000Z,3.54,3.3,221.5,346.1,0.6963
 1973-01-29T10:00:00.000Z,3.54,3.3,221.5,345.2,0.7325
 1973-01-29T11:00:00.000Z,3.54,3.3,221.5,342.4,0.785
 1973-01-29T12:00:00.000Z,3.54,3.3,221.5,350.1,0.7701
 1973-01-29T13:00:00.000Z,3.54,3.3,221.5,-1.00E+31,-1.00E+31
 1973-01-29T14:00:00.000Z,3.54,3.3,221.5,350.4,0.8374
 1973-01-29T15:00:00.000Z,3.54,3.3,221.5,359.3,0.9094
 1973-01-29T16:00:00.000Z,3.54,3.3,221.5,359.3,0.8371
 1973-01-29T17:00:00.000Z,3.54,3.3,221.6,363.6,0.8663
 1973-01-29T18:00:00.000Z,3.54,3.3,221.5,391,2.1422
 1973-01-29T19:00:00.000Z,3.54,3.3,221.5,-1.00E+31,-1.00E+31
 1973-01-29T20:00:00.000Z,3.54,3.3,221.5,-1.00E+31,-1.00E+31
 1973-01-29T21:00:00.000Z,3.54,3.3,221.5,-1.00E+31,-1.00E+31
 1973-01-29T22:00:00.000Z,3.54,3.3,221.5,-1.00E+31,-1.00E+31
 1973-01-29T23:00:00.000Z,3.54,3.3,221.5,-1.00E+31,-1.00E+31
 1973-01-30T00:00:00.000Z,3.54,3.3,221.5,-1.00E+31,-1.00E+31
 1973-01-30T01:00:00.000Z,3.54,3.3,221.6,-1.00E+31,-1.00E+31
 1973-01-30T02:00:00.000Z,3.54,3.3,221.6,382.2,0.9247
 1973-01-30T03:00:00.000Z,3.54,3.3,221.6,387,1.1196
 1973-01-30T04:00:00.000Z,3.54,3.3,221.6,379.6,1.3783
 1973-01-30T05:00:00.000Z,3.54,3.3,221.5,389.4,1.1643
 1973-01-30T06:00:00.000Z,3.54,3.3,221.5,386.2,1.286
 1973-01-30T07:00:00.000Z,3.55,3.3,221.5,379.8,1.277
 1973-01-30T08:00:00.000Z,3.55,3.3,221.6,377.6,1.2209
 1973-01-30T09:00:00.000Z,3.55,3.3,221.6,379.2,1.5792
 1973-01-30T10:00:00.000Z,3.55,3.3,221.6,377.6,0.7716
 1973-01-30T11:00:00.000Z,3.55,3.3,221.6,375.1,0.3245
 1973-01-30T12:00:00.000Z,3.55,3.3,221.6,375,0.2575
 1973-01-30T13:00:00.000Z,3.55,3.3,221.6,392.2,1.3385
 1973-01-30T14:00:00.000Z,3.55,3.3,221.6,-1.00E+31,-1.00E+31
 1973-01-30T15:00:00.000Z,3.55,3.3,221.6,-1.00E+31,-1.00E+31
 1973-01-30T16:00:00.000Z,3.55,3.3,221.6,389,0.7703
 1973-01-30T17:00:00.000Z,3.55,3.3,221.6,389,0.6547
 1973-01-30T18:00:00.000Z,3.55,3.3,221.6,392,0.7759
 1973-01-30T19:00:00.000Z,3.55,3.3,221.6,385.1,0.8422
 1973-01-30T20:00:00.000Z,3.55,3.3,221.6,387.8,0.9974
 1973-01-30T21:00:00.000Z,3.55,3.3,221.6,386.6,1.2245
 1973-01-30T22:00:00.000Z,3.55,3.3,221.6,386.8,0.953
 1973-01-30T23:00:00.000Z,3.55,3.3,221.7,-1.00E+31,-1.00E+31
 1973-01-31T00:00:00.000Z,3.55,3.3,221.7,-1.00E+31,-1.00E+31
 1973-01-31T01:00:00.000Z,3.55,3.3,221.7,380.6,1.2425
 1973-01-31T02:00:00.000Z,3.55,3.3,221.7,-1.00E+31,-1.00E+31
 1973-01-31T03:00:00.000Z,3.55,3.3,221.7,-1.00E+31,-1.00E+31
 1973-01-31T04:00:00.000Z,3.55,3.3,221.6,378.2,1.0466
 1973-01-31T05:00:00.000Z,3.55,3.3,221.6,376.5,0.6425
 1973-01-31T06:00:00.000Z,3.55,3.3,221.6,378.7,1.1248
 1973-01-31T07:00:00.000Z,3.55,3.3,221.7,379,1.3356
 1973-01-31T08:00:00.000Z,3.55,3.3,221.7,381.7,0.7437
 1973-01-31T09:00:00.000Z,3.55,3.3,221.7,383,0.8142
 1973-01-31T10:00:00.000Z,3.55,3.3,221.7,387.4,0.9072
 1973-01-31T11:00:00.000Z,3.55,3.3,221.7,391.9,1.3979
 1973-01-31T12:00:00.000Z,3.55,3.3,221.7,387.5,1.1204
 1973-01-31T13:00:00.000Z,3.55,3.3,221.7,384.5,0.9602
 1973-01-31T14:00:00.000Z,3.55,3.3,221.8,389.9,0.6685
 1973-01-31T15:00:00.000Z,3.55,3.3,221.7,385.8,0.7879
 1973-01-31T16:00:00.000Z,3.55,3.3,221.7,388.2,0.8451
 1973-01-31T17:00:00.000Z,3.55,3.3,221.7,393,0.8386
 1973-01-31T18:00:00.000Z,3.55,3.3,221.7,389.2,0.9215
 1973-01-31T19:00:00.000Z,3.55,3.3,221.7,388.1,0.721
 1973-01-31T20:00:00.000Z,3.55,3.3,221.7,386.6,0.424
 1973-01-31T21:00:00.000Z,3.56,3.3,221.7,391.5,0.7046
 1973-01-31T22:00:00.000Z,3.56,3.3,221.8,392.1,0.6694
 1973-01-31T23:00:00.000Z,3.56,3.3,221.8,383.1,0.6254
 1973-02-01T00:00:00.000Z,3.56,3.4,221.8,384.6,0.3228
 1973-02-01T01:00:00.000Z,3.56,3.4,221.8,386,0.2988
 1973-02-01T02:00:00.000Z,3.56,3.4,221.7,415.1,0.2761
 1973-02-01T03:00:00.000Z,3.56,3.4,221.7,412.1,0.2299
 1973-02-01T04:00:00.000Z,3.56,3.4,221.7,413.7,0.3741
 1973-02-01T05:00:00.000Z,3.56,3.4,221.7,413.1,0.5241
 1973-02-01T06:00:00.000Z,3.56,3.4,221.8,432.9,0.6958
 1973-02-01T07:00:00.000Z,3.56,3.4,221.8,-1.00E+31,-1.00E+31
 1973-02-01T08:00:00.000Z,3.56,3.4,221.8,420.4,0.8382
 1973-02-01T09:00:00.000Z,3.56,3.4,221.8,422.6,0.8085
 1973-02-01T10:00:00.000Z,3.56,3.4,221.8,440.1,0.6297
 1973-02-01T11:00:00.000Z,3.56,3.4,221.8,-1.00E+31,-1.00E+31
 1973-02-01T12:00:00.000Z,3.56,3.4,221.8,444.9,0.9942
 1973-02-01T13:00:00.000Z,3.56,3.4,221.8,427.8,1.0694
 1973-02-01T14:00:00.000Z,3.56,3.4,221.8,455.7,0.9211
 1973-02-01T15:00:00.000Z,3.56,3.4,221.8,443.7,0.718
 1973-02-01T16:00:00.000Z,3.56,3.4,221.8,446.5,0.7192
 1973-02-01T17:00:00.000Z,3.56,3.4,221.8,446,0.5507
 1973-02-01T18:00:00.000Z,3.56,3.4,221.8,435.7,0.3452
 1973-02-01T19:00:00.000Z,3.56,3.4,221.8,449.4,0.5997
 1973-02-01T20:00:00.000Z,3.56,3.4,221.8,446.6,0.6607
 1973-02-01T21:00:00.000Z,3.56,3.4,221.9,436,0.4275
 1973-02-01T22:00:00.000Z,3.56,3.4,221.9,434.8,0.3308
 1973-02-01T23:00:00.000Z,3.56,3.4,221.9,452.4,0.6085
 1973-02-02T00:00:00.000Z,3.56,3.4,221.8,440.5,0.5565
 1973-02-02T01:00:00.000Z,3.56,3.4,221.8,427.1,0.4211
 1973-02-02T02:00:00.000Z,3.56,3.4,221.8,427,0.5349
 1973-02-02T03:00:00.000Z,3.56,3.4,221.8,426.8,0.0352
 1973-02-02T04:00:00.000Z,3.56,3.4,221.9,427.3,0.0672
 1973-02-02T05:00:00.000Z,3.56,3.4,221.9,420.1,0.2737
 1973-02-02T06:00:00.000Z,3.56,3.4,221.9,420.3,0.3191
 1973-02-02T07:00:00.000Z,3.56,3.4,221.9,421.9,0.976
 1973-02-02T08:00:00.000Z,3.56,3.4,221.9,422.9,0.5632
 1973-02-02T09:00:00.000Z,3.56,3.4,221.9,422,0.4744
 1973-02-02T10:00:00.000Z,3.56,3.4,221.9,-1.00E+31,-1.00E+31
 1973-02-02T11:00:00.000Z,3.57,3.4,221.8,-1.00E+31,-1.00E+31
 1973-02-02T12:00:00.000Z,3.57,3.4,221.9,444.9,0.3993
 1973-02-02T13:00:00.000Z,3.57,3.4,221.9,447.2,0.3205
 1973-02-02T14:00:00.000Z,3.57,3.4,221.9,441.9,0.4365
 1973-02-02T15:00:00.000Z,3.57,3.4,221.9,433.7,0.3137
 1973-02-02T16:00:00.000Z,3.57,3.4,221.9,441.4,0.4881
 1973-02-02T17:00:00.000Z,3.57,3.4,221.9,-1.00E+31,-1.00E+31
 1973-02-02T18:00:00.000Z,3.57,3.4,221.9,-1.00E+31,-1.00E+31
 1973-02-02T19:00:00.000Z,3.57,3.4,222,-1.00E+31,-1.00E+31
 1973-02-02T20:00:00.000Z,3.57,3.4,222,-1.00E+31,-1.00E+31
 1973-02-02T21:00:00.000Z,3.57,3.4,222,-1.00E+31,-1.00E+31
 1973-02-02T22:00:00.000Z,3.57,3.4,221.9,424.9,1.1954
 1973-02-02T23:00:00.000Z,3.57,3.4,221.9,427.3,1.0033
 1973-02-03T00:00:00.000Z,3.57,3.4,221.9,418.5,1.1621
 1973-02-03T01:00:00.000Z,3.57,3.4,221.9,416.2,1.0606
 1973-02-03T02:00:00.000Z,3.57,3.4,221.9,435.2,1.802
 1973-02-03T03:00:00.000Z,3.57,3.4,222,-1.00E+31,-1.00E+31
 1973-02-03T04:00:00.000Z,3.57,3.4,222,424.5,1.0656
 1973-02-03T05:00:00.000Z,3.57,3.4,222,394,0.8611
 1973-02-03T06:00:00.000Z,3.57,3.4,222,396,0.738
 1973-02-03T07:00:00.000Z,3.57,3.4,222,395.7,0.6501
 1973-02-03T08:00:00.000Z,3.57,3.4,222,404.6,1.9617
 1973-02-03T09:00:00.000Z,3.57,3.4,222,395.3,1.3095
 1973-02-03T10:00:00.000Z,3.57,3.4,221.9,400.9,0.8086
 1973-02-03T11:00:00.000Z,3.57,3.4,222,409.4,1.1341
 1973-02-03T12:00:00.000Z,3.57,3.4,222,-1.00E+31,-1.00E+31
 1973-02-03T13:00:00.000Z,3.57,3.4,222,399.4,1.0806
 1973-02-03T14:00:00.000Z,3.57,3.4,222,-1.00E+31,-1.00E+31
 1973-02-03T15:00:00.000Z,3.57,3.4,222,433.1,0.2581
 1973-02-03T16:00:00.000Z,3.57,3.4,222,405.8,0.3651
 1973-02-03T17:00:00.000Z,3.57,3.4,222,396.4,0.3358
 1973-02-03T18:00:00.000Z,3.57,3.4,222.1,418.6,0.556
 1973-02-03T19:00:00.000Z,3.57,3.4,222.1,417.6,0.5374
 1973-02-03T20:00:00.000Z,3.57,3.4,222.1,409.1,0.813
 1973-02-03T21:00:00.000Z,3.57,3.4,222,421,0.4763
 1973-02-03T22:00:00.000Z,3.57,3.4,222,415.1,0.6053
 1973-02-03T23:00:00.000Z,3.57,3.4,222,417.8,0.791
 1973-02-04T00:00:00.000Z,3.57,3.4,222,412.4,0.4117
 1973-02-04T01:00:00.000Z,3.58,3.4,222,413.8,0.4685
 1973-02-04T02:00:00.000Z,3.58,3.4,222.1,-1.00E+31,-1.00E+31
 1973-02-04T03:00:00.000Z,3.58,3.4,222.1,-1.00E+31,-1.00E+31
 1973-02-04T04:00:00.000Z,3.58,3.4,222.1,428.3,0.5403
 1973-02-04T05:00:00.000Z,3.58,3.4,222.1,441.2,0.6858
 1973-02-04T06:00:00.000Z,3.58,3.4,222.1,-1.00E+31,-1.00E+31
 1973-02-04T07:00:00.000Z,3.58,3.4,222.1,436.2,0.758
 1973-02-04T08:00:00.000Z,3.58,3.4,222,-1.00E+31,-1.00E+31
 1973-02-04T09:00:00.000Z,3.58,3.4,222,489.6,0.2118
 1973-02-04T10:00:00.000Z,3.58,3.4,222.1,484,0.1561
 1973-02-04T11:00:00.000Z,3.58,3.4,222.1,-1.00E+31,-1.00E+31
 1973-02-04T12:00:00.000Z,3.58,3.4,222.1,497.9,0.201
 1973-02-04T13:00:00.000Z,3.58,3.4,222.1,492.9,0.1998
 1973-02-04T14:00:00.000Z,3.58,3.4,222.1,491.7,0.1916
 1973-02-04T15:00:00.000Z,3.58,3.4,222.1,494.3,0.116
 1973-02-04T16:00:00.000Z,3.58,3.4,222.1,489.8,0.1983
 1973-02-04T17:00:00.000Z,3.58,3.4,222.2,489.8,0.1697
 1973-02-04T18:00:00.000Z,3.58,3.4,222.2,464.9,0.173
 1973-02-04T19:00:00.000Z,3.58,3.4,222.1,480.4,0.1715
 1973-02-04T20:00:00.000Z,3.58,3.4,222.1,-1.00E+31,-1.00E+31
 1973-02-04T21:00:00.000Z,3.58,3.4,222.1,479.3,0.1355
 1973-02-04T22:00:00.000Z,3.58,3.4,222.1,479.4,0.1519
 1973-02-04T23:00:00.000Z,3.58,3.4,222.1,-1.00E+31,-1.00E+31
 1973-02-05T00:00:00.000Z,3.58,3.4,222.1,470,0.1625
 1973-02-05T01:00:00.000Z,3.58,3.4,222.2,475.8,0.1675
 1973-02-05T02:00:00.000Z,3.58,3.4,222.2,468.8,0.1227
 1973-02-05T03:00:00.000Z,3.58,3.4,222.2,471.6,0.1147
 1973-02-05T04:00:00.000Z,3.58,3.4,222.2,471.5,0.1494
 1973-02-05T05:00:00.000Z,3.58,3.4,222.2,-1.00E+31,-1.00E+31
 1973-02-05T06:00:00.000Z,3.58,3.4,222.1,467.2,0.175
 1973-02-05T07:00:00.000Z,3.58,3.4,222.1,468.4,0.1831
 1973-02-05T08:00:00.000Z,3.58,3.4,222.2,471.1,0.2056
 1973-02-05T09:00:00.000Z,3.58,3.4,222.2,-1.00E+31,-1.00E+31
 1973-02-05T10:00:00.000Z,3.58,3.4,222.2,469.2,0.1104
 1973-02-05T11:00:00.000Z,3.58,3.4,222.2,469.1,0.0994
 1973-02-05T12:00:00.000Z,3.58,3.4,222.2,462.7,0.142
 1973-02-05T13:00:00.000Z,3.58,3.4,222.2,461.8,0.1166
 1973-02-05T14:00:00.000Z,3.58,3.4,222.2,459.9,0.1829
 1973-02-05T15:00:00.000Z,3.59,3.4,222.2,-1.00E+31,-1.00E+31
 1973-02-05T16:00:00.000Z,3.59,3.4,222.3,463.7,0.1489
 1973-02-05T17:00:00.000Z,3.59,3.4,222.2,464.3,0.1237
 1973-02-05T18:00:00.000Z,3.59,3.4,222.2,455.8,0.1507
 1973-02-05T19:00:00.000Z,3.59,3.4,222.2,457.9,0.1264
 1973-02-05T20:00:00.000Z,3.59,3.4,222.2,466.5,0.1651
 1973-02-05T21:00:00.000Z,3.59,3.4,222.2,459.5,0.1513
 1973-02-05T22:00:00.000Z,3.59,3.4,222.2,458.2,0.1466
 1973-02-05T23:00:00.000Z,3.59,3.4,222.2,-1.00E+31,-1.00E+31
 1973-02-06T00:00:00.000Z,3.59,3.4,222.3,456.2,0.1525
 1973-02-06T01:00:00.000Z,3.59,3.4,222.3,456.3,0.1541
 1973-02-06T02:00:00.000Z,3.59,3.4,222.3,-1.00E+31,-1.00E+31
 1973-02-06T03:00:00.000Z,3.59,3.4,222.3,-1.00E+31,-1.00E+31
 1973-02-06T04:00:00.000Z,3.59,3.4,222.2,454.2,0.1112
 1973-02-06T05:00:00.000Z,3.59,3.4,222.2,452.5,0.1304
 1973-02-06T06:00:00.000Z,3.59,3.4,222.2,451.7,0.1172
 1973-02-06T07:00:00.000Z,3.59,3.4,222.3,-1.00E+31,-1.00E+31
 1973-02-06T08:00:00.000Z,3.59,3.4,222.3,446.9,0.1659
 1973-02-06T09:00:00.000Z,3.59,3.4,222.3,449.8,0.162
 1973-02-06T10:00:00.000Z,3.59,3.4,222.3,-1.00E+31,-1.00E+31
 1973-02-06T11:00:00.000Z,3.59,3.4,222.3,449.6,0.1598
 1973-02-06T12:00:00.000Z,3.59,3.4,222.3,449.4,0.1942
 1973-02-06T13:00:00.000Z,3.59,3.4,222.3,-1.00E+31,-1.00E+31
 1973-02-06T14:00:00.000Z,3.59,3.4,222.3,441.5,0.1903
 1973-02-06T15:00:00.000Z,3.59,3.4,222.3,-1.00E+31,-1.00E+31
 1973-02-06T16:00:00.000Z,3.59,3.4,222.3,439.6,0.178
 1973-02-06T17:00:00.000Z,3.59,3.4,222.3,439.6,0.0293
 1973-02-06T18:00:00.000Z,3.59,3.4,222.3,440.1,0.0957
 1973-02-06T19:00:00.000Z,3.59,3.4,222.3,431.9,0.1865
 1973-02-06T20:00:00.000Z,3.59,3.4,222.3,440.9,0.1838
 1973-02-06T21:00:00.000Z,3.59,3.4,222.3,-1.00E+31,-1.00E+31
 1973-02-06T22:00:00.000Z,3.59,3.4,222.4,432.5,0.1572
 1973-02-06T23:00:00.000Z,3.59,3.4,222.4,434.1,0.1855
 1973-02-07T00:00:00.000Z,3.59,3.4,222.4,-1.00E+31,-1.00E+31
 1973-02-07T01:00:00.000Z,3.59,3.4,222.4,436,0.1846
 1973-02-07T02:00:00.000Z,3.59,3.4,222.4,437.4,0.1651
 1973-02-07T03:00:00.000Z,3.59,3.4,222.3,-1.00E+31,-1.00E+31
 1973-02-07T04:00:00.000Z,3.59,3.4,222.3,437.4,0.1954
 1973-02-07T05:00:00.000Z,3.6,3.4,222.3,434.6,0.1769
 1973-02-07T06:00:00.000Z,3.6,3.4,222.4,439.1,0.2224
 1973-02-07T07:00:00.000Z,3.6,3.4,222.4,-1.00E+31,-1.00E+31
 1973-02-07T08:00:00.000Z,3.6,3.4,222.4,439.1,0.1508
 1973-02-07T09:00:00.000Z,3.6,3.4,222.4,-1.00E+31,-1.00E+31
 1973-02-07T10:00:00.000Z,3.6,3.4,222.4,439.3,0.1928
 1973-02-07T11:00:00.000Z,3.6,3.4,222.4,436.9,0.1824
 1973-02-07T12:00:00.000Z,3.6,3.4,222.4,442.2,0.177
 1973-02-07T13:00:00.000Z,3.6,3.4,222.4,-1.00E+31,-1.00E+31
 1973-02-07T14:00:00.000Z,3.6,3.4,222.4,441.1,0.1882
 1973-02-07T15:00:00.000Z,3.6,3.4,222.4,-1.00E+31,-1.00E+31
 1973-02-07T16:00:00.000Z,3.6,3.4,222.4,439.8,0.2215
 1973-02-07T17:00:00.000Z,3.6,3.4,222.4,-1.00E+31,-1.00E+31
 1973-02-07T18:00:00.000Z,3.6,3.4,222.4,438.6,0.2181
 1973-02-07T19:00:00.000Z,3.6,3.4,222.4,435.4,0.2239
 1973-02-07T20:00:00.000Z,3.6,3.4,222.4,-1.00E+31,-1.00E+31
 1973-02-07T21:00:00.000Z,3.6,3.4,222.5,433.2,0.2033
 1973-02-07T22:00:00.000Z,3.6,3.4,222.5,-1.00E+31,-1.00E+31
 1973-02-07T23:00:00.000Z,3.6,3.4,222.5,-1.00E+31,-1.00E+31
 1973-02-08T00:00:00.000Z,3.6,3.4,222.5,433.1,0.0979
 1973-02-08T01:00:00.000Z,3.6,3.4,222.4,-1.00E+31,-1.00E+31
 1973-02-08T02:00:00.000Z,3.6,3.4,222.4,-1.00E+31,-1.00E+31
 1973-02-08T03:00:00.000Z,3.6,3.4,222.4,-1.00E+31,-1.00E+31
 1973-02-08T04:00:00.000Z,3.6,3.4,222.4,426.4,0.1364
 1973-02-08T05:00:00.000Z,3.6,3.4,222.5,434.6,0.0432
 1973-02-08T06:00:00.000Z,3.6,3.4,222.5,423.7,0.1037
 1973-02-08T07:00:00.000Z,3.6,3.4,222.5,424.3,0.0849
 1973-02-08T08:00:00.000Z,3.6,3.4,222.5,422.6,0.1471
 1973-02-08T09:00:00.000Z,3.6,3.4,222.5,423.2,0.1264
 1973-02-08T10:00:00.000Z,3.6,3.4,222.5,423.4,0.1378
 1973-02-08T11:00:00.000Z,3.6,3.4,222.5,425.9,0.1253
 1973-02-08T12:00:00.000Z,3.6,3.4,222.4,431.4,0.1212
 1973-02-08T13:00:00.000Z,3.6,3.4,222.5,425.5,0.0938
 1973-02-08T14:00:00.000Z,3.6,3.4,222.5,426.1,0.0641
 1973-02-08T15:00:00.000Z,3.6,3.4,222.5,423,0.1162
 1973-02-08T16:00:00.000Z,3.6,3.4,222.5,425,0.0876
 1973-02-08T17:00:00.000Z,3.6,3.4,222.5,416.9,0.0994
 1973-02-08T18:00:00.000Z,3.6,3.4,222.5,416.6,0.0984
 1973-02-08T19:00:00.000Z,3.61,3.4,222.5,-1.00E+31,-1.00E+31
 1973-02-08T20:00:00.000Z,3.61,3.4,222.6,414.9,0.1082
 1973-02-08T21:00:00.000Z,3.61,3.4,222.6,418.9,0.1044
 1973-02-08T22:00:00.000Z,3.61,3.4,222.6,413.7,0.0778
 1973-02-08T23:00:00.000Z,3.61,3.4,222.5,404.3,0.0632
 1973-02-09T00:00:00.000Z,3.61,3.4,222.5,417.1,0.0678
 1973-02-09T01:00:00.000Z,3.61,3.4,222.5,421.3,0.0831
 1973-02-09T02:00:00.000Z,3.61,3.4,222.5,416,0.0854
 1973-02-09T03:00:00.000Z,3.61,3.4,222.5,414.1,0.057
 1973-02-09T04:00:00.000Z,3.61,3.4,222.6,415,0.1037
 1973-02-09T05:00:00.000Z,3.61,3.4,222.6,414.4,0.0953
 1973-02-09T06:00:00.000Z,3.61,3.4,222.6,413.3,0.1125
 1973-02-09T07:00:00.000Z,3.61,3.4,222.6,411.1,0.0573
 1973-02-09T08:00:00.000Z,3.61,3.4,222.6,411.1,0.0695
 1973-02-09T09:00:00.000Z,3.61,3.4,222.6,409.4,0.0794
 1973-02-09T10:00:00.000Z,3.61,3.5,222.5,405.7,0.0938
 1973-02-09T11:00:00.000Z,3.61,3.5,222.5,404.6,0.0387
 1973-02-09T12:00:00.000Z,3.61,3.5,222.6,406.9,0.0704
 1973-02-09T13:00:00.000Z,3.61,3.5,222.6,399.1,0.1278
 1973-02-09T14:00:00.000Z,3.61,3.5,222.6,400.1,0.0961
 1973-02-09T15:00:00.000Z,3.61,3.5,222.6,-1.00E+31,-1.00E+31
 1973-02-09T16:00:00.000Z,3.61,3.5,222.6,-1.00E+31,-1.00E+31
 1973-02-09T17:00:00.000Z,3.61,3.5,222.6,-1.00E+31,-1.00E+31
 1973-02-09T18:00:00.000Z,3.61,3.5,222.6,-1.00E+31,-1.00E+31
 1973-02-09T19:00:00.000Z,3.61,3.5,222.7,-1.00E+31,-1.00E+31
 1973-02-09T20:00:00.000Z,3.61,3.5,222.7,-1.00E+31,-1.00E+31
 1973-02-09T21:00:00.000Z,3.61,3.5,222.6,392.3,0.0775
 1973-02-09T22:00:00.000Z,3.61,3.5,222.6,-1.00E+31,-1.00E+31
 1973-02-09T23:00:00.000Z,3.61,3.5,222.6,-1.00E+31,-1.00E+31
 1973-02-10T00:00:00.000Z,3.61,3.5,222.6,-1.00E+31,-1.00E+31
 1973-02-10T01:00:00.000Z,3.61,3.5,222.6,397.1,0.1156
 1973-02-10T02:00:00.000Z,3.61,3.5,222.6,-1.00E+31,-1.00E+31
 1973-02-10T03:00:00.000Z,3.61,3.5,222.7,-1.00E+31,-1.00E+31
 1973-02-10T04:00:00.000Z,3.61,3.5,222.7,397.2,0.0811
 1973-02-10T05:00:00.000Z,3.61,3.5,222.7,388.6,0.0383
 1973-02-10T06:00:00.000Z,3.61,3.5,222.7,396.1,0.08
 1973-02-10T07:00:00.000Z,3.61,3.5,222.7,-1.00E+31,-1.00E+31
 1973-02-10T08:00:00.000Z,3.61,3.5,222.7,385.2,0.1064
 1973-02-10T09:00:00.000Z,3.62,3.5,222.6,383.4,0.1063
 1973-02-10T10:00:00.000Z,3.62,3.5,222.6,384.3,0.1245
 1973-02-10T11:00:00.000Z,3.62,3.5,222.7,403.1,0.1054
 1973-02-10T12:00:00.000Z,3.62,3.5,222.7,396.1,0.1468
 1973-02-10T13:00:00.000Z,3.62,3.5,222.7,388.8,0.1281
 1973-02-10T14:00:00.000Z,3.62,3.5,222.7,397.6,0.1
 1973-02-10T15:00:00.000Z,3.62,3.5,222.7,404.1,0.1139
 1973-02-10T16:00:00.000Z,3.62,3.5,222.7,401,0.1156
 1973-02-10T17:00:00.000Z,3.62,3.5,222.7,400.5,0.1257
 1973-02-10T18:00:00.000Z,3.62,3.5,222.8,396.3,0.1773
 1973-02-10T19:00:00.000Z,3.62,3.5,222.8,385.5,0.2005
 1973-02-10T20:00:00.000Z,3.62,3.5,222.7,385.3,0.1988
 1973-02-10T21:00:00.000Z,3.62,3.5,222.7,385.1,0.189
 1973-02-10T22:00:00.000Z,3.62,3.5,222.7,387.7,0.1733
 1973-02-10T23:00:00.000Z,3.62,3.5,222.7,392.1,0.1464
 1973-02-11T00:00:00.000Z,3.62,3.5,222.7,389.8,0.2194
 1973-02-11T01:00:00.000Z,3.62,3.5,222.7,393.3,0.1981
 1973-02-11T02:00:00.000Z,3.62,3.5,222.8,-1.00E+31,-1.00E+31
 1973-02-11T03:00:00.000Z,3.62,3.5,222.8,-1.00E+31,-1.00E+31
 1973-02-11T04:00:00.000Z,3.62,3.5,222.8,-1.00E+31,-1.00E+31
 1973-02-11T05:00:00.000Z,3.62,3.5,222.8,389.6,0.1449
 1973-02-11T06:00:00.000Z,3.62,3.5,222.8,-1.00E+31,-1.00E+31
 1973-02-11T07:00:00.000Z,3.62,3.5,222.7,388.3,0.1955
 1973-02-11T08:00:00.000Z,3.62,3.5,222.7,387,0.182
 1973-02-11T09:00:00.000Z,3.62,3.5,222.7,389.8,0.1022
 1973-02-11T10:00:00.000Z,3.62,3.5,222.8,-1.00E+31,-1.00E+31
 1973-02-11T11:00:00.000Z,3.62,3.5,222.8,387.8,0.1525
 1973-02-11T12:00:00.000Z,3.62,3.5,222.8,382.4,0.1752
 1973-02-11T13:00:00.000Z,3.62,3.5,222.8,384.9,0.2114
 1973-02-11T14:00:00.000Z,3.62,3.5,222.8,385.8,0.2323
 1973-02-11T15:00:00.000Z,3.62,3.5,222.8,379,0.3093
 1973-02-11T16:00:00.000Z,3.62,3.5,222.8,377.4,0.2751
 1973-02-11T17:00:00.000Z,3.62,3.5,222.9,-1.00E+31,-1.00E+31
 1973-02-11T18:00:00.000Z,3.62,3.5,222.8,379.3,0.3186
 1973-02-11T19:00:00.000Z,3.62,3.5,222.8,378.9,0.2709
 1973-02-11T20:00:00.000Z,3.62,3.5,222.8,378.9,0.228
 1973-02-11T21:00:00.000Z,3.62,3.5,222.8,377.6,0.2578
 1973-02-11T22:00:00.000Z,3.62,3.5,222.8,376.9,0.1515
 1973-02-11T23:00:00.000Z,3.62,3.5,222.8,373.7,0.2438
 1973-02-12T00:00:00.000Z,3.63,3.5,222.8,373.9,0.2097
 1973-02-12T01:00:00.000Z,3.63,3.5,222.9,-1.00E+31,-1.00E+31
 1973-02-12T02:00:00.000Z,3.63,3.5,222.9,-1.00E+31,-1.00E+31
 1973-02-12T03:00:00.000Z,3.63,3.5,222.9,370.4,0.2676
 1973-02-12T04:00:00.000Z,3.63,3.5,222.9,369.8,0.3038
 1973-02-12T05:00:00.000Z,3.63,3.5,222.8,366.1,0.3558
 1973-02-12T06:00:00.000Z,3.63,3.5,222.8,367.9,0.2195
 1973-02-12T07:00:00.000Z,3.63,3.5,222.8,366.6,0.1971
 1973-02-12T08:00:00.000Z,3.63,3.5,222.8,364.5,0.1939
 1973-02-12T09:00:00.000Z,3.63,3.5,222.9,371.3,0.1485
 1973-02-12T10:00:00.000Z,3.63,3.5,222.9,365.8,0.2553
 1973-02-12T11:00:00.000Z,3.63,3.5,222.9,365.8,0.2937
 1973-02-12T12:00:00.000Z,3.63,3.5,222.9,361.7,0.2658
 1973-02-12T13:00:00.000Z,3.63,3.5,222.9,361.9,0.141
 1973-02-12T14:00:00.000Z,3.63,3.5,222.9,360.9,0.1336
 1973-02-12T15:00:00.000Z,3.63,3.5,222.9,360.8,0.1952
 1973-02-12T16:00:00.000Z,3.63,3.5,222.9,363.5,0.1645
 1973-02-12T17:00:00.000Z,3.63,3.5,222.9,362.7,0.2191
 1973-02-12T18:00:00.000Z,3.63,3.5,222.9,-1.00E+31,-1.00E+31
 1973-02-12T19:00:00.000Z,3.63,3.5,222.9,359.4,0.2142
 1973-02-12T20:00:00.000Z,3.63,3.5,222.9,359.2,0.3449
 1973-02-12T21:00:00.000Z,3.63,3.5,222.9,-1.00E+31,-1.00E+31
 1973-02-12T22:00:00.000Z,3.63,3.5,222.9,-1.00E+31,-1.00E+31
 1973-02-12T23:00:00.000Z,3.63,3.5,222.9,-1.00E+31,-1.00E+31
 1973-02-13T00:00:00.000Z,3.63,3.5,223,-1.00E+31,-1.00E+31
 1973-02-13T01:00:00.000Z,3.63,3.5,223,-1.00E+31,-1.00E+31
 1973-02-13T02:00:00.000Z,3.63,3.5,223,-1.00E+31,-1.00E+31
 1973-02-13T03:00:00.000Z,3.63,3.5,222.9,-1.00E+31,-1.00E+31
 1973-02-13T04:00:00.000Z,3.63,3.5,222.9,-1.00E+31,-1.00E+31
 1973-02-13T05:00:00.000Z,3.63,3.5,222.9,-1.00E+31,-1.00E+31
 1973-02-13T06:00:00.000Z,3.63,3.5,222.9,-1.00E+31,-1.00E+31
 1973-02-13T07:00:00.000Z,3.63,3.5,222.9,-1.00E+31,-1.00E+31
 1973-02-13T08:00:00.000Z,3.63,3.5,223,-1.00E+31,-1.00E+31
 1973-02-13T09:00:00.000Z,3.63,3.5,223,-1.00E+31,-1.00E+31
 1973-02-13T10:00:00.000Z,3.63,3.5,223,-1.00E+31,-1.00E+31
 1973-02-13T11:00:00.000Z,3.63,3.5,223,-1.00E+31,-1.00E+31
 1973-02-13T12:00:00.000Z,3.63,3.5,223,-1.00E+31,-1.00E+31
 1973-02-13T13:00:00.000Z,3.63,3.5,223,-1.00E+31,-1.00E+31
 1973-02-13T14:00:00.000Z,3.64,3.5,222.9,-1.00E+31,-1.00E+31
 1973-02-13T15:00:00.000Z,3.64,3.5,223,-1.00E+31,-1.00E+31
 1973-02-13T16:00:00.000Z,3.64,3.5,223,-1.00E+31,-1.00E+31
 1973-02-13T17:00:00.000Z,3.64,3.5,223,-1.00E+31,-1.00E+31
 1973-02-13T18:00:00.000Z,3.64,3.5,223,-1.00E+31,-1.00E+31
 1973-02-13T19:00:00.000Z,3.64,3.5,223,-1.00E+31,-1.00E+31
 1973-02-13T20:00:00.000Z,3.64,3.5,223,-1.00E+31,-1.00E+31
 1973-02-13T21:00:00.000Z,3.64,3.5,223,-1.00E+31,-1.00E+31
 1973-02-13T22:00:00.000Z,3.64,3.5,223,-1.00E+31,-1.00E+31
 1973-02-13T23:00:00.000Z,3.64,3.5,223.1,337.2,0.1593
 1973-02-14T00:00:00.000Z,3.64,3.5,223.1,337.7,0.2108
 1973-02-14T01:00:00.000Z,3.64,3.5,223.1,-1.00E+31,-1.00E+31
 1973-02-14T02:00:00.000Z,3.64,3.5,223,-1.00E+31,-1.00E+31
 1973-02-14T03:00:00.000Z,3.64,3.5,223,-1.00E+31,-1.00E+31
 1973-02-14T04:00:00.000Z,3.64,3.5,223,331.5,0.2049
 1973-02-14T05:00:00.000Z,3.64,3.5,223,328.8,0.2157
 1973-02-14T06:00:00.000Z,3.64,3.5,223,-1.00E+31,-1.00E+31
 1973-02-14T07:00:00.000Z,3.64,3.5,223.1,334.6,0.2384
 1973-02-14T08:00:00.000Z,3.64,3.5,223.1,326.7,0.1544
 1973-02-14T09:00:00.000Z,3.64,3.5,223.1,331.6,0.1915
 1973-02-14T10:00:00.000Z,3.64,3.5,223.1,327.4,0.2353
 1973-02-14T11:00:00.000Z,3.64,3.5,223.1,330.1,0.2202
 1973-02-14T12:00:00.000Z,3.64,3.5,223.1,327,0.1968
 1973-02-14T13:00:00.000Z,3.64,3.5,223,327,0.1656
 1973-02-14T14:00:00.000Z,3.64,3.5,223.1,327,0.1462
 1973-02-14T15:00:00.000Z,3.64,3.5,223.1,-1.00E+31,-1.00E+31
 1973-02-14T16:00:00.000Z,3.64,3.5,223.1,327,0.2017
 1973-02-14T17:00:00.000Z,3.64,3.5,223.1,-1.00E+31,-1.00E+31
 1973-02-14T18:00:00.000Z,3.64,3.5,223.1,-1.00E+31,-1.00E+31
 1973-02-14T19:00:00.000Z,3.64,3.5,223.1,323.7,0.2171
 1973-02-14T20:00:00.000Z,3.64,3.5,223.1,-1.00E+31,-1.00E+31
 1973-02-14T21:00:00.000Z,3.64,3.5,223.1,323.4,0.3451
 1973-02-14T22:00:00.000Z,3.64,3.5,223.2,322.5,0.2974
 1973-02-14T23:00:00.000Z,3.64,3.5,223.2,322.5,0.2755
 1973-02-15T00:00:00.000Z,3.64,3.5,223.1,-1.00E+31,-1.00E+31
 1973-02-15T01:00:00.000Z,3.64,3.5,223.1,321.2,0.2899
 1973-02-15T02:00:00.000Z,3.64,3.5,223.1,316.7,0.3618
 1973-02-15T03:00:00.000Z,3.64,3.5,223.1,-1.00E+31,-1.00E+31
 1973-02-15T04:00:00.000Z,3.64,3.5,223.1,319.1,0.3852
 1973-02-15T05:00:00.000Z,3.65,3.5,223.1,319.1,0.3221
 1973-02-15T06:00:00.000Z,3.65,3.5,223.2,-1.00E+31,-1.00E+31
 1973-02-15T07:00:00.000Z,3.65,3.5,223.2,331.3,0.5265
 1973-02-15T08:00:00.000Z,3.65,3.5,223.2,-1.00E+31,-1.00E+31
 1973-02-15T09:00:00.000Z,3.65,3.5,223.2,331.2,0.3801
 1973-02-15T10:00:00.000Z,3.65,3.5,223.2,332.3,0.458
 1973-02-15T11:00:00.000Z,3.65,3.5,223.1,-1.00E+31,-1.00E+31
 1973-02-15T12:00:00.000Z,3.65,3.5,223.1,326.6,0.4476
 1973-02-15T13:00:00.000Z,3.65,3.5,223.2,329.1,0.6501
 1973-02-15T14:00:00.000Z,3.65,3.5,223.2,333.3,0.8164
 1973-02-15T15:00:00.000Z,3.65,3.5,223.2,328.4,0.7103
 1973-02-15T16:00:00.000Z,3.65,3.5,223.2,-1.00E+31,-1.00E+31
 1973-02-15T17:00:00.000Z,3.65,3.5,223.2,330.4,0.7637
 1973-02-15T18:00:00.000Z,3.65,3.5,223.2,329.1,0.7751
 1973-02-15T19:00:00.000Z,3.65,3.5,223.2,322.8,1.1296
 1973-02-15T20:00:00.000Z,3.65,3.5,223.2,320.9,0.5182
 1973-02-15T21:00:00.000Z,3.65,3.5,223.3,319.4,0.4892
 1973-02-15T22:00:00.000Z,3.65,3.5,223.2,328.1,0.6315
 1973-02-15T23:00:00.000Z,3.65,3.5,223.2,325.1,0.4771
 1973-02-16T00:00:00.000Z,3.65,3.5,223.2,-1.00E+31,-1.00E+31
 1973-02-16T01:00:00.000Z,3.65,3.5,223.2,323.3,0.7594
 1973-02-16T02:00:00.000Z,3.65,3.5,223.2,-1.00E+31,-1.00E+31
 1973-02-16T03:00:00.000Z,3.65,3.5,223.2,-1.00E+31,-1.00E+31
 1973-02-16T04:00:00.000Z,3.65,3.5,223.2,309.3,0.5276
 1973-02-16T05:00:00.000Z,3.65,3.5,223.3,334.2,1.0438
 1973-02-16T06:00:00.000Z,3.65,3.5,223.3,346.4,1.0832
 1973-02-16T07:00:00.000Z,3.65,3.5,223.3,349.6,1.3183
 1973-02-16T08:00:00.000Z,3.65,3.5,223.3,-1.00E+31,-1.00E+31
 1973-02-16T09:00:00.000Z,3.65,3.5,223.2,-1.00E+31,-1.00E+31
 1973-02-16T10:00:00.000Z,3.65,3.5,223.2,-1.00E+31,-1.00E+31
 1973-02-16T11:00:00.000Z,3.65,3.5,223.2,-1.00E+31,-1.00E+31
 1973-02-16T12:00:00.000Z,3.65,3.5,223.2,375.5,0.4231
 1973-02-16T13:00:00.000Z,3.65,3.5,223.3,358.8,2.699
 1973-02-16T14:00:00.000Z,3.65,3.5,223.3,366.5,0.8682
 1973-02-16T15:00:00.000Z,3.65,3.5,223.3,368.3,1.048
 1973-02-16T16:00:00.000Z,3.65,3.5,223.3,372.4,2.1569
 1973-02-16T17:00:00.000Z,3.65,3.5,223.3,372.1,2.417
 1973-02-16T18:00:00.000Z,3.65,3.5,223.3,373.2,1.73
 1973-02-16T19:00:00.000Z,3.65,3.5,223.3,-1.00E+31,-1.00E+31
 1973-02-16T20:00:00.000Z,3.66,3.5,223.3,372.1,1.4176
 1973-02-16T21:00:00.000Z,3.66,3.5,223.3,-1.00E+31,-1.00E+31
 1973-02-16T22:00:00.000Z,3.66,3.5,223.3,-1.00E+31,-1.00E+31
 1973-02-16T23:00:00.000Z,3.66,3.5,223.3,-1.00E+31,-1.00E+31
 1973-02-17T00:00:00.000Z,3.66,3.5,223.3,379.5,2.2938
 1973-02-17T01:00:00.000Z,3.66,3.5,223.3,381.3,2.002
 1973-02-17T02:00:00.000Z,3.66,3.5,223.3,389.9,1.5317
 1973-02-17T03:00:00.000Z,3.66,3.5,223.3,370.5,1.5931
 1973-02-17T04:00:00.000Z,3.66,3.5,223.4,379.3,2.4376
 1973-02-17T05:00:00.000Z,3.66,3.5,223.4,382.3,1.9043
 1973-02-17T06:00:00.000Z,3.66,3.5,223.4,-1.00E+31,-1.00E+31
 1973-02-17T07:00:00.000Z,3.66,3.5,223.3,395.2,1.8062
 1973-02-17T08:00:00.000Z,3.66,3.5,223.3,397.4,2.4384
 1973-02-17T09:00:00.000Z,3.66,3.5,223.3,399.8,2.3294
 1973-02-17T10:00:00.000Z,3.66,3.5,223.3,400.6,1.8931
 1973-02-17T11:00:00.000Z,3.66,3.5,223.3,399,1.5667
 1973-02-17T12:00:00.000Z,3.66,3.5,223.4,405.1,2.2518
 1973-02-17T13:00:00.000Z,3.66,3.5,223.4,405.9,1.8764
 1973-02-17T14:00:00.000Z,3.66,3.5,223.4,395.4,1.6246
 1973-02-17T15:00:00.000Z,3.66,3.5,223.4,408.9,1.4388
 1973-02-17T16:00:00.000Z,3.66,3.5,223.4,401.8,1.6158
 1973-02-17T17:00:00.000Z,3.66,3.5,223.4,408.3,1.1861
 1973-02-17T18:00:00.000Z,3.66,3.5,223.4,408.2,1.4835
 1973-02-17T19:00:00.000Z,3.66,3.5,223.4,408.2,1.5939
 1973-02-17T20:00:00.000Z,3.66,3.5,223.4,409.4,1.7217
 1973-02-17T21:00:00.000Z,3.66,3.5,223.4,426.6,0.919
 1973-02-17T22:00:00.000Z,3.66,3.5,223.4,429,1.0008
 1973-02-17T23:00:00.000Z,3.66,3.5,223.4,432.8,0.9639
 1973-02-18T00:00:00.000Z,3.66,3.5,223.4,419.6,1.255
 1973-02-18T01:00:00.000Z,3.66,3.5,223.4,-1.00E+31,-1.00E+31
 1973-02-18T02:00:00.000Z,3.66,3.5,223.4,435.4,0.92
 1973-02-18T03:00:00.000Z,3.66,3.6,223.5,463.4,0.7299
 1973-02-18T04:00:00.000Z,3.66,3.6,223.5,461.3,0.8755
 1973-02-18T05:00:00.000Z,3.66,3.6,223.5,460.2,0.7911
 1973-02-18T06:00:00.000Z,3.66,3.6,223.4,451,1.0865
 1973-02-18T07:00:00.000Z,3.66,3.6,223.4,443.3,1.3052
 1973-02-18T08:00:00.000Z,3.66,3.6,223.4,434.4,1.6166
 1973-02-18T09:00:00.000Z,3.66,3.6,223.4,422.5,1.0962
 1973-02-18T10:00:00.000Z,3.66,3.6,223.4,418.9,1.2547
 1973-02-18T11:00:00.000Z,3.67,3.6,223.5,437,1.2395
 1973-02-18T12:00:00.000Z,3.67,3.6,223.5,427.7,1.2081
 1973-02-18T13:00:00.000Z,3.67,3.6,223.5,436.5,1.297
 1973-02-18T14:00:00.000Z,3.67,3.6,223.5,433.9,1.0768
 1973-02-18T15:00:00.000Z,3.67,3.6,223.5,453.4,0.9434
 1973-02-18T16:00:00.000Z,3.67,3.6,223.5,464.8,1.2821
 1973-02-18T17:00:00.000Z,3.67,3.6,223.4,461.1,1.0192
 1973-02-18T18:00:00.000Z,3.67,3.6,223.4,453.5,0.6268
 1973-02-18T19:00:00.000Z,3.67,3.6,223.5,451.9,1.0324
 1973-02-18T20:00:00.000Z,3.67,3.6,223.5,451.9,0.9706
 1973-02-18T21:00:00.000Z,3.67,3.6,223.5,443.3,1.1592
 1973-02-18T22:00:00.000Z,3.67,3.6,223.5,451,1.1065
 1973-02-18T23:00:00.000Z,3.67,3.6,223.5,462.5,1.3256
 1973-02-19T00:00:00.000Z,3.67,3.6,223.5,479.2,0.7363
 1973-02-19T01:00:00.000Z,3.67,3.6,223.5,480.6,0.5846
 1973-02-19T02:00:00.000Z,3.67,3.6,223.6,499.7,0.4485
 1973-02-19T03:00:00.000Z,3.67,3.6,223.6,506.7,0.4508
 1973-02-19T04:00:00.000Z,3.67,3.6,223.5,491.5,0.5001
 1973-02-19T05:00:00.000Z,3.67,3.6,223.5,495.7,0.4306
 1973-02-19T06:00:00.000Z,3.67,3.6,223.5,495.9,0.3872
 1973-02-19T07:00:00.000Z,3.67,3.6,223.5,501.1,0.517
 1973-02-19T08:00:00.000Z,3.67,3.6,223.5,-1.00E+31,-1.00E+31
 1973-02-19T09:00:00.000Z,3.67,3.6,223.5,-1.00E+31,-1.00E+31
 1973-02-19T10:00:00.000Z,3.67,3.6,223.6,-1.00E+31,-1.00E+31
 1973-02-19T11:00:00.000Z,3.67,3.6,223.6,499.4,0.42
 1973-02-19T12:00:00.000Z,3.67,3.6,223.6,502,0.3785
 1973-02-19T13:00:00.000Z,3.67,3.6,223.6,501.8,0.4482
 1973-02-19T14:00:00.000Z,3.67,3.6,223.6,501.8,0.3644
 1973-02-19T15:00:00.000Z,3.67,3.6,223.5,497.5,0.3513
 1973-02-19T16:00:00.000Z,3.67,3.6,223.5,503.4,0.3587
 1973-02-19T17:00:00.000Z,3.67,3.6,223.5,495.7,0.3433
 1973-02-19T18:00:00.000Z,3.67,3.6,223.6,507.9,0.4642
 1973-02-19T19:00:00.000Z,3.67,3.6,223.6,500.2,0.522
 1973-02-19T20:00:00.000Z,3.67,3.6,223.6,503.2,0.4842
 1973-02-19T21:00:00.000Z,3.67,3.6,223.6,507.3,0.5662
 1973-02-19T22:00:00.000Z,3.67,3.6,223.6,507.2,0.3123
 1973-02-19T23:00:00.000Z,3.67,3.6,223.6,504.3,0.3504
 1973-02-20T00:00:00.000Z,3.67,3.6,223.6,511.3,0.2512
 1973-02-20T01:00:00.000Z,3.67,3.6,223.6,510.2,0.1684
 1973-02-20T02:00:00.000Z,3.68,3.6,223.6,-1.00E+31,-1.00E+31
 1973-02-20T03:00:00.000Z,3.68,3.6,223.6,-1.00E+31,-1.00E+31
 1973-02-20T04:00:00.000Z,3.68,3.6,223.6,509.2,0.3586
 1973-02-20T05:00:00.000Z,3.68,3.6,223.6,490.9,0.2127
 1973-02-20T06:00:00.000Z,3.68,3.6,223.6,487.4,0.21
 1973-02-20T07:00:00.000Z,3.68,3.6,223.6,500,0.1456
 1973-02-20T08:00:00.000Z,3.68,3.6,223.6,-1.00E+31,-1.00E+31
 1973-02-20T09:00:00.000Z,3.68,3.6,223.7,504,0.1447
 1973-02-20T10:00:00.000Z,3.68,3.6,223.7,500.9,0.1938
 1973-02-20T11:00:00.000Z,3.68,3.6,223.7,496.6,0.1508
 1973-02-20T12:00:00.000Z,3.68,3.6,223.7,501.6,0.0879
 1973-02-20T13:00:00.000Z,3.68,3.6,223.6,-1.00E+31,-1.00E+31
 1973-02-20T14:00:00.000Z,3.68,3.6,223.6,495.7,0.1442
 1973-02-20T15:00:00.000Z,3.68,3.6,223.6,-1.00E+31,-1.00E+31
 1973-02-20T16:00:00.000Z,3.68,3.6,223.6,489.7,0.1827
 1973-02-20T17:00:00.000Z,3.68,3.6,223.7,492.3,0.2083
 1973-02-20T18:00:00.000Z,3.68,3.6,223.7,488.7,0.1331
 1973-02-20T19:00:00.000Z,3.68,3.6,223.7,490.1,0.2073
 1973-02-20T20:00:00.000Z,3.68,3.6,223.7,490.1,0.1966
 1973-02-20T21:00:00.000Z,3.68,3.6,223.7,490.9,0.2192
 1973-02-20T22:00:00.000Z,3.68,3.6,223.7,485.3,0.1248
 1973-02-20T23:00:00.000Z,3.68,3.6,223.7,484.6,0.0834
 1973-02-21T00:00:00.000Z,3.68,3.6,223.7,470.8,0.0408
 1973-02-21T01:00:00.000Z,3.68,3.6,223.7,483.1,0.2008
 1973-02-21T02:00:00.000Z,3.68,3.6,223.7,491.9,0.175
 1973-02-21T03:00:00.000Z,3.68,3.6,223.7,486.1,0.2021
 1973-02-21T04:00:00.000Z,3.68,3.6,223.7,490.7,0.2293
 1973-02-21T05:00:00.000Z,3.68,3.6,223.7,490.7,0.2056
 1973-02-21T06:00:00.000Z,3.68,3.6,223.7,484.4,0.192
 1973-02-21T07:00:00.000Z,3.68,3.6,223.7,480.2,0.248
 1973-02-21T08:00:00.000Z,3.68,3.6,223.7,491,0.1714
 1973-02-21T09:00:00.000Z,3.68,3.6,223.8,479.9,0.1886
 1973-02-21T10:00:00.000Z,3.68,3.6,223.8,476.1,0.2468
 1973-02-21T11:00:00.000Z,3.68,3.6,223.8,485.8,0.2049
 1973-02-21T12:00:00.000Z,3.68,3.6,223.7,478,0.1698
 1973-02-21T13:00:00.000Z,3.68,3.6,223.7,476.1,0.1575
 1973-02-21T14:00:00.000Z,3.68,3.6,223.7,476.1,0.136
 1973-02-21T15:00:00.000Z,3.68,3.6,223.7,-1.00E+31,-1.00E+31
 1973-02-21T16:00:00.000Z,3.68,3.6,223.8,-1.00E+31,-1.00E+31
 1973-02-21T17:00:00.000Z,3.69,3.6,223.8,-1.00E+31,-1.00E+31
 1973-02-21T18:00:00.000Z,3.69,3.6,223.8,467.5,0.1245
 1973-02-21T19:00:00.000Z,3.69,3.6,223.8,-1.00E+31,-1.00E+31
 1973-02-21T20:00:00.000Z,3.69,3.6,223.8,468.9,0.1101
 1973-02-21T21:00:00.000Z,3.69,3.6,223.8,471.1,0.0973
 1973-02-21T22:00:00.000Z,3.69,3.6,223.8,471.1,0.0989
 1973-02-21T23:00:00.000Z,3.69,3.6,223.7,471.1,0.1795
 1973-02-22T00:00:00.000Z,3.69,3.6,223.8,467.4,0.2205
 1973-02-22T01:00:00.000Z,3.69,3.6,223.8,464.6,0.1779
 1973-02-22T02:00:00.000Z,3.69,3.6,223.8,-1.00E+31,-1.00E+31
 1973-02-22T03:00:00.000Z,3.69,3.6,223.8,-1.00E+31,-1.00E+31
 1973-02-22T04:00:00.000Z,3.69,3.6,223.8,452.9,0.1808
 1973-02-22T05:00:00.000Z,3.69,3.6,223.8,453.2,0.1519
 1973-02-22T06:00:00.000Z,3.69,3.6,223.8,-1.00E+31,-1.00E+31
 1973-02-22T07:00:00.000Z,3.69,3.6,223.8,-1.00E+31,-1.00E+31
 1973-02-22T08:00:00.000Z,3.69,3.6,223.9,-1.00E+31,-1.00E+31
 1973-02-22T09:00:00.000Z,3.69,3.6,223.9,452.7,0.194
 1973-02-22T10:00:00.000Z,3.69,3.6,223.8,454.5,0.186
 1973-02-22T11:00:00.000Z,3.69,3.6,223.8,439.8,0.2769
 1973-02-22T12:00:00.000Z,3.69,3.6,223.8,439.1,0.2119
 1973-02-22T13:00:00.000Z,3.69,3.6,223.8,445.4,0.2291
 1973-02-22T14:00:00.000Z,3.69,3.6,223.8,443.6,0.1504
 1973-02-22T15:00:00.000Z,3.69,3.6,223.8,443.6,0.16
 1973-02-22T16:00:00.000Z,3.69,3.6,223.9,443.6,0.1765
 1973-02-22T17:00:00.000Z,3.69,3.6,223.9,433.5,0.1903
 1973-02-22T18:00:00.000Z,3.69,3.6,223.9,433.5,0.1607
 1973-02-22T19:00:00.000Z,3.69,3.6,223.9,433.4,0.1445
 1973-02-22T20:00:00.000Z,3.69,3.6,223.9,435.5,0.1159
 1973-02-22T21:00:00.000Z,3.69,3.6,223.8,431.8,0.1602
 1973-02-22T22:00:00.000Z,3.69,3.6,223.8,429.3,0.1892
 1973-02-22T23:00:00.000Z,3.69,3.6,223.9,-1.00E+31,-1.00E+31
 1973-02-23T00:00:00.000Z,3.69,3.6,223.9,416,0.1947
 1973-02-23T01:00:00.000Z,3.69,3.6,223.9,-1.00E+31,-1.00E+31
 1973-02-23T02:00:00.000Z,3.69,3.6,223.9,-1.00E+31,-1.00E+31
 1973-02-23T03:00:00.000Z,3.69,3.6,223.9,429.3,0.1667
 1973-02-23T04:00:00.000Z,3.69,3.6,223.9,431.5,0.1988
 1973-02-23T05:00:00.000Z,3.69,3.6,223.9,427.7,0.2084
 1973-02-23T06:00:00.000Z,3.69,3.6,223.9,-1.00E+31,-1.00E+31
 1973-02-23T07:00:00.000Z,3.69,3.6,224,-1.00E+31,-1.00E+31
 1973-02-23T08:00:00.000Z,3.7,3.6,223.9,-1.00E+31,-1.00E+31
 1973-02-23T09:00:00.000Z,3.7,3.6,223.9,-1.00E+31,-1.00E+31
 1973-02-23T10:00:00.000Z,3.7,3.6,223.9,-1.00E+31,-1.00E+31
 1973-02-23T11:00:00.000Z,3.7,3.6,223.9,-1.00E+31,-1.00E+31
 1973-02-23T12:00:00.000Z,3.7,3.6,223.9,440.3,0.3107
 1973-02-23T13:00:00.000Z,3.7,3.6,223.9,-1.00E+31,-1.00E+31
 1973-02-23T14:00:00.000Z,3.7,3.6,223.9,432.5,0.243
 1973-02-23T15:00:00.000Z,3.7,3.6,224,429.2,0.3621
 1973-02-23T16:00:00.000Z,3.7,3.6,224,-1.00E+31,-1.00E+31
 1973-02-23T17:00:00.000Z,3.7,3.6,224,441.3,0.2827
 1973-02-23T18:00:00.000Z,3.7,3.6,224,441.9,0.3604
 1973-02-23T19:00:00.000Z,3.7,3.6,223.9,446.5,0.4034
 1973-02-23T20:00:00.000Z,3.7,3.6,223.9,444.7,0.4361
 1973-02-23T21:00:00.000Z,3.7,3.6,223.9,452.3,0.3814
 1973-02-23T22:00:00.000Z,3.7,3.6,223.9,456.4,0.3176
 1973-02-23T23:00:00.000Z,3.7,3.6,224,454.1,0.2812
 1973-02-24T00:00:00.000Z,3.7,3.6,224,448.6,0.3205
 1973-02-24T01:00:00.000Z,3.7,3.6,224,461.2,0.5471
 1973-02-24T02:00:00.000Z,3.7,3.6,224,-1.00E+31,-1.00E+31
 1973-02-24T03:00:00.000Z,3.7,3.6,224,-1.00E+31,-1.00E+31
 1973-02-24T04:00:00.000Z,3.7,3.6,224,-1.00E+31,-1.00E+31
 1973-02-24T05:00:00.000Z,3.7,3.6,224,452.2,0.3792
 1973-02-24T06:00:00.000Z,3.7,3.6,224,-1.00E+31,-1.00E+31
 1973-02-24T07:00:00.000Z,3.7,3.6,224,-1.00E+31,-1.00E+31
 1973-02-24T08:00:00.000Z,3.7,3.6,224,446.8,0.4849
 1973-02-24T09:00:00.000Z,3.7,3.6,224,445.6,0.7565
 1973-02-24T10:00:00.000Z,3.7,3.6,224,442.8,0.3788
 1973-02-24T11:00:00.000Z,3.7,3.6,224,456.4,0.4071
 1973-02-24T12:00:00.000Z,3.7,3.6,224,436.5,0.6738
 1973-02-24T13:00:00.000Z,3.7,3.6,224,-1.00E+31,-1.00E+31
 1973-02-24T14:00:00.000Z,3.7,3.6,224.1,-1.00E+31,-1.00E+31
 1973-02-24T15:00:00.000Z,3.7,3.6,224.1,-1.00E+31,-1.00E+31
 1973-02-24T16:00:00.000Z,3.7,3.6,224.1,-1.00E+31,-1.00E+31
 1973-02-24T17:00:00.000Z,3.7,3.6,224.1,-1.00E+31,-1.00E+31
 1973-02-24T18:00:00.000Z,3.7,3.6,224,-1.00E+31,-1.00E+31
 1973-02-24T19:00:00.000Z,3.7,3.6,224,417.7,0.4028
 1973-02-24T20:00:00.000Z,3.7,3.6,224,415.8,0.41
 1973-02-24T21:00:00.000Z,3.7,3.6,224,411.8,0.2301
 1973-02-24T22:00:00.000Z,3.7,3.6,224.1,418.9,0.2199
 1973-02-24T23:00:00.000Z,3.7,3.6,224.1,-1.00E+31,-1.00E+31
 1973-02-25T00:00:00.000Z,3.71,3.6,224.1,414.2,0.2702
 1973-02-25T01:00:00.000Z,3.71,3.6,224.1,408.4,0.1732
 1973-02-25T02:00:00.000Z,3.71,3.6,224.1,418.3,0.1318
 1973-02-25T03:00:00.000Z,3.71,3.6,224.1,409.2,0.4656
 1973-02-25T04:00:00.000Z,3.71,3.6,224.1,410.4,0.4769
 1973-02-25T05:00:00.000Z,3.71,3.6,224,-1.00E+31,-1.00E+31
 1973-02-25T06:00:00.000Z,3.71,3.6,224.1,410.2,0.4434
 1973-02-25T07:00:00.000Z,3.71,3.6,224.1,413.9,0.3449
 1973-02-25T08:00:00.000Z,3.71,3.6,224.1,412.3,0.3898
 1973-02-25T09:00:00.000Z,3.71,3.6,224.1,-1.00E+31,-1.00E+31
 1973-02-25T10:00:00.000Z,3.71,3.6,224.1,-1.00E+31,-1.00E+31
 1973-02-25T11:00:00.000Z,3.71,3.6,224.1,417,0.2145
 1973-02-25T12:00:00.000Z,3.71,3.6,224.1,412.2,0.2426
 1973-02-25T13:00:00.000Z,3.71,3.6,224.2,412.4,0.2543
 1973-02-25T14:00:00.000Z,3.71,3.6,224.2,411.5,0.2271
 1973-02-25T15:00:00.000Z,3.71,3.6,224.2,409.6,0.2297
 1973-02-25T16:00:00.000Z,3.71,3.6,224.1,407,0.2307
 1973-02-25T17:00:00.000Z,3.71,3.6,224.1,410.1,0.1869
 1973-02-25T18:00:00.000Z,3.71,3.6,224.1,414.8,0.2006
 1973-02-25T19:00:00.000Z,3.71,3.6,224.1,409.6,0.3272
 1973-02-25T20:00:00.000Z,3.71,3.6,224.1,413.3,0.208
 1973-02-25T21:00:00.000Z,3.71,3.6,224.2,404.3,0.1546
 1973-02-25T22:00:00.000Z,3.71,3.6,224.2,406.4,0.1251
 1973-02-25T23:00:00.000Z,3.71,3.6,224.2,407.8,0.1504
 1973-02-26T00:00:00.000Z,3.71,3.6,224.2,-1.00E+31,-1.00E+31
 1973-02-26T01:00:00.000Z,3.71,3.6,224.2,-1.00E+31,-1.00E+31
 1973-02-26T02:00:00.000Z,3.71,3.6,224.2,-1.00E+31,-1.00E+31
 1973-02-26T03:00:00.000Z,3.71,3.6,224.1,413.5,0.2043
 1973-02-26T04:00:00.000Z,3.71,3.6,224.1,409.7,0.2058
 1973-02-26T05:00:00.000Z,3.71,3.6,224.2,-1.00E+31,-1.00E+31
 1973-02-26T06:00:00.000Z,3.71,3.6,224.2,-1.00E+31,-1.00E+31
 1973-02-26T07:00:00.000Z,3.71,3.6,224.2,406.6,0.176
 1973-02-26T08:00:00.000Z,3.71,3.6,224.2,404.1,0.166
 1973-02-26T09:00:00.000Z,3.71,3.6,224.2,404.2,0.1493
 1973-02-26T10:00:00.000Z,3.71,3.6,224.2,396.9,0.1976
 1973-02-26T11:00:00.000Z,3.71,3.6,224.2,399,0.1745
 1973-02-26T12:00:00.000Z,3.71,3.6,224.2,394.2,0.1375
 1973-02-26T13:00:00.000Z,3.71,3.6,224.3,394.5,0.2595
 1973-02-26T14:00:00.000Z,3.71,3.6,224.2,394,0.1913
 1973-02-26T15:00:00.000Z,3.72,3.6,224.2,396.2,0.1929
 1973-02-26T16:00:00.000Z,3.72,3.6,224.2,390.3,0.135
 1973-02-26T17:00:00.000Z,3.72,3.6,224.2,-1.00E+31,-1.00E+31
 1973-02-26T18:00:00.000Z,3.72,3.6,224.2,-1.00E+31,-1.00E+31
 1973-02-26T19:00:00.000Z,3.72,3.6,224.2,-1.00E+31,-1.00E+31
 1973-02-26T20:00:00.000Z,3.72,3.6,224.2,-1.00E+31,-1.00E+31
 1973-02-26T21:00:00.000Z,3.72,3.6,224.3,-1.00E+31,-1.00E+31
 1973-02-26T22:00:00.000Z,3.72,3.6,224.3,-1.00E+31,-1.00E+31
 1973-02-26T23:00:00.000Z,3.72,3.6,224.3,-1.00E+31,-1.00E+31
 1973-02-27T00:00:00.000Z,3.72,3.6,224.3,-1.00E+31,-1.00E+31
 1973-02-27T01:00:00.000Z,3.72,3.6,224.2,-1.00E+31,-1.00E+31
 1973-02-27T02:00:00.000Z,3.72,3.6,224.2,-1.00E+31,-1.00E+31
 1973-02-27T03:00:00.000Z,3.72,3.6,224.2,-1.00E+31,-1.00E+31
 1973-02-27T04:00:00.000Z,3.72,3.7,224.3,380.6,0.2744
 1973-02-27T05:00:00.000Z,3.72,3.7,224.3,-1.00E+31,-1.00E+31
 1973-02-27T06:00:00.000Z,3.72,3.7,224.3,-1.00E+31,-1.00E+31
 1973-02-27T07:00:00.000Z,3.72,3.7,224.3,377.5,0.2444
 1973-02-27T08:00:00.000Z,3.72,3.7,224.3,-1.00E+31,-1.00E+31
 1973-02-27T09:00:00.000Z,3.72,3.7,224.3,378.9,0.4286
 1973-02-27T10:00:00.000Z,3.72,3.7,224.3,386.4,0.3153
 1973-02-27T11:00:00.000Z,3.72,3.7,224.3,451.7,1.9746
 1973-02-27T12:00:00.000Z,3.72,3.7,224.3,466.2,2.8104
 1973-02-27T13:00:00.000Z,3.72,3.7,224.3,464.4,2.924
 1973-02-27T14:00:00.000Z,3.72,3.7,224.3,465.5,2.5072
 1973-02-27T15:00:00.000Z,3.72,3.7,224.3,465.4,1.1818
 1973-02-27T16:00:00.000Z,3.72,3.7,224.3,466.9,0.7639
 1973-02-27T17:00:00.000Z,3.72,3.7,224.3,473.4,0.9616
 1973-02-27T18:00:00.000Z,3.72,3.7,224.3,477.9,1.3499
 1973-02-27T19:00:00.000Z,3.72,3.7,224.3,472.3,1.1211
 1973-02-27T20:00:00.000Z,3.72,3.7,224.4,488,1.2469
 1973-02-27T21:00:00.000Z,3.72,3.7,224.4,476.7,1.6566
 1973-02-27T22:00:00.000Z,3.72,3.7,224.4,474.5,1.6282
 1973-02-27T23:00:00.000Z,3.72,3.7,224.4,481.8,1.5009
 1973-02-28T00:00:00.000Z,3.72,3.7,224.3,491.9,1.4844
 1973-02-28T01:00:00.000Z,3.72,3.7,224.3,483,1.6247
 1973-02-28T02:00:00.000Z,3.72,3.7,224.3,-1.00E+31,-1.00E+31
 1973-02-28T03:00:00.000Z,3.72,3.7,224.3,-1.00E+31,-1.00E+31
 1973-02-28T04:00:00.000Z,3.72,3.7,224.4,481,0.9813
 1973-02-28T05:00:00.000Z,3.72,3.7,224.4,-1.00E+31,-1.00E+31
 1973-02-28T06:00:00.000Z,3.72,3.7,224.4,461.9,1.4497
 1973-02-28T07:00:00.000Z,3.73,3.7,224.4,469.9,1.2537
 1973-02-28T08:00:00.000Z,3.73,3.7,224.4,470.3,0.9146
 1973-02-28T09:00:00.000Z,3.73,3.7,224.4,473.5,0.9161
 1973-02-28T10:00:00.000Z,3.73,3.7,224.4,475.3,0.7067
 1973-02-28T11:00:00.000Z,3.73,3.7,224.3,497.9,0.492
 1973-02-28T12:00:00.000Z,3.73,3.7,224.4,525.5,0.5468
 1973-02-28T13:00:00.000Z,3.73,3.7,224.4,527.4,0.5726
 1973-02-28T14:00:00.000Z,3.73,3.7,224.4,526.5,0.5047
 1973-02-28T15:00:00.000Z,3.73,3.7,224.4,527,0.5587
 1973-02-28T16:00:00.000Z,3.73,3.7,224.4,518.4,0.7239
 1973-02-28T17:00:00.000Z,3.73,3.7,224.4,505.1,0.7468
 1973-02-28T18:00:00.000Z,3.73,3.7,224.4,495.7,0.7562
 1973-02-28T19:00:00.000Z,3.73,3.7,224.5,513.3,0.7035
 1973-02-28T20:00:00.000Z,3.73,3.7,224.5,509.3,0.5935
 1973-02-28T21:00:00.000Z,3.73,3.7,224.5,499.9,0.6232
 1973-02-28T22:00:00.000Z,3.73,3.7,224.4,490.9,0.5481
 1973-02-28T23:00:00.000Z,3.73,3.7,224.4,489.7,0.5086
 1973-03-01T00:00:00.000Z,3.73,3.7,224.4,492.2,0.4064
